feature	metadata	value	coef	stderr	N	N.not.0	pval	qval
PWY.4041...gamma..glutamyl.cycle.g__Streptococcus.s__Streptococcus_salivarius	Diagnosis	IPF	3.84095781438607	0.927198576339814	19	16	0.000681106173329976	0.151038985011763
PWY.7977..L.methionine.biosynthesis.IV.g__Odoribacter.s__Odoribacter_splanchnicus	Diagnosis	IPF	-2.17324866483215	0.517480865539256	19	12	0.000602052325593994	0.151038985011763
PWY.822..fructan.biosynthesis.g__Streptococcus.s__Streptococcus_salivarius	Diagnosis	IPF	3.5118360503686	0.785599758591668	19	15	0.000336495455361062	0.151038985011763
PWY0.1297..superpathway.of.purine.deoxyribonucleosides.degradation.g__Streptococcus.s__Streptococcus_salivarius	Diagnosis	IPF	4.03322667333624	0.99219485827894	19	16	0.000805541253396072	0.151038985011763
PWY.5981..CDP.diacylglycerol.biosynthesis.III.g__Streptococcus.s__Streptococcus_salivarius	Diagnosis	IPF	3.59355054565002	0.927077787093121	19	17	0.0012126955854797	0.16211737842238
PWY.6936..seleno.amino.acid.biosynthesis..plants..g__Streptococcus.s__Streptococcus_salivarius	Diagnosis	IPF	3.42443270972708	0.917225686986269	19	16	0.00165321768143624	0.16211737842238
PWY.702..L.methionine.biosynthesis.II.g__Streptococcus.s__Streptococcus_salivarius	Diagnosis	IPF	3.20024305560029	0.874738372324818	19	17	0.00194540854106856	0.16211737842238
PWY.I9..L.cysteine.biosynthesis.VI..from.L.methionine..g__Streptococcus.s__Streptococcus_salivarius	Diagnosis	IPF	3.37680770206293	0.886089023914209	19	16	0.00139734720824614	0.16211737842238
PWY66.409..superpathway.of.purine.nucleotide.salvage.g__Streptococcus.s__Streptococcus_salivarius	Diagnosis	IPF	2.95794323898069	0.798969198937018	19	15	0.00176936377521742	0.16211737842238
PWY.2941..L.lysine.biosynthesis.II.g__Streptococcus.s__Streptococcus_salivarius	Diagnosis	IPF	2.75989287473977	0.786364194864014	19	15	0.00268700677420218	0.183205007331967
PWY.7234..inosine.5..phosphate.biosynthesis.III.g__Streptococcus.s__Streptococcus_salivarius	Diagnosis	IPF	3.76459892363673	1.07040418613937	19	18	0.00264480478068309	0.183205007331967
UDPNAGSYN.PWY..UDP.N.acetyl.D.glucosamine.biosynthesis.I.g__Streptococcus.s__Streptococcus_salivarius	Diagnosis	IPF	2.72287878576992	0.7942621771566	19	14	0.00320605532463216	0.20037845778951
P125.PWY..superpathway.of..R.R..butanediol.biosynthesis.g__Streptococcus.s__Streptococcus_parasanguinis	Diagnosis	IPF	2.61663043187141	0.791989721468919	19	13	0.00419490966667887	0.242014019231473
PWY.6628..superpathway.of.L.phenylalanine.biosynthesis.g__Streptococcus.s__Streptococcus_salivarius	Diagnosis	IPF	2.55335985159901	0.802496210132942	19	15	0.00545738721646602	0.272869360823301
PWY.7434..terminal.O.glycans.residues.modification..via.type.2.precursor.disaccharide..g__Streptococcus.s__Streptococcus_parasanguinis	Diagnosis	IPF	2.34282912973081	0.734993787162758	19	13	0.00539000108571322	0.272869360823301
PWY.7234..inosine.5..phosphate.biosynthesis.III.g__Streptococcus.s__Streptococcus_vestibularis	Diagnosis	IPF	1.05146792210439	0.353853339683196	19	5	0.00855925201988956	0.401214938432323
PWY.6630..superpathway.of.L.tyrosine.biosynthesis.g__Streptococcus.s__Streptococcus_salivarius	Diagnosis	IPF	2.41219754228535	0.825282962687845	19	15	0.00949082256983145	0.41871276043374
PWY.5097..L.lysine.biosynthesis.VI.g__Blautia.s__Ruminococcus_torques	Diagnosis	IPF	2.07195526762087	0.735625282840036	19	16	0.0118829231895914	0.445609619609676
PWY.7117..C4.photosynthetic.carbon.assimilation.cycle..PEPCK.type.unclassified	Diagnosis	IPF	1.63482374942659	0.57636171083959	19	18	0.0113954926427238	0.445609619609676
PWY0.1297..superpathway.of.purine.deoxyribonucleosides.degradation.g__Streptococcus.s__Streptococcus_parasanguinis	Diagnosis	IPF	2.25076187545094	0.792812122626044	19	12	0.0113354002852293	0.445609619609676
P125.PWY..superpathway.of..R.R..butanediol.biosynthesis.g__Streptococcus.s__Streptococcus_salivarius	Diagnosis	IPF	3.51638968239199	1.2789215384507	19	15	0.0136824453637923	0.446874865651984
PWY.241..C4.photosynthetic.carbon.assimilation.cycle..NADP.ME.type.unclassified	Diagnosis	IPF	1.6680216990625	0.600082484046168	19	18	0.0128432941098558	0.446874865651984
PWY.702..L.methionine.biosynthesis.II.g__Streptococcus.s__Streptococcus_vestibularis	Diagnosis	IPF	1.09950817193118	0.40000451755631	19	5	0.0137041625466609	0.446874865651984
PANTO.PWY..phosphopantothenate.biosynthesis.I.g__Blautia.s__Ruminococcus_torques	Diagnosis	IPF	1.52872651807897	0.56904073663415	19	16	0.0156085912990865	0.477000843898013
PWY.6936..seleno.amino.acid.biosynthesis..plants..g__Streptococcus.s__Streptococcus_vestibularis	Diagnosis	IPF	1.96831837699577	0.742862751176521	19	5	0.01685325998892	0.477000843898013
PWY0.1297..superpathway.of.purine.deoxyribonucleosides.degradation.g__Streptococcus.s__Streptococcus_vestibularis	Diagnosis	IPF	1.06488454686685	0.397730838258153	19	5	0.0159073646414002	0.477000843898013
UDPNAGSYN.PWY..UDP.N.acetyl.D.glucosamine.biosynthesis.I.g__Bilophila.s__Bilophila_wadsworthia	Diagnosis	IPF	-0.964806369547633	0.367813079738026	19	5	0.0178080315055258	0.477000843898013
UDPNAGSYN.PWY..UDP.N.acetyl.D.glucosamine.biosynthesis.I.g__Streptococcus.s__Streptococcus_vestibularis	Diagnosis	IPF	0.961957928581119	0.36629760683365	19	5	0.0176948239232033	0.477000843898013
PWY.5981..CDP.diacylglycerol.biosynthesis.III.g__Streptococcus.s__Streptococcus_vestibularis	Diagnosis	IPF	1.03653200094341	0.403540732460878	19	5	0.0199317037580237	0.50761418310439
UDPNAGSYN.PWY..UDP.N.acetyl.D.glucosamine.biosynthesis.I.g__Veillonella.s__Veillonella_parvula	Diagnosis	IPF	2.60952947132619	1.01950698051686	19	5	0.0203045673241756	0.50761418310439
HEMESYN2.PWY..heme.b.biosynthesis.II..oxygen.independent..g__Veillonella.s__Veillonella_parvula	Diagnosis	IPF	1.05054128330756	0.44723546124723	19	4	0.031174568099326	0.529662003384263
LACTOSECAT.PWY..lactose.and.galactose.degradation.I.g__Streptococcus.s__Streptococcus_anginosus_group	Diagnosis	IPF	0.852915046497135	0.356461630514273	19	4	0.0285431780816932	0.529662003384263
PANTO.PWY..phosphopantothenate.biosynthesis.I.g__Intestinibacter.s__Intestinibacter_bartlettii	Diagnosis	IPF	1.04937193747448	0.46064013465715	19	5	0.0359232086161872	0.529662003384263
PANTO.PWY..phosphopantothenate.biosynthesis.I.g__Roseburia.s__Roseburia_hominis	Diagnosis	IPF	-1.87090162106555	0.743058896090322	19	12	0.0221243451303177	0.529662003384263
PWY.4041...gamma..glutamyl.cycle.g__Streptococcus.s__Streptococcus_vestibularis	Diagnosis	IPF	0.662300607102849	0.287550455972397	19	4	0.0341646057410961	0.529662003384263
PWY.5097..L.lysine.biosynthesis.VI.g__Dorea.s__Dorea_formicigenerans	Diagnosis	IPF	-1.50330477120576	0.651340737289204	19	9	0.0338408636598985	0.529662003384263
PWY.5097..L.lysine.biosynthesis.VI.g__Roseburia.s__Roseburia_hominis	Diagnosis	IPF	-1.92287980637632	0.766971579873825	19	9	0.022616300997886	0.529662003384263
PWY.5367..petroselinate.biosynthesis.g__Blautia.s__Ruminococcus_torques	Diagnosis	IPF	1.63608277173741	0.670551477331987	19	16	0.0259402324879536	0.529662003384263
PWY.5981..CDP.diacylglycerol.biosynthesis.III.unclassified	Diagnosis	IPF	2.14987817279957	0.944269801959188	19	13	0.0360170162301299	0.529662003384263
PWY.6628..superpathway.of.L.phenylalanine.biosynthesis.g__Streptococcus.s__Streptococcus_parasanguinis	Diagnosis	IPF	1.48748326731356	0.646547938647122	19	10	0.034342149356971	0.529662003384263
PWY.6897..thiamine.diphosphate.salvage.II.g__Dialister.s__Dialister_invisus	Diagnosis	IPF	-0.488189385038223	0.213630972843883	19	4	0.0354170879774041	0.529662003384263
PWY.6936..seleno.amino.acid.biosynthesis..plants..g__Streptococcus.s__Streptococcus_parasanguinis	Diagnosis	IPF	2.24991347828408	0.955234004169338	19	12	0.0307768825551509	0.529662003384263
PWY.6936..seleno.amino.acid.biosynthesis..plants..g__Veillonella.s__Veillonella_atypica	Diagnosis	IPF	1.04058779783244	0.446265587981201	19	4	0.0322695687515953	0.529662003384263
PWY.6936..seleno.amino.acid.biosynthesis..plants..g__Veillonella.s__Veillonella_parvula	Diagnosis	IPF	0.706548824130689	0.28786501947291	19	4	0.0251842568487635	0.529662003384263
PWY.702..L.methionine.biosynthesis.II.g__Veillonella.s__Veillonella_parvula	Diagnosis	IPF	0.692419986029573	0.29109213605544	19	4	0.0293632454183113	0.529662003384263
PWY.7237..myo...chiro..and.scyllo.inositol.degradation.unclassified	Diagnosis	IPF	-0.874804326914252	0.364409700329678	19	19	0.028091997083846	0.529662003384263
PWY.7977..L.methionine.biosynthesis.IV.g__Ruminococcaceae_unclassified.s__Eubacterium_siraeum	Diagnosis	IPF	-2.39968195369668	1.04149167710362	19	7	0.034107903537203	0.529662003384263
PWY.7977..L.methionine.biosynthesis.IV.unclassified	Diagnosis	IPF	-0.631005110444073	0.253473289035038	19	19	0.0234491471779556	0.529662003384263
PWY.I9..L.cysteine.biosynthesis.VI..from.L.methionine..g__Streptococcus.s__Streptococcus_vestibularis	Diagnosis	IPF	1.28233099304993	0.555184524017536	19	4	0.0337245605499742	0.529662003384263
PYRIDNUCSYN.PWY..NAD.de.novo.biosynthesis.I..from.aspartate..g__Dorea.s__Dorea_longicatena	Diagnosis	IPF	-1.22789087224062	0.501165604932776	19	9	0.0254095240404427	0.529662003384263
UDPNAGSYN.PWY..UDP.N.acetyl.D.glucosamine.biosynthesis.I.g__Firmicutes_unclassified.s__Firmicutes_bacterium_CAG_129	Diagnosis	IPF	-1.65432715389412	0.710343958376826	19	10	0.0324549667314101	0.529662003384263
ASPASN.PWY..superpathway.of.L.aspartate.and.L.asparagine.biosynthesis.g__Streptococcus.s__Streptococcus_parasanguinis	Diagnosis	IPF	2.14157504954126	0.953304750193507	19	13	0.038249285858292	0.541263479126773
PWY.7357..thiamine.phosphate.formation.from.pyrithiamine.and.oxythiamine..yeast..g__Dialister.s__Dialister_invisus	Diagnosis	IPF	-0.481505070081686	0.213997771570313	19	4	0.0379794818084929	0.541263479126773
PWY66.409..superpathway.of.purine.nucleotide.salvage.g__Streptococcus.s__Streptococcus_vestibularis	Diagnosis	IPF	0.899009713967153	0.402516554772996	19	4	0.0392463222738552	0.5450878093591
PWY.5097..L.lysine.biosynthesis.VI.g__Bilophila.s__Bilophila_wadsworthia	Diagnosis	IPF	-0.636856260020116	0.288598015603165	19	4	0.0413734354774555	0.561029652328177
UDPNAGSYN.PWY..UDP.N.acetyl.D.glucosamine.biosynthesis.I.g__Dialister.s__Dialister_invisus	Diagnosis	IPF	-0.616578026043689	0.280209528999477	19	4	0.0418902140405039	0.561029652328177
LACTOSECAT.PWY..lactose.and.galactose.degradation.I.g__Streptococcus.s__Streptococcus_parasanguinis	Diagnosis	IPF	1.86443784093647	0.858161220885686	19	14	0.0442417455218554	0.572091536920544
PWY.2941..L.lysine.biosynthesis.II.g__Streptococcus.s__Streptococcus_vestibularis	Diagnosis	IPF	1.14667124582761	0.52662955112686	19	4	0.04382918671243	0.572091536920544
ASPASN.PWY..superpathway.of.L.aspartate.and.L.asparagine.biosynthesis.g__Odoribacter.s__Odoribacter_splanchnicus	Diagnosis	IPF	-1.07894324110551	0.517951973890476	19	14	0.0526524131943314	0.57230883906882
ASPASN.PWY..superpathway.of.L.aspartate.and.L.asparagine.biosynthesis.unclassified	Diagnosis	IPF	-1.0773745191811	0.508509735245345	19	19	0.0491464210617925	0.57230883906882
HEMESYN2.PWY..heme.b.biosynthesis.II..oxygen.independent..unclassified	Diagnosis	IPF	0.92855214383385	0.444959556854236	19	16	0.0522747578610537	0.57230883906882
PANTO.PWY..phosphopantothenate.biosynthesis.I.g__Odoribacter.s__Odoribacter_splanchnicus	Diagnosis	IPF	-1.14072917515758	0.536217600245027	19	14	0.0483251687396408	0.57230883906882
PWY.5097..L.lysine.biosynthesis.VI.g__Dialister.s__Dialister_invisus	Diagnosis	IPF	-1.04711131481191	0.500024044909527	19	4	0.0515426703850369	0.57230883906882
PWY.5097..L.lysine.biosynthesis.VI.g__Ruminococcaceae_unclassified.s__Eubacterium_siraeum	Diagnosis	IPF	-2.06242947822534	0.980634784046533	19	6	0.0506492545597754	0.57230883906882
PWY.6897..thiamine.diphosphate.salvage.II.g__Agathobaculum.s__Agathobaculum_butyriciproducens	Diagnosis	IPF	-0.795559966403781	0.371171825389647	19	6	0.0468418431932746	0.57230883906882
PWY.7234..inosine.5..phosphate.biosynthesis.III.g__Streptococcus.s__Streptococcus_parasanguinis	Diagnosis	IPF	2.52375408853571	1.20237616278291	19	13	0.0510613243123202	0.57230883906882
PWY.7357..thiamine.phosphate.formation.from.pyrithiamine.and.oxythiamine..yeast..g__Asaccharobacter.s__Asaccharobacter_celatus	Diagnosis	IPF	-0.7000183180603	0.324720716143828	19	4	0.0457235539657879	0.57230883906882
PWY.7357..thiamine.phosphate.formation.from.pyrithiamine.and.oxythiamine..yeast..g__Ruminococcaceae_unclassified.s__Eubacterium_siraeum	Diagnosis	IPF	-2.20259767398247	1.04728344582145	19	9	0.0506496706411295	0.57230883906882
UDPNAGSYN.PWY..UDP.N.acetyl.D.glucosamine.biosynthesis.I.g__Streptococcus.s__Streptococcus_parasanguinis	Diagnosis	IPF	1.80161272041953	0.839482612156381	19	13	0.0465935772213522	0.57230883906882
PWY.6897..thiamine.diphosphate.salvage.II.g__Bacteroides.s__Bacteroides_xylanisolvens	Diagnosis	IPF	-1.67321201980107	0.807892808485949	19	5	0.0538861774195592	0.577351900923849
PWY.7357..thiamine.phosphate.formation.from.pyrithiamine.and.oxythiamine..yeast..g__Roseburia.s__Roseburia_hominis	Diagnosis	IPF	-1.48487761606139	0.721567409335284	19	12	0.0552754107296372	0.583895183763773
ANAEROFRUCAT.PWY..homolactic.fermentation.g__Klebsiella.s__Klebsiella_pneumoniae	Diagnosis	IPF	0.571290917512956	0.434686572997377	19	2	0.206216676256365	0.603151949208552
ASPASN.PWY..superpathway.of.L.aspartate.and.L.asparagine.biosynthesis.g__Bacteroides.s__Bacteroides_fragilis	Diagnosis	IPF	-1.69771632553786	1.04416257692794	19	6	0.122361269957538	0.603151949208552
ASPASN.PWY..superpathway.of.L.aspartate.and.L.asparagine.biosynthesis.g__Butyricimonas.s__Butyricimonas_virosa	Diagnosis	IPF	-0.208173660064794	0.146860468145385	19	2	0.174407079487817	0.603151949208552
ASPASN.PWY..superpathway.of.L.aspartate.and.L.asparagine.biosynthesis.g__Haemophilus.s__Haemophilus_parainfluenzae	Diagnosis	IPF	1.66932992267551	0.970698880150661	19	5	0.103635190274918	0.603151949208552
ASPASN.PWY..superpathway.of.L.aspartate.and.L.asparagine.biosynthesis.g__Prevotella.s__Prevotella_copri	Diagnosis	IPF	-1.35177543659174	0.87088289370239	19	3	0.139033876177802	0.603151949208552
ASPASN.PWY..superpathway.of.L.aspartate.and.L.asparagine.biosynthesis.g__Streptococcus.s__Streptococcus_infantis	Diagnosis	IPF	0.263583929369623	0.167445496929072	19	2	0.133878838222319	0.603151949208552
ASPASN.PWY..superpathway.of.L.aspartate.and.L.asparagine.biosynthesis.g__Streptococcus.s__Streptococcus_salivarius	Diagnosis	IPF	0.437692995887742	0.31351247740593	19	2	0.180651827288483	0.603151949208552
FOLSYN.PWY..superpathway.of.tetrahydrofolate.biosynthesis.and.salvage.unclassified	Diagnosis	IPF	0.779266643488863	0.563159240769324	19	8	0.184338508645395	0.603151949208552
GLYCOLYSIS..glycolysis.I..from.glucose.6.phosphate..g__Bacteroides.s__Bacteroides_fragilis	Diagnosis	IPF	-1.22587512184254	0.654640760291684	19	5	0.0784279342408025	0.603151949208552
GLYCOLYSIS..glycolysis.I..from.glucose.6.phosphate..g__Haemophilus.s__Haemophilus_parainfluenzae	Diagnosis	IPF	1.18934845484674	0.813790182233314	19	3	0.162118735799944	0.603151949208552
GLYCOLYSIS..glycolysis.I..from.glucose.6.phosphate..g__Klebsiella.s__Klebsiella_pneumoniae	Diagnosis	IPF	0.49475461889996	0.364840262454168	19	2	0.192812086763817	0.603151949208552
GLYCOLYSIS..glycolysis.I..from.glucose.6.phosphate..g__Streptococcus.s__Streptococcus_salivarius	Diagnosis	IPF	1.12517004052683	0.589404858203656	19	4	0.0732911647083812	0.603151949208552
HEMESYN2.PWY..heme.b.biosynthesis.II..oxygen.independent..g__Haemophilus.s__Haemophilus_parainfluenzae	Diagnosis	IPF	1.60151681582705	0.908680352825089	19	5	0.0959591198923555	0.603151949208552
HEMESYN2.PWY..heme.b.biosynthesis.II..oxygen.independent..g__Parasutterella.s__Parasutterella_excrementihominis	Diagnosis	IPF	-0.286401888907699	0.213026455111841	19	2	0.196471499816895	0.603151949208552
HEMESYN2.PWY..heme.b.biosynthesis.II..oxygen.independent..g__Veillonella.s__Veillonella_atypica	Diagnosis	IPF	1.066393685599	0.71212910343927	19	5	0.152607473316386	0.603151949208552
HEMESYN2.PWY..heme.b.biosynthesis.II..oxygen.independent..g__Veillonella.s__Veillonella_dispar	Diagnosis	IPF	0.480382472160038	0.351838205237834	19	2	0.189939213398687	0.603151949208552
LACTOSECAT.PWY..lactose.and.galactose.degradation.I.g__Streptococcus.s__Streptococcus_gordonii	Diagnosis	IPF	0.930888015667139	0.503991988638695	19	3	0.0822236124499159	0.603151949208552
LACTOSECAT.PWY..lactose.and.galactose.degradation.I.g__Streptococcus.s__Streptococcus_infantis	Diagnosis	IPF	0.331260253927716	0.221144119357277	19	2	0.152487403869692	0.603151949208552
LACTOSECAT.PWY..lactose.and.galactose.degradation.I.g__Streptococcus.s__Streptococcus_mutans	Diagnosis	IPF	1.44173735276437	0.807368459531327	19	4	0.0919940863202336	0.603151949208552
OANTIGEN.PWY..O.antigen.building.blocks.biosynthesis..E..coli..g__Bifidobacterium.s__Bifidobacterium_longum	Diagnosis	IPF	-0.738856576288843	0.463478500606355	19	3	0.129322917017884	0.603151949208552
OANTIGEN.PWY..O.antigen.building.blocks.biosynthesis..E..coli..g__Lactobacillus.s__Lactobacillus_johnsonii	Diagnosis	IPF	0.627677485080736	0.48661670887937	19	2	0.214363850486183	0.603151949208552
OANTIGEN.PWY..O.antigen.building.blocks.biosynthesis..E..coli..g__Lactobacillus.s__Lactobacillus_reuteri	Diagnosis	IPF	0.494773923008977	0.364857755128137	19	2	0.192815863661269	0.603151949208552
OANTIGEN.PWY..O.antigen.building.blocks.biosynthesis..E..coli..g__Ruminococcus.s__Ruminococcus_sp_CAG_177	Diagnosis	IPF	-0.848363914382404	0.523342795876412	19	3	0.123406336539842	0.603151949208552
OANTIGEN.PWY..O.antigen.building.blocks.biosynthesis..E..coli..g__Streptococcus.s__Streptococcus_parasanguinis	Diagnosis	IPF	1.46577905284696	0.910517991091614	19	12	0.125845850534907	0.603151949208552
P125.PWY..superpathway.of..R.R..butanediol.biosynthesis.g__Streptococcus.s__Streptococcus_gordonii	Diagnosis	IPF	0.27482083075458	0.175885273170045	19	2	0.136592808476889	0.603151949208552
PANTO.PWY..phosphopantothenate.biosynthesis.I.g__Akkermansia.s__Akkermansia_muciniphila	Diagnosis	IPF	-0.993256616944853	0.649782999195068	19	7	0.144757173651857	0.603151949208552
PANTO.PWY..phosphopantothenate.biosynthesis.I.g__Alistipes.s__Alistipes_inops	Diagnosis	IPF	-1.03512408659157	0.814113523953954	19	6	0.220681249885823	0.603151949208552
PANTO.PWY..phosphopantothenate.biosynthesis.I.g__Bacteroides.s__Bacteroides_faecis	Diagnosis	IPF	0.830709901275854	0.594951810378999	19	3	0.180601559668331	0.603151949208552
PANTO.PWY..phosphopantothenate.biosynthesis.I.g__Bacteroides.s__Bacteroides_fragilis	Diagnosis	IPF	-1.33270713390739	0.925342834596137	19	7	0.167965142979106	0.603151949208552
PANTO.PWY..phosphopantothenate.biosynthesis.I.g__Bilophila.s__Bilophila_wadsworthia	Diagnosis	IPF	-0.777511139793899	0.49902370048421	19	6	0.137638561885185	0.603151949208552
PANTO.PWY..phosphopantothenate.biosynthesis.I.g__Blautia.s__Blautia_sp	Diagnosis	IPF	0.770013464057726	0.587247714079517	19	5	0.207217445269211	0.603151949208552
PANTO.PWY..phosphopantothenate.biosynthesis.I.g__Eggerthella.s__Eggerthella_sp_CAG_298	Diagnosis	IPF	-0.267842107720951	0.196196453415151	19	2	0.189993919771427	0.603151949208552
PANTO.PWY..phosphopantothenate.biosynthesis.I.g__Eubacterium.s__Eubacterium_ramulus	Diagnosis	IPF	0.236091062359684	0.147988240608445	19	2	0.129057998376357	0.603151949208552
PANTO.PWY..phosphopantothenate.biosynthesis.I.g__Eubacterium.s__Eubacterium_sp_CAG_161	Diagnosis	IPF	0.466100577883377	0.294198017321199	19	4	0.131548314222955	0.603151949208552
PANTO.PWY..phosphopantothenate.biosynthesis.I.g__Monoglobus.s__Monoglobus_pectinilyticus	Diagnosis	IPF	-0.229578686197784	0.163475323120511	19	2	0.178217641411656	0.603151949208552
PANTO.PWY..phosphopantothenate.biosynthesis.I.g__Parasutterella.s__Parasutterella_excrementihominis	Diagnosis	IPF	-0.58624986789892	0.364944389621299	19	3	0.126597891176584	0.603151949208552
PANTO.PWY..phosphopantothenate.biosynthesis.I.g__Rothia.s__Rothia_mucilaginosa	Diagnosis	IPF	0.294908383266309	0.19151545391885	19	2	0.141999079105726	0.603151949208552
PANTO.PWY..phosphopantothenate.biosynthesis.I.g__Ruminococcus.s__Ruminococcus_lactaris	Diagnosis	IPF	-0.835826055922022	0.511915843266599	19	3	0.12090656757004	0.603151949208552
PANTO.PWY..phosphopantothenate.biosynthesis.I.g__Tyzzerella.s__Tyzzerella_sp	Diagnosis	IPF	-0.558986613627838	0.326907008737457	19	5	0.105467173507039	0.603151949208552
PWY.2941..L.lysine.biosynthesis.II.g__Bacteroides.s__Bacteroides_fragilis	Diagnosis	IPF	-1.46308808438764	0.722807503436919	19	5	0.0589590174262205	0.603151949208552
PWY.2941..L.lysine.biosynthesis.II.g__Bacteroides.s__Bacteroides_uniformis	Diagnosis	IPF	0.303500637737273	0.198380484519009	19	2	0.144438188768758	0.603151949208552
PWY.2941..L.lysine.biosynthesis.II.g__Blautia.s__Ruminococcus_torques	Diagnosis	IPF	0.990153377599633	0.70375257135041	19	10	0.177457920673943	0.603151949208552
PWY.2941..L.lysine.biosynthesis.II.g__Dialister.s__Dialister_sp_CAG_357	Diagnosis	IPF	-0.427788047199698	0.242533626914902	19	3	0.0957223099860563	0.603151949208552
PWY.2941..L.lysine.biosynthesis.II.g__Flavonifractor.s__Flavonifractor_plautii	Diagnosis	IPF	-0.550116771391973	0.346513537490834	19	3	0.130806223979698	0.603151949208552
PWY.2941..L.lysine.biosynthesis.II.g__Lactobacillus.s__Lactobacillus_fermentum	Diagnosis	IPF	0.261606062316753	0.165985950752023	19	2	0.133434475452656	0.603151949208552
PWY.2941..L.lysine.biosynthesis.II.g__Lactobacillus.s__Lactobacillus_johnsonii	Diagnosis	IPF	0.586281588043325	0.448460695040291	19	2	0.208510482156686	0.603151949208552
PWY.2941..L.lysine.biosynthesis.II.g__Lactobacillus.s__Lactobacillus_reuteri	Diagnosis	IPF	0.556294719840941	0.420933995086758	19	2	0.203821105954302	0.603151949208552
PWY.2941..L.lysine.biosynthesis.II.g__Streptococcus.s__Streptococcus_gordonii	Diagnosis	IPF	0.317144406975504	0.20946686019345	19	2	0.148382045378864	0.603151949208552
PWY.2941..L.lysine.biosynthesis.II.unclassified	Diagnosis	IPF	0.577885829222588	0.39614379340524	19	18	0.162855781299588	0.603151949208552
PWY.4041...gamma..glutamyl.cycle.g__Bacteroides.s__Bacteroides_thetaiotaomicron	Diagnosis	IPF	-2.03305791988158	1.47039488247125	19	7	0.184663697347139	0.603151949208552
PWY.4041...gamma..glutamyl.cycle.g__Haemophilus.s__Haemophilus_parainfluenzae	Diagnosis	IPF	1.74152051091709	1.1256580327847	19	5	0.140249083485682	0.603151949208552
PWY.4041...gamma..glutamyl.cycle.g__Streptococcus.s__Streptococcus_gordonii	Diagnosis	IPF	0.300109796713387	0.195659747277271	19	2	0.143469819499093	0.603151949208552
PWY.4041...gamma..glutamyl.cycle.g__Streptococcus.s__Streptococcus_parasanguinis	Diagnosis	IPF	1.88661694560645	0.987623237959372	19	16	0.0731179931607396	0.603151949208552
PWY.5097..L.lysine.biosynthesis.VI.g__Akkermansia.s__Akkermansia_muciniphila	Diagnosis	IPF	-1.33058702803062	0.696387530496901	19	5	0.0730579981991282	0.603151949208552
PWY.5097..L.lysine.biosynthesis.VI.g__Bacteroides.s__Bacteroides_faecis	Diagnosis	IPF	0.308732519330769	0.202606301778861	19	2	0.14594348616604	0.603151949208552
PWY.5097..L.lysine.biosynthesis.VI.g__Bacteroides.s__Bacteroides_fragilis	Diagnosis	IPF	-1.28184948765299	0.655409689480023	19	5	0.0671279833053799	0.603151949208552
PWY.5097..L.lysine.biosynthesis.VI.g__Bacteroides.s__Bacteroides_galacturonicus	Diagnosis	IPF	-0.627174982427792	0.420666735300833	19	3	0.154307741093009	0.603151949208552
PWY.5097..L.lysine.biosynthesis.VI.g__Bacteroides.s__Bacteroides_xylanisolvens	Diagnosis	IPF	-1.52831484980356	0.794494247691409	19	7	0.0713113579117921	0.603151949208552
PWY.5097..L.lysine.biosynthesis.VI.g__Coprobacter.s__Coprobacter_fastidiosus	Diagnosis	IPF	-0.665497591530491	0.411516310250513	19	3	0.124242062960065	0.603151949208552
PWY.5097..L.lysine.biosynthesis.VI.g__Dorea.s__Dorea_longicatena	Diagnosis	IPF	-0.928032584407902	0.671041724789179	19	15	0.184569763172502	0.603151949208552
PWY.5097..L.lysine.biosynthesis.VI.g__Eubacterium.s__Eubacterium_eligens	Diagnosis	IPF	-1.14363786349423	0.771012857561247	19	10	0.156299218528202	0.603151949208552
PWY.5097..L.lysine.biosynthesis.VI.g__Eubacterium.s__Eubacterium_hallii	Diagnosis	IPF	-0.986276921926519	0.695178692200816	19	14	0.174048966625281	0.603151949208552
PWY.5097..L.lysine.biosynthesis.VI.g__Eubacterium.s__Eubacterium_sp_CAG_274	Diagnosis	IPF	-0.317911906493119	0.242562197169841	19	2	0.207410284703152	0.603151949208552
PWY.5097..L.lysine.biosynthesis.VI.g__Flavonifractor.s__Flavonifractor_plautii	Diagnosis	IPF	-0.694116147889849	0.381804385005392	19	4	0.0867317641516852	0.603151949208552
PWY.5097..L.lysine.biosynthesis.VI.g__Fusicatenibacter.s__Fusicatenibacter_saccharivorans	Diagnosis	IPF	-1.08365633150852	0.680633826194733	19	16	0.129778390845049	0.603151949208552
PWY.5097..L.lysine.biosynthesis.VI.g__Haemophilus.s__Haemophilus_parainfluenzae	Diagnosis	IPF	1.85240510807919	1.0509735927332	19	5	0.0959423503792067	0.603151949208552
PWY.5097..L.lysine.biosynthesis.VI.g__Lactobacillus.s__Lactobacillus_fermentum	Diagnosis	IPF	0.252189003331882	0.159154617619677	19	2	0.131492675900581	0.603151949208552
PWY.5097..L.lysine.biosynthesis.VI.g__Lactobacillus.s__Lactobacillus_johnsonii	Diagnosis	IPF	0.593766167060626	0.45534707879291	19	2	0.209619657724115	0.603151949208552
PWY.5097..L.lysine.biosynthesis.VI.g__Lactobacillus.s__Lactobacillus_reuteri	Diagnosis	IPF	0.577413387272324	0.440309108773207	19	2	0.207165386877939	0.603151949208552
PWY.5097..L.lysine.biosynthesis.VI.g__Monoglobus.s__Monoglobus_pectinilyticus	Diagnosis	IPF	-0.243470976989574	0.174981993829885	19	2	0.182043968725249	0.603151949208552
PWY.5097..L.lysine.biosynthesis.VI.g__Parasutterella.s__Parasutterella_excrementihominis	Diagnosis	IPF	-0.754313290721091	0.463964866430074	19	3	0.122385586625307	0.603151949208552
PWY.5097..L.lysine.biosynthesis.VI.g__Prevotella.s__Prevotella_copri	Diagnosis	IPF	-1.37185193668055	1.00478989861619	19	5	0.189951011658576	0.603151949208552
PWY.5097..L.lysine.biosynthesis.VI.g__Prevotella.s__Prevotella_sp_CAG_386	Diagnosis	IPF	-1.65376402090978	1.08249920412852	19	3	0.144971868872846	0.603151949208552
PWY.5097..L.lysine.biosynthesis.VI.g__Ruthenibacterium.s__Ruthenibacterium_lactatiformans	Diagnosis	IPF	-0.479838996568696	0.272778239782533	19	3	0.0965481544598975	0.603151949208552
PWY.5097..L.lysine.biosynthesis.VI.g__Veillonella.s__Veillonella_atypica	Diagnosis	IPF	0.692916402022065	0.381489603838475	19	3	0.0869934891001573	0.603151949208552
PWY.5097..L.lysine.biosynthesis.VI.g__Veillonella.s__Veillonella_parvula	Diagnosis	IPF	0.620115406781626	0.322482070716893	19	3	0.0714031903449401	0.603151949208552
PWY.5097..L.lysine.biosynthesis.VI.unclassified	Diagnosis	IPF	-0.322303531603633	0.246848030071805	19	19	0.209056824699921	0.603151949208552
PWY.5484..glycolysis.II..from.fructose.6.phosphate..g__Bacteroides.s__Bacteroides_fragilis	Diagnosis	IPF	-1.2099415072208	0.650493821076331	19	5	0.0802725857522645	0.603151949208552
PWY.5484..glycolysis.II..from.fructose.6.phosphate..g__Haemophilus.s__Haemophilus_parainfluenzae	Diagnosis	IPF	1.19133709897066	0.815154172058252	19	3	0.162120337180299	0.603151949208552
PWY.5484..glycolysis.II..from.fructose.6.phosphate..g__Klebsiella.s__Klebsiella_pneumoniae	Diagnosis	IPF	0.550540935224314	0.415664991875618	19	2	0.202874007722183	0.603151949208552
PWY.5981..CDP.diacylglycerol.biosynthesis.III.g__Lactobacillus.s__Lactobacillus_johnsonii	Diagnosis	IPF	0.52120624945675	0.388875375642051	19	2	0.19778972089214	0.603151949208552
PWY.5981..CDP.diacylglycerol.biosynthesis.III.g__Lactobacillus.s__Lactobacillus_reuteri	Diagnosis	IPF	0.515066659988583	0.383285534064196	19	2	0.19666889892228	0.603151949208552
PWY.5981..CDP.diacylglycerol.biosynthesis.III.g__Streptococcus.s__Streptococcus_mutans	Diagnosis	IPF	0.632699947371356	0.491256648986439	19	2	0.215029465073028	0.603151949208552
PWY.6612..superpathway.of.tetrahydrofolate.biosynthesis.g__Klebsiella.s__Klebsiella_pneumoniae	Diagnosis	IPF	0.436324432606483	0.31229231571756	19	2	0.180334617835678	0.603151949208552
PWY.6612..superpathway.of.tetrahydrofolate.biosynthesis.unclassified	Diagnosis	IPF	0.795357828254833	0.57056527679149	19	8	0.181277921563916	0.603151949208552
PWY.6628..superpathway.of.L.phenylalanine.biosynthesis.g__Streptococcus.s__Streptococcus_vestibularis	Diagnosis	IPF	0.797038250629047	0.487925714836028	19	3	0.120740805389459	0.603151949208552
PWY.6630..superpathway.of.L.tyrosine.biosynthesis.g__Eubacterium.s__Eubacterium_ventriosum	Diagnosis	IPF	-0.216286147183221	0.152976026001438	19	2	0.175455725040668	0.603151949208552
PWY.6630..superpathway.of.L.tyrosine.biosynthesis.g__Ruminococcaceae_unclassified.s__Eubacterium_siraeum	Diagnosis	IPF	-1.00541290386166	0.514011804297944	19	4	0.0671010927629934	0.603151949208552
PWY.6630..superpathway.of.L.tyrosine.biosynthesis.g__Streptococcus.s__Streptococcus_vestibularis	Diagnosis	IPF	0.834206225376173	0.491879420479455	19	3	0.108128388373709	0.603151949208552
PWY.6897..thiamine.diphosphate.salvage.II.g__Asaccharobacter.s__Asaccharobacter_celatus	Diagnosis	IPF	-0.254053449387993	0.184051151834422	19	2	0.185363693048062	0.603151949208552
PWY.6897..thiamine.diphosphate.salvage.II.g__Haemophilus.s__Haemophilus_parainfluenzae	Diagnosis	IPF	1.34293409742586	0.764287979659911	19	5	0.096893625831438	0.603151949208552
PWY.6897..thiamine.diphosphate.salvage.II.g__Hungatella.s__Hungatella_hathewayi	Diagnosis	IPF	-0.282611283591078	0.20954968455352	19	2	0.195139641282805	0.603151949208552
PWY.6897..thiamine.diphosphate.salvage.II.g__Lactobacillus.s__Lactobacillus_fermentum	Diagnosis	IPF	0.712047611733189	0.370868825808036	19	3	0.0718055491823556	0.603151949208552
PWY.6897..thiamine.diphosphate.salvage.II.unclassified	Diagnosis	IPF	-0.584051114585288	0.426087257524119	19	19	0.188286589806831	0.603151949208552
PWY.6936..seleno.amino.acid.biosynthesis..plants..g__Bacteroides.s__Bacteroides_fragilis	Diagnosis	IPF	-0.852272157354752	0.55102657002562	19	4	0.140348689938042	0.603151949208552
PWY.6936..seleno.amino.acid.biosynthesis..plants..g__Blautia.s__Ruminococcus_gnavus	Diagnosis	IPF	0.668074788505804	0.523992683832163	19	2	0.219470379870946	0.603151949208552
PWY.6936..seleno.amino.acid.biosynthesis..plants..g__Blautia.s__Ruminococcus_torques	Diagnosis	IPF	1.43133450380876	0.92266442526202	19	16	0.139244869355782	0.603151949208552
PWY.6936..seleno.amino.acid.biosynthesis..plants..g__Dorea.s__Dorea_formicigenerans	Diagnosis	IPF	-0.787027182302408	0.461184927508769	19	13	0.106108268493262	0.603151949208552
PWY.6936..seleno.amino.acid.biosynthesis..plants..g__Dorea.s__Dorea_longicatena	Diagnosis	IPF	-0.725599878933836	0.515462057613879	19	3	0.177251893602824	0.603151949208552
PWY.6936..seleno.amino.acid.biosynthesis..plants..g__Eubacterium.s__Eubacterium_eligens	Diagnosis	IPF	-1.15942520837183	0.897122001917061	19	11	0.213516107474819	0.603151949208552
PWY.6936..seleno.amino.acid.biosynthesis..plants..g__Fusicatenibacter.s__Fusicatenibacter_saccharivorans	Diagnosis	IPF	0.860745749096872	0.517927694300642	19	5	0.114859645093265	0.603151949208552
PWY.6936..seleno.amino.acid.biosynthesis..plants..g__Haemophilus.s__Haemophilus_parainfluenzae	Diagnosis	IPF	1.73365650540226	1.05934661833327	19	6	0.12010508693915	0.603151949208552
PWY.6936..seleno.amino.acid.biosynthesis..plants..g__Haemophilus.s__Haemophilus_sp_HMSC71H05	Diagnosis	IPF	-0.33109281352133	0.255193278481729	19	2	0.211817713401412	0.603151949208552
PWY.6936..seleno.amino.acid.biosynthesis..plants..g__Klebsiella.s__Klebsiella_pneumoniae	Diagnosis	IPF	0.620608466026548	0.486228375059348	19	3	0.218985982868161	0.603151949208552
PWY.6936..seleno.amino.acid.biosynthesis..plants..g__Lactobacillus.s__Lactobacillus_fermentum	Diagnosis	IPF	0.840323205081986	0.517576229912428	19	3	0.122862715312246	0.603151949208552
PWY.6936..seleno.amino.acid.biosynthesis..plants..g__Lactobacillus.s__Lactobacillus_reuteri	Diagnosis	IPF	0.503611565071484	0.372873762248864	19	2	0.194522435110174	0.603151949208552
PWY.6936..seleno.amino.acid.biosynthesis..plants..g__Streptococcus.s__Streptococcus_anginosus_group	Diagnosis	IPF	0.809604611448047	0.559008217465867	19	5	0.165729760419079	0.603151949208552
PWY.6936..seleno.amino.acid.biosynthesis..plants..g__Streptococcus.s__Streptococcus_gordonii	Diagnosis	IPF	0.846366940165713	0.501697800326197	19	3	0.109864002479153	0.603151949208552
PWY.6936..seleno.amino.acid.biosynthesis..plants..g__Streptococcus.s__Streptococcus_mutans	Diagnosis	IPF	0.714057883413098	0.455583261836105	19	3	0.135457501653548	0.603151949208552
PWY.6936..seleno.amino.acid.biosynthesis..plants..g__Veillonella.s__Veillonella_dispar	Diagnosis	IPF	0.787618694063011	0.430062398662769	19	3	0.0846226264476209	0.603151949208552
PWY.702..L.methionine.biosynthesis.II.g__Bifidobacterium.s__Bifidobacterium_dentium	Diagnosis	IPF	0.247834562381087	0.156066508050365	19	2	0.130708941854576	0.603151949208552
PWY.702..L.methionine.biosynthesis.II.g__Haemophilus.s__Haemophilus_parainfluenzae	Diagnosis	IPF	1.48861319226683	0.943238236228542	19	6	0.132946594869821	0.603151949208552
PWY.702..L.methionine.biosynthesis.II.g__Streptococcus.s__Streptococcus_anginosus_group	Diagnosis	IPF	1.07935861480625	0.572361997837038	19	4	0.0765286871272394	0.603151949208552
PWY.702..L.methionine.biosynthesis.II.g__Streptococcus.s__Streptococcus_mutans	Diagnosis	IPF	0.672987566930693	0.420298163275172	19	3	0.127746977628905	0.603151949208552
PWY.702..L.methionine.biosynthesis.II.g__Veillonella.s__Veillonella_atypica	Diagnosis	IPF	1.41516085237696	0.728750102791158	19	4	0.0689076613791843	0.603151949208552
PWY.702..L.methionine.biosynthesis.II.g__Veillonella.s__Veillonella_dispar	Diagnosis	IPF	0.473462833301773	0.232904715160051	19	3	0.057988148670369	0.603151949208552
PWY.7115..C4.photosynthetic.carbon.assimilation.cycle..NAD.ME.type.g__Haemophilus.s__Haemophilus_parainfluenzae	Diagnosis	IPF	0.977040222193818	0.53634938489307	19	3	0.0861518811889303	0.603151949208552
PWY.7117..C4.photosynthetic.carbon.assimilation.cycle..PEPCK.type.g__Haemophilus.s__Haemophilus_parainfluenzae	Diagnosis	IPF	1.65710424591307	0.944107948378928	19	5	0.0972265455186977	0.603151949208552
PWY.7234..inosine.5..phosphate.biosynthesis.III.g__Bifidobacterium.s__Bifidobacterium_dentium	Diagnosis	IPF	0.339836632415249	0.228328305601515	19	2	0.154969368087903	0.603151949208552
PWY.7234..inosine.5..phosphate.biosynthesis.III.g__Eubacterium.s__Eubacterium_sp_CAG_274	Diagnosis	IPF	-0.276276176837804	0.203782583216581	19	2	0.192919948665586	0.603151949208552
PWY.7234..inosine.5..phosphate.biosynthesis.III.g__Haemophilus.s__Haemophilus_parainfluenzae	Diagnosis	IPF	1.50711884798679	0.851584433427244	19	5	0.0946959157202165	0.603151949208552
PWY.7234..inosine.5..phosphate.biosynthesis.III.g__Haemophilus.s__Haemophilus_sp_HMSC71H05	Diagnosis	IPF	-0.216381811689458	0.153049551490113	19	2	0.175471383896101	0.603151949208552
PWY.7234..inosine.5..phosphate.biosynthesis.III.g__Lactobacillus.s__Lactobacillus_fermentum	Diagnosis	IPF	0.460498126704669	0.235535094432034	19	3	0.0672146146553419	0.603151949208552
PWY.7234..inosine.5..phosphate.biosynthesis.III.g__Lactobacillus.s__Lactobacillus_reuteri	Diagnosis	IPF	0.603292714109329	0.464120535297817	19	2	0.210998006935915	0.603151949208552
PWY.7234..inosine.5..phosphate.biosynthesis.III.g__Parasutterella.s__Parasutterella_excrementihominis	Diagnosis	IPF	-0.826036014096456	0.507659435361846	19	3	0.122097291576905	0.603151949208552
PWY.7234..inosine.5..phosphate.biosynthesis.III.g__Streptococcus.s__Streptococcus_anginosus_group	Diagnosis	IPF	0.375899680682699	0.259135678597341	19	2	0.165095364830754	0.603151949208552
PWY.7234..inosine.5..phosphate.biosynthesis.III.g__Streptococcus.s__Streptococcus_mutans	Diagnosis	IPF	0.883616187303814	0.584396730886392	19	3	0.148896804732123	0.603151949208552
PWY.7237..myo...chiro..and.scyllo.inositol.degradation.g__Blautia.s__Blautia_obeum	Diagnosis	IPF	-1.03348353611579	0.793194903956515	19	13	0.209969340674605	0.603151949208552
PWY.7237..myo...chiro..and.scyllo.inositol.degradation.g__Dorea.s__Dorea_longicatena	Diagnosis	IPF	-1.9332497624187	1.21001392101733	19	8	0.128527572667143	0.603151949208552
PWY.7237..myo...chiro..and.scyllo.inositol.degradation.g__Lachnoclostridium.s__Clostridium_citroniae	Diagnosis	IPF	-0.276615283673583	0.204089846501318	19	2	0.19303843093145	0.603151949208552
PWY.7357..thiamine.phosphate.formation.from.pyrithiamine.and.oxythiamine..yeast..g__Bacteroides.s__Bacteroides_galacturonicus	Diagnosis	IPF	-0.749766615502221	0.461568099355894	19	3	0.12268746125078	0.603151949208552
PWY.7357..thiamine.phosphate.formation.from.pyrithiamine.and.oxythiamine..yeast..g__Bacteroides.s__Bacteroides_xylanisolvens	Diagnosis	IPF	-1.34078461619127	0.917839628351652	19	7	0.162305225010578	0.603151949208552
PWY.7357..thiamine.phosphate.formation.from.pyrithiamine.and.oxythiamine..yeast..g__Blautia.s__Ruminococcus_torques	Diagnosis	IPF	1.23919800807541	0.61964969826569	19	16	0.061757816507863	0.603151949208552
PWY.7357..thiamine.phosphate.formation.from.pyrithiamine.and.oxythiamine..yeast..g__Coprococcus.s__Coprococcus_catus	Diagnosis	IPF	1.14049890072934	0.686721747828014	19	13	0.115086155374797	0.603151949208552
PWY.7357..thiamine.phosphate.formation.from.pyrithiamine.and.oxythiamine..yeast..g__Dorea.s__Dorea_formicigenerans	Diagnosis	IPF	-1.17411443036393	0.811370354657667	19	11	0.166064373371647	0.603151949208552
PWY.7357..thiamine.phosphate.formation.from.pyrithiamine.and.oxythiamine..yeast..g__Dorea.s__Dorea_longicatena	Diagnosis	IPF	-1.26503879208803	0.937102244259638	19	15	0.19473449195024	0.603151949208552
PWY.7357..thiamine.phosphate.formation.from.pyrithiamine.and.oxythiamine..yeast..g__Eggerthella.s__Eggerthella_lenta	Diagnosis	IPF	-0.227907994641855	0.162126139895316	19	2	0.177813414236167	0.603151949208552
PWY.7357..thiamine.phosphate.formation.from.pyrithiamine.and.oxythiamine..yeast..g__Eubacterium.s__Eubacterium_ramulus	Diagnosis	IPF	0.523253918995953	0.405939300070029	19	3	0.214664373193991	0.603151949208552
PWY.7357..thiamine.phosphate.formation.from.pyrithiamine.and.oxythiamine..yeast..g__Haemophilus.s__Haemophilus_parainfluenzae	Diagnosis	IPF	1.15649773677279	0.734657883918653	19	5	0.133866956075884	0.603151949208552
PWY.7357..thiamine.phosphate.formation.from.pyrithiamine.and.oxythiamine..yeast..g__Hungatella.s__Hungatella_hathewayi	Diagnosis	IPF	-0.248812699916538	0.179529965484856	19	2	0.183686346429013	0.603151949208552
PWY.7357..thiamine.phosphate.formation.from.pyrithiamine.and.oxythiamine..yeast..g__Lachnoclostridium.s__Clostridium_lavalense	Diagnosis	IPF	-0.278649591716757	0.205936601920129	19	2	0.193750140699665	0.603151949208552
PWY.7357..thiamine.phosphate.formation.from.pyrithiamine.and.oxythiamine..yeast..g__Lactobacillus.s__Lactobacillus_fermentum	Diagnosis	IPF	0.724083594400051	0.380216731442292	19	3	0.0739228410786789	0.603151949208552
PWY.7357..thiamine.phosphate.formation.from.pyrithiamine.and.oxythiamine..yeast..g__Lactobacillus.s__Lactobacillus_reuteri	Diagnosis	IPF	0.626517174077991	0.485545070048864	19	2	0.214208772641384	0.603151949208552
PWY.7357..thiamine.phosphate.formation.from.pyrithiamine.and.oxythiamine..yeast..g__Parasutterella.s__Parasutterella_excrementihominis	Diagnosis	IPF	-0.273385657391952	0.201170378481122	19	2	0.191912201871492	0.603151949208552
PWY.7357..thiamine.phosphate.formation.from.pyrithiamine.and.oxythiamine..yeast..g__Roseburia.s__Roseburia_sp_CAG_197	Diagnosis	IPF	0.405662123874113	0.285125863274932	19	2	0.172900739556576	0.603151949208552
PWY.7434..terminal.O.glycans.residues.modification..via.type.2.precursor.disaccharide..g__Streptococcus.s__Streptococcus_australis	Diagnosis	IPF	0.496582667515236	0.304690715451303	19	4	0.121532821199926	0.603151949208552
PWY.7434..terminal.O.glycans.residues.modification..via.type.2.precursor.disaccharide..unclassified	Diagnosis	IPF	1.37420893963681	0.897988560188823	19	13	0.144332979427105	0.603151949208552
PWY.7977..L.methionine.biosynthesis.IV.g__Akkermansia.s__Akkermansia_muciniphila	Diagnosis	IPF	-1.33856533411742	0.741632330639574	19	7	0.0888352993510348	0.603151949208552
PWY.7977..L.methionine.biosynthesis.IV.g__Alistipes.s__Alistipes_shahii	Diagnosis	IPF	-1.56061564641453	1.20885801938734	19	8	0.21398993440963	0.603151949208552
PWY.7977..L.methionine.biosynthesis.IV.g__Bacteroides.s__Bacteroides_faecis	Diagnosis	IPF	0.232710507366116	0.145736634713126	19	2	0.128733236837063	0.603151949208552
PWY.7977..L.methionine.biosynthesis.IV.g__Bacteroides.s__Bacteroides_fragilis	Diagnosis	IPF	-1.52173634886926	0.945979317684253	19	8	0.126107867739679	0.603151949208552
PWY.7977..L.methionine.biosynthesis.IV.g__Bacteroides.s__Bacteroides_sp_CAG_545	Diagnosis	IPF	0.579526295916752	0.442250485196104	19	2	0.207488956297245	0.603151949208552
PWY.7977..L.methionine.biosynthesis.IV.g__Bacteroides.s__Bacteroides_sp_CAG_709	Diagnosis	IPF	0.452118530629767	0.326408398560056	19	2	0.183920599390438	0.603151949208552
PWY.7977..L.methionine.biosynthesis.IV.g__Blautia.s__Ruminococcus_torques	Diagnosis	IPF	1.30494022746698	0.825573574169915	19	13	0.132384271006445	0.603151949208552
PWY.7977..L.methionine.biosynthesis.IV.g__Coprobacter.s__Coprobacter_fastidiosus	Diagnosis	IPF	-0.72889712492332	0.44146549738082	19	3	0.117071941775329	0.603151949208552
PWY.7977..L.methionine.biosynthesis.IV.g__Dorea.s__Dorea_longicatena	Diagnosis	IPF	-1.10763224411658	0.60232408280758	19	14	0.0834595586380257	0.603151949208552
PWY.7977..L.methionine.biosynthesis.IV.g__Eubacterium.s__Eubacterium_eligens	Diagnosis	IPF	-1.1441195340839	0.734973867863329	19	10	0.137966203821258	0.603151949208552
PWY.7977..L.methionine.biosynthesis.IV.g__Flavonifractor.s__Flavonifractor_plautii	Diagnosis	IPF	-0.905489006532121	0.448731489986452	19	4	0.0596709210933831	0.603151949208552
PWY.7977..L.methionine.biosynthesis.IV.g__Fusicatenibacter.s__Fusicatenibacter_saccharivorans	Diagnosis	IPF	-0.958729974090208	0.703811968766845	19	16	0.190913428144076	0.603151949208552
PWY.7977..L.methionine.biosynthesis.IV.g__Haemophilus.s__Haemophilus_parainfluenzae	Diagnosis	IPF	1.29112827177543	0.894380920803058	19	6	0.167027339211312	0.603151949208552
PWY.7977..L.methionine.biosynthesis.IV.g__Haemophilus.s__Haemophilus_sp_HMSC71H05	Diagnosis	IPF	-0.278494495779751	0.205795597161374	19	2	0.193695828416296	0.603151949208552
PWY.7977..L.methionine.biosynthesis.IV.g__Prevotella.s__Prevotella_sp_CAG_386	Diagnosis	IPF	-0.206260399174687	0.145454394378597	19	2	0.17424923438054	0.603151949208552
PWY.822..fructan.biosynthesis.g__Streptococcus.s__Streptococcus_mutans	Diagnosis	IPF	1.26537753218331	0.707179870004202	19	4	0.0913925578692268	0.603151949208552
PWY.922..mevalonate.pathway.I..eukaryotes.and.bacteria..unclassified	Diagnosis	IPF	0.689177637692023	0.432149844736805	19	4	0.129186002895392	0.603151949208552
PWY.I9..L.cysteine.biosynthesis.VI..from.L.methionine..g__Haemophilus.s__Haemophilus_parainfluenzae	Diagnosis	IPF	1.30229628501069	1.02690104246898	19	4	0.221826640310915	0.603151949208552
PWY.I9..L.cysteine.biosynthesis.VI..from.L.methionine..unclassified	Diagnosis	IPF	-0.55482607610529	0.437710997672707	19	19	0.222042228569271	0.603151949208552
PWY0.1297..superpathway.of.purine.deoxyribonucleosides.degradation.g__Blautia.s__Ruminococcus_torques	Diagnosis	IPF	1.2575942441855	0.766893059672002	19	14	0.119406723647471	0.603151949208552
PWY0.1297..superpathway.of.purine.deoxyribonucleosides.degradation.g__Dorea.s__Dorea_formicigenerans	Diagnosis	IPF	-0.451383896231686	0.253879780451477	19	3	0.0933041983899396	0.603151949208552
PWY0.1297..superpathway.of.purine.deoxyribonucleosides.degradation.g__Lachnoclostridium.s__Clostridium_lavalense	Diagnosis	IPF	-0.367063647217164	0.290271337061494	19	2	0.223093698732581	0.603151949208552
PWY0.1297..superpathway.of.purine.deoxyribonucleosides.degradation.g__Streptococcus.s__Streptococcus_mutans	Diagnosis	IPF	0.653893898311565	0.510858522398643	19	2	0.217740487071585	0.603151949208552
PWY3O.4107..NAD.salvage.pathway.V..PNC.V.cycle..g__Streptococcus.s__Streptococcus_vestibularis	Diagnosis	IPF	0.608615512494593	0.30904845079261	19	3	0.0654360603608069	0.603151949208552
PWY3O.4107..NAD.salvage.pathway.V..PNC.V.cycle..unclassified	Diagnosis	IPF	1.32117367823779	0.955547907119256	19	13	0.184671680381295	0.603151949208552
PYRIDNUCSAL.PWY..NAD.salvage.pathway.I..PNC.VI.cycle..unclassified	Diagnosis	IPF	1.23762959175102	0.899667437215722	19	13	0.186785284236486	0.603151949208552
PYRIDNUCSYN.PWY..NAD.de.novo.biosynthesis.I..from.aspartate..g__Alistipes.s__Alistipes_shahii	Diagnosis	IPF	-0.980654156123029	0.776325994634436	19	8	0.223568322506636	0.603151949208552
PYRIDNUCSYN.PWY..NAD.de.novo.biosynthesis.I..from.aspartate..g__Bacteroides.s__Bacteroides_faecis	Diagnosis	IPF	0.545355275864993	0.410920079751077	19	2	0.202006728536699	0.603151949208552
PYRIDNUCSYN.PWY..NAD.de.novo.biosynthesis.I..from.aspartate..g__Bacteroides.s__Bacteroides_fragilis	Diagnosis	IPF	-1.48474369989265	0.949844110727754	19	6	0.136441525253557	0.603151949208552
PYRIDNUCSYN.PWY..NAD.de.novo.biosynthesis.I..from.aspartate..g__Bacteroides.s__Bacteroides_thetaiotaomicron	Diagnosis	IPF	-1.64718041340581	1.04731059716546	19	14	0.134197076393223	0.603151949208552
PYRIDNUCSYN.PWY..NAD.de.novo.biosynthesis.I..from.aspartate..g__Bacteroides.s__Bacteroides_xylanisolvens	Diagnosis	IPF	-1.31428132411847	0.904094943636991	19	7	0.16424224244178	0.603151949208552
RHAMCAT.PWY..L.rhamnose.degradation.I.g__Bacteroides.s__Bacteroides_faecis	Diagnosis	IPF	0.745566885545947	0.544485436872341	19	3	0.188723368055352	0.603151949208552
RHAMCAT.PWY..L.rhamnose.degradation.I.g__Bacteroides.s__Bacteroides_thetaiotaomicron	Diagnosis	IPF	-1.38094920739088	1.01004035793285	19	16	0.18936315005241	0.603151949208552
RHAMCAT.PWY..L.rhamnose.degradation.I.g__Bacteroides.s__Bacteroides_xylanisolvens	Diagnosis	IPF	-1.61814746902624	1.2642733682497	19	9	0.217770386888423	0.603151949208552
RHAMCAT.PWY..L.rhamnose.degradation.I.g__Blautia.s__Blautia_obeum	Diagnosis	IPF	1.64896731247102	1.21503251070064	19	6	0.19248387578823	0.603151949208552
RHAMCAT.PWY..L.rhamnose.degradation.I.g__Clostridiales_unclassified.s__Clostridiales_bacterium_KLE1615	Diagnosis	IPF	-0.927286873365835	0.728067377074823	19	5	0.219934554512148	0.603151949208552
RHAMCAT.PWY..L.rhamnose.degradation.I.g__Clostridium.s__Clostridium_disporicum	Diagnosis	IPF	0.525117187398601	0.392439386831908	19	2	0.198493160270937	0.603151949208552
RHAMCAT.PWY..L.rhamnose.degradation.I.g__Eubacterium.s__Eubacterium_ventriosum	Diagnosis	IPF	0.589726504912191	0.449702635216261	19	3	0.207169340394998	0.603151949208552
RHAMCAT.PWY..L.rhamnose.degradation.I.g__Hungatella.s__Hungatella_hathewayi	Diagnosis	IPF	-0.263842934953865	0.19263917982469	19	2	0.188626208299305	0.603151949208552
RHAMCAT.PWY..L.rhamnose.degradation.I.g__Prevotella.s__Prevotella_copri	Diagnosis	IPF	-0.624613923926667	0.377697670410511	19	3	0.11652558154817	0.603151949208552
RHAMCAT.PWY..L.rhamnose.degradation.I.g__Roseburia.s__Roseburia_hominis	Diagnosis	IPF	-1.45593679582157	0.731770958315244	19	10	0.0629695126568977	0.603151949208552
UDPNAGSYN.PWY..UDP.N.acetyl.D.glucosamine.biosynthesis.I.g__Eubacterium.s__Eubacterium_sp_CAG_274	Diagnosis	IPF	-0.254789076223995	0.184690220211203	19	2	0.185603561751893	0.603151949208552
UDPNAGSYN.PWY..UDP.N.acetyl.D.glucosamine.biosynthesis.I.g__Haemophilus.s__Haemophilus_parainfluenzae	Diagnosis	IPF	1.83479089980306	1.02673655387458	19	5	0.091778739065334	0.603151949208552
UDPNAGSYN.PWY..UDP.N.acetyl.D.glucosamine.biosynthesis.I.g__Intestinibacter.s__Intestinibacter_bartlettii	Diagnosis	IPF	1.80274332230379	0.897856775943453	19	8	0.0608256625505001	0.603151949208552
UDPNAGSYN.PWY..UDP.N.acetyl.D.glucosamine.biosynthesis.I.g__Lactobacillus.s__Lactobacillus_fermentum	Diagnosis	IPF	0.71957973699012	0.380562894526095	19	3	0.0758156424587021	0.603151949208552
UDPNAGSYN.PWY..UDP.N.acetyl.D.glucosamine.biosynthesis.I.g__Lactobacillus.s__Lactobacillus_johnsonii	Diagnosis	IPF	0.468198724050711	0.340851853096705	19	2	0.18740609063595	0.603151949208552
UDPNAGSYN.PWY..UDP.N.acetyl.D.glucosamine.biosynthesis.I.g__Lactobacillus.s__Lactobacillus_reuteri	Diagnosis	IPF	0.56998202391245	0.433485127407646	19	2	0.206011686029923	0.603151949208552
UDPNAGSYN.PWY..UDP.N.acetyl.D.glucosamine.biosynthesis.I.g__Monoglobus.s__Monoglobus_pectinilyticus	Diagnosis	IPF	-0.338088905207829	0.261951250767239	19	2	0.214100960628777	0.603151949208552
UDPNAGSYN.PWY..UDP.N.acetyl.D.glucosamine.biosynthesis.I.g__Parasutterella.s__Parasutterella_excrementihominis	Diagnosis	IPF	-0.819871151824204	0.510129344209605	19	3	0.126427388285703	0.603151949208552
UDPNAGSYN.PWY..UDP.N.acetyl.D.glucosamine.biosynthesis.I.g__Phascolarctobacterium.s__Phascolarctobacterium_faecium	Diagnosis	IPF	1.21289418743765	0.76711568807528	19	6	0.132278321156992	0.603151949208552
UDPNAGSYN.PWY..UDP.N.acetyl.D.glucosamine.biosynthesis.I.g__Ruminococcaceae_unclassified.s__Eubacterium_siraeum	Diagnosis	IPF	-0.866472804362697	0.444497419390075	19	4	0.0679509926223354	0.603151949208552
UDPNAGSYN.PWY..UDP.N.acetyl.D.glucosamine.biosynthesis.I.g__Ruminococcus.s__Ruminococcus_sp_CAG_177	Diagnosis	IPF	-0.751527911135074	0.454024032316515	19	3	0.116213865119729	0.603151949208552
UDPNAGSYN.PWY..UDP.N.acetyl.D.glucosamine.biosynthesis.I.g__Streptococcus.s__Streptococcus_anginosus_group	Diagnosis	IPF	0.596061007325242	0.419553883131775	19	5	0.173485883652394	0.603151949208552
UDPNAGSYN.PWY..UDP.N.acetyl.D.glucosamine.biosynthesis.I.g__Streptococcus.s__Streptococcus_australis	Diagnosis	IPF	0.66691212292545	0.527664367042407	19	4	0.223324489902751	0.603151949208552
UDPNAGSYN.PWY..UDP.N.acetyl.D.glucosamine.biosynthesis.I.g__Streptococcus.s__Streptococcus_mitis	Diagnosis	IPF	0.342740318071985	0.230774537686665	19	2	0.155805268526813	0.603151949208552
UDPNAGSYN.PWY..UDP.N.acetyl.D.glucosamine.biosynthesis.I.g__Streptococcus.s__Streptococcus_mutans	Diagnosis	IPF	0.900368652857501	0.579749139048513	19	3	0.138833221922501	0.603151949208552
UDPNAGSYN.PWY..UDP.N.acetyl.D.glucosamine.biosynthesis.I.g__Streptococcus.s__Streptococcus_oralis	Diagnosis	IPF	0.236355735589602	0.148165991954668	19	2	0.129086574976534	0.603151949208552
UDPNAGSYN.PWY..UDP.N.acetyl.D.glucosamine.biosynthesis.I.g__Veillonella.s__Veillonella_atypica	Diagnosis	IPF	1.69041361054637	0.860827268796111	19	4	0.0661336140157761	0.603151949208552
UDPNAGSYN.PWY..UDP.N.acetyl.D.glucosamine.biosynthesis.I.g__Veillonella.s__Veillonella_dispar	Diagnosis	IPF	1.31397538560969	0.692785625101234	19	4	0.0749977341560186	0.603151949208552
UDPNAGSYN.PWY..UDP.N.acetyl.D.glucosamine.biosynthesis.I.unclassified	Diagnosis	IPF	0.518274752140977	0.368477626821011	19	19	0.177584168728353	0.603151949208552
PWY.7234..inosine.5..phosphate.biosynthesis.III.g__Bacteroides.s__Bacteroides_sp_CAG_545	Diagnosis	IPF	0.725008079199741	0.576850963921803	19	2	0.225807629934004	0.604841865894655
RHAMCAT.PWY..L.rhamnose.degradation.I.g__Lachnoclostridium.s__Clostridium_clostridioforme	Diagnosis	IPF	-0.37450079833365	0.297614312230581	19	2	0.225276279790793	0.604841865894655
PANTO.PWY..phosphopantothenate.biosynthesis.I.g__Blautia.s__Ruminococcus_gnavus	Diagnosis	IPF	0.956724587340123	0.763586003552149	19	6	0.227189686692918	0.60500643616998
PWY.I9..L.cysteine.biosynthesis.VI..from.L.methionine..g__Streptococcus.s__Streptococcus_mutans	Diagnosis	IPF	0.741530008656755	0.592223271000724	19	2	0.227482419999912	0.60500643616998
NAD.BIOSYNTHESIS.II..NAD.salvage.pathway.III..to.nicotinamide.riboside..g__Klebsiella.s__Klebsiella_pneumoniae	Diagnosis	IPF	0.612992047008165	0.49092455633073	19	3	0.228716253951061	0.60613848220246
LACTOSECAT.PWY..lactose.and.galactose.degradation.I.g__Streptococcus.s__Streptococcus_lutetiensis	Diagnosis	IPF	0.812661985428549	0.658540414433401	19	2	0.233978337999308	0.609318588539863
PWY.5097..L.lysine.biosynthesis.VI.g__Bacteroides.s__Bacteroides_thetaiotaomicron	Diagnosis	IPF	-1.09086609823688	0.878003300732547	19	13	0.230940592721409	0.609318588539863
PWY.5097..L.lysine.biosynthesis.VI.g__Ruminococcus.s__Ruminococcus_sp_CAG_254	Diagnosis	IPF	0.429706110703285	0.348091808828669	19	3	0.233823297444867	0.609318588539863
UDPNAGSYN.PWY..UDP.N.acetyl.D.glucosamine.biosynthesis.I.g__Clostridium.s__Clostridium_sp_CAG_226	Diagnosis	IPF	-0.401181786352988	0.324158027643557	19	2	0.232681832607773	0.609318588539863
UDPNAGSYN.PWY..UDP.N.acetyl.D.glucosamine.biosynthesis.I.g__Ruminococcus.s__Ruminococcus_sp_CAG_254	Diagnosis	IPF	0.430694570104646	0.348350225997665	19	3	0.23312633451532	0.609318588539863
LACTOSECAT.PWY..lactose.and.galactose.degradation.I.g__Streptococcus.s__Streptococcus_salivarius	Diagnosis	IPF	0.63877759129518	0.521085823326385	19	5	0.236963153557356	0.614956280858191
PWY.7977..L.methionine.biosynthesis.IV.g__Erysipelatoclostridium.s__Clostridium_innocuum	Diagnosis	IPF	-0.429880827232984	0.352997486026677	19	2	0.23993310930115	0.619719612602474
UDPNAGSYN.PWY..UDP.N.acetyl.D.glucosamine.biosynthesis.I.g__Agathobaculum.s__Agathobaculum_butyriciproducens	Diagnosis	IPF	-0.693574588338014	0.570184555816583	19	10	0.24045120968976	0.619719612602474
OANTIGEN.PWY..O.antigen.building.blocks.biosynthesis..E..coli..g__Oscillibacter.s__Oscillibacter_sp_CAG_241	Diagnosis	IPF	-0.451412626472141	0.374790265016621	19	2	0.244920829385621	0.624450010942372
P125.PWY..superpathway.of..R.R..butanediol.biosynthesis.unclassified	Diagnosis	IPF	0.673874051858039	0.558264950253165	19	5	0.243926870450641	0.624450010942372
PWY.5097..L.lysine.biosynthesis.VI.g__Bacteroides.s__Bacteroides_caccae	Diagnosis	IPF	0.708084793402292	0.587872146598701	19	8	0.244903107813643	0.624450010942372
PWY.5097..L.lysine.biosynthesis.VI.g__Butyrivibrio.s__Butyrivibrio_sp_CAG_318	Diagnosis	IPF	0.389562860836284	0.323935910265586	19	3	0.245617004304	0.624450010942372
PWY.7761..NAD.salvage.pathway.II..PNC.IV.cycle..g__Faecalibacterium.s__Faecalibacterium_prausnitzii	Diagnosis	IPF	-0.464174669784496	0.387759626405084	19	2	0.247706849936427	0.627635599501082
PWY.5913..partial.TCA.cycle..obligate.autotrophs..unclassified	Diagnosis	IPF	0.932867994469128	0.785720132000615	19	17	0.251443823271338	0.633122519114945
PWY.6396..superpathway.of.2.3.butanediol.biosynthesis.unclassified	Diagnosis	IPF	0.427326794177066	0.36038616518252	19	3	0.252031969043116	0.633122519114945
PWY.7977..L.methionine.biosynthesis.IV.g__Bacteroides.s__Bacteroides_caccae	Diagnosis	IPF	0.922307855865192	0.778464788575202	19	9	0.252404844287158	0.633122519114945
PANTO.PWY..phosphopantothenate.biosynthesis.I.g__Phascolarctobacterium.s__Phascolarctobacterium_faecium	Diagnosis	IPF	0.621538162916943	0.530061322513426	19	5	0.25713501336075	0.642837533401874
PWY.6936..seleno.amino.acid.biosynthesis..plants..g__Ruminococcus.s__Ruminococcus_lactaris	Diagnosis	IPF	-0.698936520145046	0.598050324573375	19	4	0.258655696979831	0.644490939318516
PWY.7357..thiamine.phosphate.formation.from.pyrithiamine.and.oxythiamine..yeast..g__Fusicatenibacter.s__Fusicatenibacter_saccharivorans	Diagnosis	IPF	-1.04171815462267	0.90012744693755	19	16	0.263152392662758	0.650080405972139
PWY.7761..NAD.salvage.pathway.II..PNC.IV.cycle..g__Blautia.s__Blautia_obeum	Diagnosis	IPF	-0.411947865605476	0.355271731523205	19	4	0.262268183897465	0.650080405972139
UDPNAGSYN.PWY..UDP.N.acetyl.D.glucosamine.biosynthesis.I.g__Oscillibacter.s__Oscillibacter_sp_CAG_241	Diagnosis	IPF	-0.730414602023381	0.631612605096711	19	3	0.263499257887374	0.650080405972139
UDPNAGSYN.PWY..UDP.N.acetyl.D.glucosamine.biosynthesis.I.g__Clostridium.s__Clostridium_disporicum	Diagnosis	IPF	0.504813925314333	0.442343672446057	19	3	0.269597834118681	0.662945493734461
PWY.6628..superpathway.of.L.phenylalanine.biosynthesis.g__Streptococcus.s__Streptococcus_thermophilus	Diagnosis	IPF	-0.705447355780713	0.624978481729985	19	3	0.274678956172692	0.665525522307877
PWY.6897..thiamine.diphosphate.salvage.II.g__Bifidobacterium.s__Bifidobacterium_adolescentis	Diagnosis	IPF	1.19512759677963	1.05715139103487	19	7	0.273956615498298	0.665525522307877
PWY.7357..thiamine.phosphate.formation.from.pyrithiamine.and.oxythiamine..yeast..g__Bifidobacterium.s__Bifidobacterium_adolescentis	Diagnosis	IPF	1.16373058177514	1.03040305374122	19	7	0.274416908736361	0.665525522307877
PYRIDNUCSYN.PWY..NAD.de.novo.biosynthesis.I..from.aspartate..unclassified	Diagnosis	IPF	-0.4522876333423	0.39875468611024	19	19	0.27243108789917	0.665525522307877
RHAMCAT.PWY..L.rhamnose.degradation.I.unclassified	Diagnosis	IPF	-0.297984262058073	0.264224739635567	19	19	0.275083882553922	0.665525522307877
PWY.5097..L.lysine.biosynthesis.VI.g__Bifidobacterium.s__Bifidobacterium_adolescentis	Diagnosis	IPF	1.37280805306124	1.2198017545326	19	7	0.276043278596658	0.665559638046748
PWY.7357..thiamine.phosphate.formation.from.pyrithiamine.and.oxythiamine..yeast..g__Roseburia.s__Roseburia_faecis	Diagnosis	IPF	-1.26533272067915	1.12631886371761	19	13	0.276872809427447	0.665559638046748
PYRIDNUCSYN.PWY..NAD.de.novo.biosynthesis.I..from.aspartate..g__Coprococcus.s__Coprococcus_comes	Diagnosis	IPF	0.695542768645522	0.620779162821375	19	9	0.278108058390797	0.666393111160057
PYRIDNUCSYN.PWY..NAD.de.novo.biosynthesis.I..from.aspartate..g__Bacteroides.s__Bacteroides_salyersiae	Diagnosis	IPF	-0.488785383959525	0.438960545293006	19	5	0.280988055409047	0.669019179545351
UDPNAGSYN.PWY..UDP.N.acetyl.D.glucosamine.biosynthesis.I.g__Flavonifractor.s__Flavonifractor_plautii	Diagnosis	IPF	-0.490718271693305	0.44022957434454	19	3	0.280495693544804	0.669019179545351
PWY.7977..L.methionine.biosynthesis.IV.g__Bacteroides.s__Bacteroides_thetaiotaomicron	Diagnosis	IPF	-0.901760913649324	0.81349739205525	19	15	0.283083217859225	0.671874725931704
PWY.702..L.methionine.biosynthesis.II.g__Klebsiella.s__Klebsiella_pneumoniae	Diagnosis	IPF	0.379336125972527	0.347206453658012	19	3	0.289838282764311	0.685737262060673
PWY.7237..myo...chiro..and.scyllo.inositol.degradation.g__Blautia.s__Blautia_sp	Diagnosis	IPF	1.03737540438491	0.95345846811333	19	14	0.291774475047718	0.688147346810655
PANTO.PWY..phosphopantothenate.biosynthesis.I.g__Bacteroides.s__Bacteroides_thetaiotaomicron	Diagnosis	IPF	-0.824167574926622	0.759357367360342	19	16	0.292919122008944	0.688681321337642
ASPASN.PWY..superpathway.of.L.aspartate.and.L.asparagine.biosynthesis.g__Klebsiella.s__Klebsiella_pneumoniae	Diagnosis	IPF	0.324341637017826	0.300973754719257	19	3	0.296248894884042	0.694223722026392
PWY.6630..superpathway.of.L.tyrosine.biosynthesis.g__Escherichia.s__Escherichia_coli	Diagnosis	IPF	0.630842397487318	0.586493469488366	19	3	0.297127753027296	0.694223722026392
LACTOSECAT.PWY..lactose.and.galactose.degradation.I.unclassified	Diagnosis	IPF	0.415804237883763	0.388522338955572	19	18	0.299480892882062	0.697548663545176
LACTOSECAT.PWY..lactose.and.galactose.degradation.I.g__Streptococcus.s__Streptococcus_australis	Diagnosis	IPF	0.413719505972499	0.390500658781261	19	5	0.304212532064815	0.700197498573805
PANTO.PWY..phosphopantothenate.biosynthesis.I.g__Bacteroides.s__Bacteroides_sp_CAG_144	Diagnosis	IPF	-0.477980026433005	0.44992610210334	19	4	0.302935067010587	0.700197498573805
PWY.7357..thiamine.phosphate.formation.from.pyrithiamine.and.oxythiamine..yeast..g__Blautia.s__Ruminococcus_gnavus	Diagnosis	IPF	0.464033739777968	0.438079411266638	19	3	0.304306939881264	0.700197498573805
PWY.7977..L.methionine.biosynthesis.IV.g__Roseburia.s__Roseburia_hominis	Diagnosis	IPF	-0.686369114439111	0.648042156901006	19	3	0.304352512713414	0.700197498573805
P125.PWY..superpathway.of..R.R..butanediol.biosynthesis.g__Streptococcus.s__Streptococcus_thermophilus	Diagnosis	IPF	-0.993016683644575	0.954225408679924	19	7	0.31261191844077	0.716999812937546
PWY.5097..L.lysine.biosynthesis.VI.g__Ruminococcus.s__Ruminococcus_lactaris	Diagnosis	IPF	-0.359636165433207	0.348027404399836	19	3	0.315914925454795	0.719312397204002
PWY.6630..superpathway.of.L.tyrosine.biosynthesis.g__Streptococcus.s__Streptococcus_thermophilus	Diagnosis	IPF	-0.524405227718027	0.507951829547948	19	3	0.316353296021125	0.719312397204002
PWY.7234..inosine.5..phosphate.biosynthesis.III.g__Bifidobacterium.s__Bifidobacterium_adolescentis	Diagnosis	IPF	1.29056764952049	1.25045944945907	19	7	0.316497454769761	0.719312397204002
PWY.5367..petroselinate.biosynthesis.unclassified	Diagnosis	IPF	0.735287631512516	0.717808088708441	19	7	0.320025652676614	0.722949516588737
PWY.6936..seleno.amino.acid.biosynthesis..plants..g__Ruminococcus.s__Ruminococcus_sp_CAG_254	Diagnosis	IPF	0.269914580920958	0.263283208111997	19	3	0.319642432614351	0.722949516588737
P621.PWY..nylon.6.oligomer.degradation.unclassified	Diagnosis	IPF	0.52788617888992	0.516946077614942	19	4	0.321490273681328	0.724077192975965
PWY.5097..L.lysine.biosynthesis.VI.g__Dorea.s__Dorea_sp_CAG_317	Diagnosis	IPF	-0.362393485675533	0.355870702941085	19	3	0.322796063254719	0.724841459404309
PWY.6897..thiamine.diphosphate.salvage.II.g__Prevotella.s__Prevotella_copri	Diagnosis	IPF	-0.670085834300374	0.665871291704223	19	4	0.3283670519292	0.727930220942061
PWY.7234..inosine.5..phosphate.biosynthesis.III.g__Coprococcus.s__Coprococcus_catus	Diagnosis	IPF	0.538435216557615	0.532032701831945	19	12	0.325710161518724	0.727930220942061
PWY.7237..myo...chiro..and.scyllo.inositol.degradation.g__Agathobaculum.s__Agathobaculum_butyriciproducens	Diagnosis	IPF	-0.658486151719307	0.655260392920116	19	10	0.329024459865812	0.727930220942061
PWY0.1297..superpathway.of.purine.deoxyribonucleosides.degradation.g__Klebsiella.s__Klebsiella_pneumoniae	Diagnosis	IPF	0.275806992342524	0.273245824631085	19	3	0.326947557220555	0.727930220942061
RHAMCAT.PWY..L.rhamnose.degradation.I.g__Roseburia.s__Roseburia_inulinivorans	Diagnosis	IPF	-0.507964981903864	0.505215796523781	19	7	0.328781888660088	0.727930220942061
PANTO.PWY..phosphopantothenate.biosynthesis.I.g__Bacteroides.s__Bacteroides_xylanisolvens	Diagnosis	IPF	-0.910072366251278	0.909047981805718	19	9	0.330803371464723	0.728614405852376
UDPNAGSYN.PWY..UDP.N.acetyl.D.glucosamine.biosynthesis.I.g__Roseburia.s__Roseburia_hominis	Diagnosis	IPF	-0.575764976017143	0.575696289166743	19	3	0.331276683194213	0.728614405852376
PANTO.PWY..phosphopantothenate.biosynthesis.I.g__Agathobaculum.s__Agathobaculum_butyriciproducens	Diagnosis	IPF	-0.650433393801849	0.658157498903776	19	9	0.336881639810881	0.734675954201013
PWY.5910..superpathway.of.geranylgeranyldiphosphate.biosynthesis.I..via.mevalonate..unclassified	Diagnosis	IPF	0.235487232384216	0.237447281639419	19	3	0.335228896094652	0.734675954201013
PWY.7357..thiamine.phosphate.formation.from.pyrithiamine.and.oxythiamine..yeast..g__Prevotella.s__Prevotella_copri	Diagnosis	IPF	-1.27699134045346	1.29464246114588	19	5	0.337785130488546	0.734675954201013
PWY.7977..L.methionine.biosynthesis.IV.g__Coprococcus.s__Coprococcus_eutactus	Diagnosis	IPF	-0.406065674818233	0.41182375810191	19	3	0.337950938932466	0.734675954201013
PWY.7977..L.methionine.biosynthesis.IV.g__Eubacterium.s__Eubacterium_hallii	Diagnosis	IPF	-0.749778291421195	0.777566549093542	19	15	0.348431686183261	0.755270996061981
UDPNAGSYN.PWY..UDP.N.acetyl.D.glucosamine.biosynthesis.I.g__Tyzzerella.s__Tyzzerella_sp	Diagnosis	IPF	-0.877365995297345	0.919734722136667	19	8	0.353485659585282	0.764017996221792
UDPNAGSYN.PWY..UDP.N.acetyl.D.glucosamine.biosynthesis.I.g__Streptococcus.s__Streptococcus_thermophilus	Diagnosis	IPF	1.05506468907679	1.11293492216544	19	9	0.356410789930282	0.768126702435953
PWY.5913..partial.TCA.cycle..obligate.autotrophs..g__Klebsiella.s__Klebsiella_pneumoniae	Diagnosis	IPF	0.450785481682991	0.478208030514714	19	3	0.359061607786598	0.768417474446088
PWY.6936..seleno.amino.acid.biosynthesis..plants..g__Streptococcus.s__Streptococcus_australis	Diagnosis	IPF	0.206344192734172	0.219267855265948	19	3	0.35985535779843	0.768417474446088
PWY.7977..L.methionine.biosynthesis.IV.g__Prevotella.s__Prevotella_copri	Diagnosis	IPF	-0.639221724496538	0.678389390387605	19	4	0.359256426217944	0.768417474446088
PWY.I9..L.cysteine.biosynthesis.VI..from.L.methionine..g__Anaerostipes.s__Anaerostipes_hadrus	Diagnosis	IPF	-0.875097061955567	0.931472539102388	19	13	0.360643934673364	0.768417474446088
PWY.5097..L.lysine.biosynthesis.VI.g__Coprococcus.s__Coprococcus_catus	Diagnosis	IPF	0.643472956907871	0.700369085263234	19	12	0.371072435887728	0.78628777673474
PWY.7977..L.methionine.biosynthesis.IV.g__Klebsiella.s__Klebsiella_pneumoniae	Diagnosis	IPF	0.355019541211055	0.387278538836544	19	3	0.372120215604274	0.78628777673474
RHAMCAT.PWY..L.rhamnose.degradation.I.g__Eubacterium.s__Eubacterium_eligens	Diagnosis	IPF	-0.819195771744305	0.893739528666023	19	8	0.37217621432111	0.78628777673474
UDPNAGSYN.PWY..UDP.N.acetyl.D.glucosamine.biosynthesis.I.g__Eggerthella.s__Eggerthella_lenta	Diagnosis	IPF	-0.287649619217655	0.318697816810679	19	3	0.3793611814813	0.79921597222184
OANTIGEN.PWY..O.antigen.building.blocks.biosynthesis..E..coli..g__Collinsella.s__Collinsella_aerofaciens	Diagnosis	IPF	0.750547583250497	0.834299276935534	19	11	0.380892305162155	0.800193918407889
PWY.7977..L.methionine.biosynthesis.IV.g__Faecalibacterium.s__Faecalibacterium_prausnitzii	Diagnosis	IPF	-0.577388862452838	0.651307730571571	19	11	0.387713611565644	0.805867478169017
PYRIDNUCSYN.PWY..NAD.de.novo.biosynthesis.I..from.aspartate..g__Alistipes.s__Alistipes_inops	Diagnosis	IPF	-0.496662793375212	0.560460942147536	19	5	0.38789087949202	0.805867478169017
RHAMCAT.PWY..L.rhamnose.degradation.I.g__Blautia.s__Ruminococcus_torques	Diagnosis	IPF	0.726070365759557	0.816973293838125	19	14	0.386549952945177	0.805867478169017
RHAMCAT.PWY..L.rhamnose.degradation.I.g__Roseburia.s__Roseburia_sp_CAG_100	Diagnosis	IPF	0.581459136831153	0.652987507248934	19	2	0.385647985132588	0.805867478169017
PWY.2941..L.lysine.biosynthesis.II.g__Roseburia.s__Roseburia_hominis	Diagnosis	IPF	-0.467445982406206	0.529174182306942	19	3	0.389368669663497	0.806703044882937
PANTO.PWY..phosphopantothenate.biosynthesis.I.g__Ruminococcaceae_unclassified.s__Ruminococcaceae_bacterium_KLE1738	Diagnosis	IPF	-0.529474578502332	0.60810593965962	19	7	0.396050043177004	0.80904544243427
PWY.6936..seleno.amino.acid.biosynthesis..plants..g__Roseburia.s__Roseburia_hominis	Diagnosis	IPF	-0.511132753874589	0.588140872714755	19	3	0.396915769956554	0.80904544243427
PWY.702..L.methionine.biosynthesis.II.g__Bifidobacterium.s__Bifidobacterium_pseudocatenulatum	Diagnosis	IPF	0.527381674604155	0.6025845333699	19	2	0.393663094394874	0.80904544243427
PWY.I9..L.cysteine.biosynthesis.VI..from.L.methionine..g__Bifidobacterium.s__Bifidobacterium_pseudocatenulatum	Diagnosis	IPF	0.515603423583152	0.59162324766074	19	2	0.395619237678929	0.80904544243427
RHAMCAT.PWY..L.rhamnose.degradation.I.g__Bacteroides.s__Bacteroides_ovatus	Diagnosis	IPF	1.23852938892973	1.42530060699459	19	12	0.396971630421082	0.80904544243427
UDPNAGSYN.PWY..UDP.N.acetyl.D.glucosamine.biosynthesis.I.g__Dialister.s__Dialister_sp_CAG_357	Diagnosis	IPF	-0.306277241801915	0.348782253406007	19	4	0.392113800739569	0.80904544243427
PANTO.PWY..phosphopantothenate.biosynthesis.I.g__Clostridium.s__Clostridium_sp_AF36_4	Diagnosis	IPF	-0.22412073499718	0.260016332336294	19	3	0.400711331537	0.812252699061486
PWY.7977..L.methionine.biosynthesis.IV.g__Bacteroides.s__Bacteroides_vulgatus	Diagnosis	IPF	-1.10079429048287	1.2749407002432	19	12	0.399930955234809	0.812252699061486
PWY.5097..L.lysine.biosynthesis.VI.g__Candidatus_Gastranaerophilales_unclassified.s__Candidatus_Gastranaerophilales_bacterium_HUM_10	Diagnosis	IPF	0.466697520879044	0.546185726793007	19	2	0.40472736619006	0.815982593125121
UDPNAGSYN.PWY..UDP.N.acetyl.D.glucosamine.biosynthesis.I.g__Erysipelatoclostridium.s__Clostridium_spiroforme	Diagnosis	IPF	0.197523457850336	0.230660137590019	19	3	0.403719503941235	0.815982593125121
OANTIGEN.PWY..O.antigen.building.blocks.biosynthesis..E..coli..g__Escherichia.s__Escherichia_coli	Diagnosis	IPF	0.50784948283712	0.614349959844681	19	4	0.419889911293631	0.815991088720449
OANTIGEN.PWY..O.antigen.building.blocks.biosynthesis..E..coli..unclassified	Diagnosis	IPF	0.243001118963837	0.289607563630524	19	19	0.413073766933255	0.815991088720449
PWY.4041...gamma..glutamyl.cycle.g__Streptococcus.s__Streptococcus_australis	Diagnosis	IPF	0.358166778009325	0.43184371694993	19	4	0.418378136423771	0.815991088720449
PWY.5097..L.lysine.biosynthesis.VI.g__Blautia.s__Ruminococcus_gnavus	Diagnosis	IPF	0.58168890961157	0.692433990697128	19	4	0.412531737428544	0.815991088720449
PWY.5484..glycolysis.II..from.fructose.6.phosphate..g__Bacteroides.s__Bacteroides_salyersiae	Diagnosis	IPF	-0.790861095485431	0.953811337210248	19	6	0.41850522976106	0.815991088720449
PWY.6549..L.glutamine.biosynthesis.III.unclassified	Diagnosis	IPF	0.273413575738719	0.324588015332456	19	18	0.411291859442492	0.815991088720449
PWY.7234..inosine.5..phosphate.biosynthesis.III.g__Alistipes.s__Alistipes_inops	Diagnosis	IPF	-0.418016097624954	0.49500377616992	19	4	0.410133735119232	0.815991088720449
PWY.7357..thiamine.phosphate.formation.from.pyrithiamine.and.oxythiamine..yeast..g__Agathobaculum.s__Agathobaculum_butyriciproducens	Diagnosis	IPF	-0.552763346529587	0.664998995360038	19	10	0.417369578984988	0.815991088720449
PWY.7357..thiamine.phosphate.formation.from.pyrithiamine.and.oxythiamine..yeast..g__Lachnospiraceae_unclassified.s__Eubacterium_rectale	Diagnosis	IPF	0.814937405003294	0.985470730238711	19	17	0.419720545733618	0.815991088720449
PWY0.1297..superpathway.of.purine.deoxyribonucleosides.degradation.g__Blautia.s__Blautia_sp_AF19_10LB	Diagnosis	IPF	-0.454988814005921	0.543089300982584	19	5	0.413778827942792	0.815991088720449
PWY66.409..superpathway.of.purine.nucleotide.salvage.g__Streptococcus.s__Streptococcus_thermophilus	Diagnosis	IPF	-0.482053772449036	0.579395605247928	19	4	0.416946808844417	0.815991088720449
PYRIDNUCSYN.PWY..NAD.de.novo.biosynthesis.I..from.aspartate..g__Blautia.s__Ruminococcus_gnavus	Diagnosis	IPF	0.597855328353581	0.713695362898678	19	4	0.413827559553558	0.815991088720449
PYRIDNUCSYN.PWY..NAD.de.novo.biosynthesis.I..from.aspartate..g__Ruminococcus.s__Ruminococcus_bicirculans	Diagnosis	IPF	-0.93845453465831	1.13543972042768	19	6	0.419963413661458	0.815991088720449
UDPNAGSYN.PWY..UDP.N.acetyl.D.glucosamine.biosynthesis.I.g__Bifidobacterium.s__Bifidobacterium_adolescentis	Diagnosis	IPF	1.33607497792853	1.57602342665225	19	8	0.408354529377794	0.815991088720449
PWY.5981..CDP.diacylglycerol.biosynthesis.III.g__Klebsiella.s__Klebsiella_pneumoniae	Diagnosis	IPF	0.393380425806499	0.478358007541784	19	2	0.422259732079697	0.81622370891694
PWY.6936..seleno.amino.acid.biosynthesis..plants..g__Eubacterium.s__Eubacterium_ventriosum	Diagnosis	IPF	-0.200168750002192	0.243283675761747	19	3	0.422025371719039	0.81622370891694
PWY.5097..L.lysine.biosynthesis.VI.g__Bacteroides.s__Bacteroides_vulgatus	Diagnosis	IPF	-1.17182391456995	1.42909306592298	19	12	0.423577353378048	0.816665848415261
GLYCOLYSIS..glycolysis.I..from.glucose.6.phosphate..g__Bacteroides.s__Bacteroides_salyersiae	Diagnosis	IPF	-0.778707667975384	0.958556328238952	19	6	0.427806373734947	0.821967552400589
LACTOSECAT.PWY..lactose.and.galactose.degradation.I.g__Collinsella.s__Collinsella_aerofaciens	Diagnosis	IPF	1.0911823078527	1.3626662980967	19	14	0.434314162547047	0.821967552400589
PANTO.PWY..phosphopantothenate.biosynthesis.I.g__Eggerthella.s__Eggerthella_lenta	Diagnosis	IPF	-0.263224169072931	0.325310606674628	19	4	0.429610399568985	0.821967552400589
PANTO.PWY..phosphopantothenate.biosynthesis.I.g__Firmicutes_unclassified.s__Firmicutes_bacterium_CAG_114	Diagnosis	IPF	-0.613980350012608	0.766869421623542	19	6	0.434391815360765	0.821967552400589
PWY.5097..L.lysine.biosynthesis.VI.g__Intestinibacter.s__Intestinibacter_bartlettii	Diagnosis	IPF	0.395205691059295	0.489497685101324	19	4	0.4306056534474	0.821967552400589
PWY.7234..inosine.5..phosphate.biosynthesis.III.unclassified	Diagnosis	IPF	0.390281011118133	0.488226445619135	19	18	0.435094824404045	0.821967552400589
RHAMCAT.PWY..L.rhamnose.degradation.I.g__Eubacterium.s__Eubacterium_sp_CAG_252	Diagnosis	IPF	0.353898145157902	0.442024593267251	19	2	0.434393059780306	0.821967552400589
RHAMCAT.PWY..L.rhamnose.degradation.I.g__Roseburia.s__Roseburia_sp_CAG_10041_57	Diagnosis	IPF	0.355949882955901	0.443908608484038	19	2	0.433703699023865	0.821967552400589
ASPASN.PWY..superpathway.of.L.aspartate.and.L.asparagine.biosynthesis.g__Bacteroides.s__Bacteroides_dorei	Diagnosis	IPF	-0.752301789807062	1.02744366786032	19	12	0.474016687157276	0.825534770275227
ASPASN.PWY..superpathway.of.L.aspartate.and.L.asparagine.biosynthesis.g__Butyricimonas.s__Butyricimonas_sp	Diagnosis	IPF	0.281568936381661	0.37597260294537	19	2	0.464149601431715	0.825534770275227
ASPASN.PWY..superpathway.of.L.aspartate.and.L.asparagine.biosynthesis.g__Butyricimonas.s__Butyricimonas_synergistica	Diagnosis	IPF	-0.50040103337682	0.644959954993625	19	4	0.448489376057258	0.825534770275227
GLYCOLYSIS.E.D..superpathway.of.glycolysis.and.the.Entner.Doudoroff.pathway.unclassified	Diagnosis	IPF	-0.713879133864697	0.945367657510947	19	15	0.460503441664875	0.825534770275227
HEMESYN2.PWY..heme.b.biosynthesis.II..oxygen.independent..g__Klebsiella.s__Klebsiella_pneumoniae	Diagnosis	IPF	0.281137159486854	0.373844238847808	19	3	0.46232677373552	0.825534770275227
NAD.BIOSYNTHESIS.II..NAD.salvage.pathway.III..to.nicotinamide.riboside..unclassified	Diagnosis	IPF	0.663969246338265	0.892514623177196	19	8	0.467077095293796	0.825534770275227
PANTO.PWY..phosphopantothenate.biosynthesis.I.g__Bacteroides.s__Bacteroides_caccae	Diagnosis	IPF	0.370692641481687	0.483155529329812	19	8	0.453467898931925	0.825534770275227
PANTO.PWY..phosphopantothenate.biosynthesis.I.g__Bacteroides.s__Bacteroides_finegoldii	Diagnosis	IPF	-0.44831470151325	0.600678140191456	19	2	0.465654252998742	0.825534770275227
PANTO.PWY..phosphopantothenate.biosynthesis.I.g__Bacteroides.s__Bacteroides_ovatus	Diagnosis	IPF	1.03536444628159	1.34109886514576	19	12	0.450698272332261	0.825534770275227
PANTO.PWY..phosphopantothenate.biosynthesis.I.g__Bacteroides.s__Bacteroides_salyersiae	Diagnosis	IPF	-0.491774672918853	0.649024850586161	19	6	0.458997983161879	0.825534770275227
PANTO.PWY..phosphopantothenate.biosynthesis.I.g__Bacteroides.s__Bacteroides_vulgatus	Diagnosis	IPF	-1.21893114184657	1.64771038533304	19	12	0.469531451936839	0.825534770275227
PANTO.PWY..phosphopantothenate.biosynthesis.I.g__Butyricimonas.s__Butyricimonas_virosa	Diagnosis	IPF	-0.183897170445121	0.260074538425149	19	4	0.489088223887014	0.825534770275227
PANTO.PWY..phosphopantothenate.biosynthesis.I.g__Candidatus_Gastranaerophilales_unclassified.s__Candidatus_Gastranaerophilales_bacterium_HUM_10	Diagnosis	IPF	0.271869574846763	0.367180201519158	19	2	0.46914563995109	0.825534770275227
PANTO.PWY..phosphopantothenate.biosynthesis.I.g__Clostridium.s__Clostridium_sp_44_14	Diagnosis	IPF	0.264490918901667	0.360504154778954	19	2	0.473147797088526	0.825534770275227
PANTO.PWY..phosphopantothenate.biosynthesis.I.g__Clostridium.s__Clostridium_sp_CAG_277	Diagnosis	IPF	0.258975733902186	0.355521686147959	19	2	0.476260564690308	0.825534770275227
PANTO.PWY..phosphopantothenate.biosynthesis.I.g__Dorea.s__Dorea_longicatena	Diagnosis	IPF	0.315129975749516	0.446265732874335	19	6	0.489661036659467	0.825534770275227
PWY.2941..L.lysine.biosynthesis.II.g__Intestinibacter.s__Intestinibacter_bartlettii	Diagnosis	IPF	0.415574181090879	0.539399322218943	19	4	0.451614531410532	0.825534770275227
PWY.2941..L.lysine.biosynthesis.II.g__Lactobacillus.s__Lactobacillus_casei_group	Diagnosis	IPF	0.336866576342604	0.426404707234856	19	2	0.440399793558126	0.825534770275227
PWY.4041...gamma..glutamyl.cycle.g__Klebsiella.s__Klebsiella_pneumoniae	Diagnosis	IPF	0.770975680149585	1.08212649431536	19	4	0.485842294383666	0.825534770275227
PWY.4041...gamma..glutamyl.cycle.g__Turicibacter.s__Turicibacter_sanguinis	Diagnosis	IPF	0.249884037895681	0.34732307113353	19	2	0.481633697748731	0.825534770275227
PWY.5097..L.lysine.biosynthesis.VI.g__Agathobaculum.s__Agathobaculum_butyriciproducens	Diagnosis	IPF	-0.414146146530858	0.537911317242402	19	8	0.451916839096308	0.825534770275227
PWY.5097..L.lysine.biosynthesis.VI.g__Eubacterium.s__Eubacterium_sp_CAG_252	Diagnosis	IPF	0.26892192664584	0.364511881271154	19	2	0.4707227852819	0.825534770275227
PWY.5097..L.lysine.biosynthesis.VI.g__Gemmiger.s__Gemmiger_formicilis	Diagnosis	IPF	-0.604342255057786	0.775247853234701	19	8	0.446375090935131	0.825534770275227
PWY.5981..CDP.diacylglycerol.biosynthesis.III.g__Lactobacillus.s__Lactobacillus_paragasseri	Diagnosis	IPF	0.318860723509222	0.409932092412143	19	2	0.447355422421902	0.825534770275227
PWY.6897..thiamine.diphosphate.salvage.II.g__Bacteroides.s__Bacteroides_fragilis	Diagnosis	IPF	-0.498060923254429	0.65252338712181	19	2	0.455756498087007	0.825534770275227
PWY.6897..thiamine.diphosphate.salvage.II.g__Blautia.s__Ruminococcus_torques	Diagnosis	IPF	0.496111698233971	0.693146017488542	19	12	0.483868425858539	0.825534770275227
PWY.6897..thiamine.diphosphate.salvage.II.g__Dorea.s__Dorea_longicatena	Diagnosis	IPF	0.527302489962267	0.722133291935252	19	8	0.475210436873608	0.825534770275227
PWY.6897..thiamine.diphosphate.salvage.II.g__Lachnospiraceae_unclassified.s__Eubacterium_rectale	Diagnosis	IPF	0.670963615483352	0.943897177112325	19	17	0.486820018097344	0.825534770275227
PWY.6936..seleno.amino.acid.biosynthesis..plants..g__Bacteroides.s__Bacteroides_galacturonicus	Diagnosis	IPF	-0.365938786090726	0.509356968313569	19	4	0.482248692642362	0.825534770275227
PWY.6936..seleno.amino.acid.biosynthesis..plants..g__Eubacterium.s__Eubacterium_sp_CAG_252	Diagnosis	IPF	0.295344280239656	0.388489981607279	19	2	0.45752807657736	0.825534770275227
PWY.6936..seleno.amino.acid.biosynthesis..plants..g__Roseburia.s__Roseburia_sp_CAG_10041_57	Diagnosis	IPF	0.271589063027639	0.366926195718746	19	2	0.469294513554518	0.825534770275227
PWY.702..L.methionine.biosynthesis.II.g__Streptococcus.s__Streptococcus_thermophilus	Diagnosis	IPF	0.799173903182912	1.12884884122718	19	7	0.48856708473945	0.825534770275227
PWY.7117..C4.photosynthetic.carbon.assimilation.cycle..PEPCK.type.g__Klebsiella.s__Klebsiella_pneumoniae	Diagnosis	IPF	0.325764671943804	0.416242890722281	19	2	0.44460961518233	0.825534770275227
PWY.7328..superpathway.of.UDP.glucose.derived.O.antigen.building.blocks.biosynthesis.g__Blautia.s__Ruminococcus_torques	Diagnosis	IPF	0.673539787948929	0.919137410450229	19	13	0.473667047123516	0.825534770275227
PWY.7328..superpathway.of.UDP.glucose.derived.O.antigen.building.blocks.biosynthesis.g__Streptococcus.s__Streptococcus_thermophilus	Diagnosis	IPF	-0.272525242997187	0.383659228994227	19	3	0.487129620221267	0.825534770275227
PWY.7357..thiamine.phosphate.formation.from.pyrithiamine.and.oxythiamine..yeast..g__Bacteroides.s__Bacteroides_fragilis	Diagnosis	IPF	-0.431707373231964	0.583399800002656	19	2	0.469405674029897	0.825534770275227
PWY.7761..NAD.salvage.pathway.II..PNC.IV.cycle..g__Klebsiella.s__Klebsiella_pneumoniae	Diagnosis	IPF	0.250109848812727	0.347526467445897	19	2	0.481496441165208	0.825534770275227
PWY.7977..L.methionine.biosynthesis.IV.g__Alistipes.s__Alistipes_finegoldii	Diagnosis	IPF	-0.686903260421702	0.97310111676243	19	11	0.489817297029968	0.825534770275227
PWY.7977..L.methionine.biosynthesis.IV.g__Bacteroides.s__Bacteroides_dorei	Diagnosis	IPF	-0.927004068119899	1.3095668118757	19	13	0.488617923142814	0.825534770275227
PWY.822..fructan.biosynthesis.g__Lactobacillus.s__Lactobacillus_paragasseri	Diagnosis	IPF	0.244307610266722	0.342304087670531	19	2	0.485087512791331	0.825534770275227
PWY.I9..L.cysteine.biosynthesis.VI..from.L.methionine..g__Blautia.s__Ruminococcus_torques	Diagnosis	IPF	0.63202609822004	0.82859366232902	19	14	0.456055403404057	0.825534770275227
PWY.I9..L.cysteine.biosynthesis.VI..from.L.methionine..g__Ruminococcus.s__Ruminococcus_sp_AF31_8BH	Diagnosis	IPF	-0.466002048076398	0.653290323817398	19	4	0.485328504387305	0.825534770275227
PYRIDNUCSYN.PWY..NAD.de.novo.biosynthesis.I..from.aspartate..g__Bacteroides.s__Bacteroides_vulgatus	Diagnosis	IPF	-0.999356226077702	1.39396671133427	19	11	0.483160718941706	0.825534770275227
RHAMCAT.PWY..L.rhamnose.degradation.I.g__Bacteroides.s__Bacteroides_vulgatus	Diagnosis	IPF	-1.02628124184336	1.33035894856411	19	11	0.451041482129884	0.825534770275227
UDPNAGSYN.PWY..UDP.N.acetyl.D.glucosamine.biosynthesis.I.g__Candidatus_Gastranaerophilales_unclassified.s__Candidatus_Gastranaerophilales_bacterium_HUM_10	Diagnosis	IPF	0.328662539489395	0.418893774684113	19	2	0.443486906102527	0.825534770275227
UDPNAGSYN.PWY..UDP.N.acetyl.D.glucosamine.biosynthesis.I.g__Eubacterium.s__Eubacterium_sp_CAG_115	Diagnosis	IPF	0.274133239665159	0.369230547421786	19	2	0.467953477234552	0.825534770275227
UDPNAGSYN.PWY..UDP.N.acetyl.D.glucosamine.biosynthesis.I.g__Eubacterium.s__Eubacterium_sp_CAG_251	Diagnosis	IPF	0.271487250865299	0.366583315905696	19	3	0.469049538755348	0.825534770275227
UDPNAGSYN.PWY..UDP.N.acetyl.D.glucosamine.biosynthesis.I.g__Sutterella.s__Sutterella_wadsworthensis	Diagnosis	IPF	0.609143025841565	0.822735101469426	19	8	0.469167905392037	0.825534770275227
ASPASN.PWY..superpathway.of.L.aspartate.and.L.asparagine.biosynthesis.g__Bacteroides.s__Bacteroides_massiliensis	Diagnosis	IPF	-0.290729956902293	0.41613184464479	19	5	0.494219321145354	0.827877635195527
ASPASN.PWY..superpathway.of.L.aspartate.and.L.asparagine.biosynthesis.g__Bacteroides.s__Bacteroides_vulgatus	Diagnosis	IPF	-0.995792511796378	1.42982254624239	19	12	0.495563432137596	0.827877635195527
PANTO.PWY..phosphopantothenate.biosynthesis.I.g__Dorea.s__Dorea_formicigenerans	Diagnosis	IPF	0.443200081689954	0.636463810409816	19	14	0.495622744270389	0.827877635195527
PWY.5097..L.lysine.biosynthesis.VI.g__Alistipes.s__Alistipes_finegoldii	Diagnosis	IPF	-0.624381216595935	0.892325060710699	19	11	0.493564280775547	0.827877635195527
ASPASN.PWY..superpathway.of.L.aspartate.and.L.asparagine.biosynthesis.g__Parabacteroides.s__Parabacteroides_distasonis	Diagnosis	IPF	0.531889857120032	0.776511487979347	19	12	0.502593943238256	0.830764332745874
LACTOSECAT.PWY..lactose.and.galactose.degradation.I.g__Eisenbergiella.s__Eisenbergiella_tayi	Diagnosis	IPF	-0.291410097973718	0.438318811750666	19	2	0.515073886302442	0.830764332745874
PANTO.PWY..phosphopantothenate.biosynthesis.I.g__Asaccharobacter.s__Asaccharobacter_celatus	Diagnosis	IPF	-0.385011603308956	0.558403125990213	19	6	0.499821012103034	0.830764332745874
PWY.5097..L.lysine.biosynthesis.VI.g__Klebsiella.s__Klebsiella_pneumoniae	Diagnosis	IPF	0.311714983354149	0.462739741030684	19	3	0.509602939341149	0.830764332745874
PWY.5097..L.lysine.biosynthesis.VI.g__Parabacteroides.s__Parabacteroides_merdae	Diagnosis	IPF	-0.551650015248356	0.82634660140111	19	10	0.513364874001107	0.830764332745874
PWY.5097..L.lysine.biosynthesis.VI.g__Roseburia.s__Roseburia_intestinalis	Diagnosis	IPF	-0.659588059514871	0.985674747286441	19	7	0.512370597453816	0.830764332745874
PWY.6936..seleno.amino.acid.biosynthesis..plants..g__Eubacterium.s__Eubacterium_sp_36_13	Diagnosis	IPF	0.357896606564636	0.525042956907922	19	4	0.504640341395331	0.830764332745874
PWY.7977..L.methionine.biosynthesis.IV.g__Bacteroides.s__Bacteroides_cellulosilyticus	Diagnosis	IPF	-0.5189649064801	0.763202188769465	19	8	0.505670129004271	0.830764332745874
PWY.7977..L.methionine.biosynthesis.IV.g__Bacteroides.s__Bacteroides_salyersiae	Diagnosis	IPF	-0.346426284055765	0.520493395119988	19	6	0.514614107670253	0.830764332745874
PWY.7977..L.methionine.biosynthesis.IV.g__Butyricimonas.s__Butyricimonas_synergistica	Diagnosis	IPF	-0.288958959789378	0.428726686696623	19	5	0.5093770312979	0.830764332745874
PWY0.1297..superpathway.of.purine.deoxyribonucleosides.degradation.unclassified	Diagnosis	IPF	-0.260726063968838	0.387546340549797	19	19	0.510141609931553	0.830764332745874
PYRIDNUCSYN.PWY..NAD.de.novo.biosynthesis.I..from.aspartate..g__Klebsiella.s__Klebsiella_pneumoniae	Diagnosis	IPF	0.22033017325765	0.320816383481179	19	2	0.501483218320144	0.830764332745874
PYRIDNUCSYN.PWY..NAD.de.novo.biosynthesis.I..from.aspartate..g__Roseburia.s__Roseburia_intestinalis	Diagnosis	IPF	-0.550580813318396	0.815979380073064	19	7	0.508908935226122	0.830764332745874
RHAMCAT.PWY..L.rhamnose.degradation.I.g__Bacteroides.s__Bacteroides_caccae	Diagnosis	IPF	0.391207203836505	0.569786140801544	19	7	0.501602243327356	0.830764332745874
RHAMCAT.PWY..L.rhamnose.degradation.I.g__Eisenbergiella.s__Eisenbergiella_tayi	Diagnosis	IPF	-0.300557274336185	0.447713186350533	19	2	0.51103856969737	0.830764332745874
UDPNAGSYN.PWY..UDP.N.acetyl.D.glucosamine.biosynthesis.I.g__Clostridium.s__Clostridium_sp_CAG_217	Diagnosis	IPF	-0.3724864056711	0.544600384085353	19	7	0.503216178111593	0.830764332745874
PWY.7977..L.methionine.biosynthesis.IV.g__Bacteroides.s__Bacteroides_xylanisolvens	Diagnosis	IPF	-0.619176811159573	0.937054859781275	19	8	0.517615447901392	0.833072072802669
PWY.5097..L.lysine.biosynthesis.VI.g__Blautia.s__Blautia_obeum	Diagnosis	IPF	-0.418735472942123	0.635436337094882	19	18	0.518740001364001	0.833094220605997
PANTO.PWY..phosphopantothenate.biosynthesis.I.g__Klebsiella.s__Klebsiella_pneumoniae	Diagnosis	IPF	0.248192325899341	0.383243735665262	19	3	0.525887475314636	0.836932802780842
PWY.6897..thiamine.diphosphate.salvage.II.g__Bacteroides.s__Bacteroides_ovatus	Diagnosis	IPF	0.644364597269341	0.992361283144159	19	11	0.524805263105726	0.836932802780842
PWY.6936..seleno.amino.acid.biosynthesis..plants..g__Eisenbergiella.s__Eisenbergiella_tayi	Diagnosis	IPF	-0.273477361005067	0.419937802523192	19	2	0.523602462946173	0.836932802780842
PWY.6936..seleno.amino.acid.biosynthesis..plants..unclassified	Diagnosis	IPF	0.37314821122129	0.577353612570771	19	19	0.526709710550077	0.836932802780842
PWY.7977..L.methionine.biosynthesis.IV.g__Coprococcus.s__Coprococcus_catus	Diagnosis	IPF	0.393482507451551	0.602920539801892	19	10	0.522724564077809	0.836932802780842
PWY.7977..L.methionine.biosynthesis.IV.g__Collinsella.s__Collinsella_aerofaciens	Diagnosis	IPF	0.697164447371085	1.0864002517825	19	14	0.529613631519064	0.83976791467082
GLYCOLYSIS..glycolysis.I..from.glucose.6.phosphate..g__Bacteroides.s__Bacteroides_cellulosilyticus	Diagnosis	IPF	-0.238530537646001	0.384278597569821	19	2	0.543015104220285	0.842171014288877
OANTIGEN.PWY..O.antigen.building.blocks.biosynthesis..E..coli..g__Roseburia.s__Roseburia_hominis	Diagnosis	IPF	-0.222260756026508	0.367763795291716	19	2	0.553587080059222	0.842171014288877
PANTO.PWY..phosphopantothenate.biosynthesis.I.g__Blautia.s__Blautia_obeum	Diagnosis	IPF	-0.573236412504132	0.947289696792811	19	16	0.553083444779485	0.842171014288877
PWY.5097..L.lysine.biosynthesis.VI.g__Bacteroides.s__Bacteroides_cellulosilyticus	Diagnosis	IPF	-0.550218087175463	0.878023221396566	19	7	0.539209957283434	0.842171014288877
PWY.5097..L.lysine.biosynthesis.VI.g__Blautia.s__Blautia_sp_AF19_10LB	Diagnosis	IPF	-0.253351987708205	0.408716047751988	19	5	0.543561528010893	0.842171014288877
PWY.5097..L.lysine.biosynthesis.VI.g__Faecalibacterium.s__Faecalibacterium_prausnitzii	Diagnosis	IPF	-0.442343688230056	0.706604826171618	19	15	0.539621464146505	0.842171014288877
PWY.5097..L.lysine.biosynthesis.VI.g__Ruminococcus.s__Ruminococcus_callidus	Diagnosis	IPF	-0.414959064490269	0.665063447480959	19	4	0.540950472195382	0.842171014288877
PWY.5484..glycolysis.II..from.fructose.6.phosphate..g__Bacteroides.s__Bacteroides_cellulosilyticus	Diagnosis	IPF	-0.236825130864653	0.382544673447485	19	2	0.544072503969095	0.842171014288877
PWY.5981..CDP.diacylglycerol.biosynthesis.III.g__Escherichia.s__Escherichia_coli	Diagnosis	IPF	-0.254783565120229	0.400833960694446	19	2	0.533479182735072	0.842171014288877
PWY.6897..thiamine.diphosphate.salvage.II.g__Blautia.s__Blautia_obeum	Diagnosis	IPF	-0.438271338351924	0.724238788003448	19	9	0.5530740996434	0.842171014288877
PWY.7115..C4.photosynthetic.carbon.assimilation.cycle..NAD.ME.type.g__Klebsiella.s__Klebsiella_pneumoniae	Diagnosis	IPF	0.237809912821561	0.391600604032445	19	3	0.551693202281669	0.842171014288877
PWY.7357..thiamine.phosphate.formation.from.pyrithiamine.and.oxythiamine..yeast..g__Blautia.s__Blautia_sp	Diagnosis	IPF	0.195166225551964	0.309235141254056	19	3	0.536352470177791	0.842171014288877
PWY.7357..thiamine.phosphate.formation.from.pyrithiamine.and.oxythiamine..yeast..g__Collinsella.s__Collinsella_aerofaciens	Diagnosis	IPF	0.438656714375873	0.692579789279552	19	12	0.534923265205608	0.842171014288877
PWY.I9..L.cysteine.biosynthesis.VI..from.L.methionine..g__Coprococcus.s__Coprococcus_catus	Diagnosis	IPF	0.251316112697788	0.401684828026019	19	4	0.539850672534897	0.842171014288877
PYRIDNUCSYN.PWY..NAD.de.novo.biosynthesis.I..from.aspartate..g__Alistipes.s__Alistipes_putredinis	Diagnosis	IPF	-0.51053513592948	0.834741088106796	19	11	0.548889079754037	0.842171014288877
PYRIDNUCSYN.PWY..NAD.de.novo.biosynthesis.I..from.aspartate..g__Anaerostipes.s__Anaerostipes_hadrus	Diagnosis	IPF	-0.576380079718099	0.911108159863374	19	15	0.535402683647752	0.842171014288877
PYRIDNUCSYN.PWY..NAD.de.novo.biosynthesis.I..from.aspartate..g__Bacteroides.s__Bacteroides_uniformis	Diagnosis	IPF	-0.418524117011781	0.685719042115399	19	16	0.549707414967549	0.842171014288877
RHAMCAT.PWY..L.rhamnose.degradation.I.g__Klebsiella.s__Klebsiella_pneumoniae	Diagnosis	IPF	0.38421328244278	0.633952289796407	19	3	0.552481925077948	0.842171014288877
RHAMCAT.PWY..L.rhamnose.degradation.I.g__Streptococcus.s__Streptococcus_parasanguinis	Diagnosis	IPF	0.276188119297622	0.455153313283219	19	4	0.55200065248943	0.842171014288877
UDPNAGSYN.PWY..UDP.N.acetyl.D.glucosamine.biosynthesis.I.g__Clostridium.s__Clostridium_perfringens	Diagnosis	IPF	-0.227481637087979	0.373056552605704	19	2	0.5500733292651	0.842171014288877
PWY0.1297..superpathway.of.purine.deoxyribonucleosides.degradation.g__Clostridium.s__Clostridium_perfringens	Diagnosis	IPF	-0.216637501182101	0.362070697137033	19	2	0.557508692940482	0.846420080375226
PWY.4041...gamma..glutamyl.cycle.unclassified	Diagnosis	IPF	0.264138891915887	0.443100216300617	19	17	0.55895260461897	0.846897885786318
OANTIGEN.PWY..O.antigen.building.blocks.biosynthesis..E..coli..g__Clostridium.s__Clostridium_perfringens	Diagnosis	IPF	-0.205824369685729	0.35114670989222	19	2	0.565477285909435	0.852174293723486
PANTO.PWY..phosphopantothenate.biosynthesis.I.unclassified	Diagnosis	IPF	-0.234328608477916	0.398691505136889	19	19	0.564430428135291	0.852174293723486
PWY.I9..L.cysteine.biosynthesis.VI..from.L.methionine..g__Klebsiella.s__Klebsiella_pneumoniae	Diagnosis	IPF	0.364550351894526	0.622533775320197	19	3	0.565843731032395	0.852174293723486
ASPASN.PWY..superpathway.of.L.aspartate.and.L.asparagine.biosynthesis.g__Flavonifractor.s__Flavonifractor_plautii	Diagnosis	IPF	-0.201946600893281	0.347237146533022	19	2	0.568481143618374	0.85290250849033
PWY.5367..petroselinate.biosynthesis.g__Klebsiella.s__Klebsiella_pneumoniae	Diagnosis	IPF	0.346201188087817	0.595463136949259	19	3	0.568601672326887	0.85290250849033
PWY.5097..L.lysine.biosynthesis.VI.g__Bacteroides.s__Bacteroides_stercoris	Diagnosis	IPF	-0.199849078764808	0.345124263644382	19	2	0.570139895699831	0.853502837873998
PANTO.PWY..phosphopantothenate.biosynthesis.I.g__Alistipes.s__Alistipes_putredinis	Diagnosis	IPF	-0.46391736347606	0.820064812138956	19	11	0.578983281415466	0.856484144105719
PWY.2941..L.lysine.biosynthesis.II.g__Turicibacter.s__Turicibacter_sanguinis	Diagnosis	IPF	0.143998411204867	0.25378724473019	19	2	0.577860424525162	0.856484144105719
PWY.6897..thiamine.diphosphate.salvage.II.g__Bacteroides.s__Bacteroides_uniformis	Diagnosis	IPF	-0.459715839166671	0.808984114727186	19	16	0.577286144340277	0.856484144105719
PWY.7234..inosine.5..phosphate.biosynthesis.III.g__Alistipes.s__Alistipes_finegoldii	Diagnosis	IPF	-0.504329671757355	0.886232360885374	19	7	0.576749639703732	0.856484144105719
PYRIDNUCSYN.PWY..NAD.de.novo.biosynthesis.I..from.aspartate..g__Coprococcus.s__Coprococcus_eutactus	Diagnosis	IPF	-0.424582569581538	0.744470981878586	19	4	0.575925384194559	0.856484144105719
UDPNAGSYN.PWY..UDP.N.acetyl.D.glucosamine.biosynthesis.I.g__Bifidobacterium.s__Bifidobacterium_animalis	Diagnosis	IPF	0.143810687423908	0.253625882399788	19	2	0.578112255926185	0.856484144105719
LACTOSECAT.PWY..lactose.and.galactose.degradation.I.g__Anaerostipes.s__Anaerostipes_hadrus	Diagnosis	IPF	-0.481394847249887	0.86259863023475	19	13	0.584068719129705	0.859769873400978
PANTO.PWY..phosphopantothenate.biosynthesis.I.g__Bacteroides.s__Bacteroides_uniformis	Diagnosis	IPF	-0.387226310156272	0.699234558135218	19	16	0.586936233575068	0.859769873400978
PANTO.PWY..phosphopantothenate.biosynthesis.I.g__Eubacterium.s__Eubacterium_ventriosum	Diagnosis	IPF	0.261614443024952	0.471363606218889	19	4	0.586113045646413	0.859769873400978
PANTO.PWY..phosphopantothenate.biosynthesis.I.g__Roseburia.s__Roseburia_faecis	Diagnosis	IPF	-0.578031377535839	1.03614971417737	19	12	0.584209222231291	0.859769873400978
PWY.6936..seleno.amino.acid.biosynthesis..plants..g__Streptococcus.s__Streptococcus_thermophilus	Diagnosis	IPF	-0.435452325494924	0.78604657308644	19	6	0.586807876326286	0.859769873400978
ASPASN.PWY..superpathway.of.L.aspartate.and.L.asparagine.biosynthesis.g__Blautia.s__Ruminococcus_torques	Diagnosis	IPF	0.499837465571147	0.965591089380275	19	14	0.611373650450035	0.862936229218237
NAD.BIOSYNTHESIS.II..NAD.salvage.pathway.III..to.nicotinamide.riboside..g__Escherichia.s__Escherichia_coli	Diagnosis	IPF	0.215044703855699	0.408088395013515	19	3	0.605032909566005	0.862936229218237
PANTO.PWY..phosphopantothenate.biosynthesis.I.g__Bacteroides.s__Bacteroides_dorei	Diagnosis	IPF	-0.761311022068908	1.42243466077712	19	12	0.599432053995798	0.862936229218237
PANTO.PWY..phosphopantothenate.biosynthesis.I.g__Eggerthella.s__Eggerthella_sp_CAG_209	Diagnosis	IPF	-0.161741172173109	0.306994282602682	19	2	0.605102338306212	0.862936229218237
PANTO.PWY..phosphopantothenate.biosynthesis.I.g__Senegalimassilia.s__Senegalimassilia_anaerobia	Diagnosis	IPF	0.122676402816591	0.235607932259896	19	2	0.609305095252809	0.862936229218237
PWY.5097..L.lysine.biosynthesis.VI.g__Blautia.s__Blautia_wexlerae	Diagnosis	IPF	0.40998315115531	0.789879678910694	19	7	0.610420624079081	0.862936229218237
PWY.5097..L.lysine.biosynthesis.VI.g__Parabacteroides.s__Parabacteroides_goldsteinii	Diagnosis	IPF	0.236253505102293	0.445013717286309	19	3	0.602362274287923	0.862936229218237
PWY.5367..petroselinate.biosynthesis.g__Escherichia.s__Escherichia_coli	Diagnosis	IPF	-0.481284192200334	0.892681525232819	19	4	0.596778179492662	0.862936229218237
PWY.6936..seleno.amino.acid.biosynthesis..plants..g__Anaerostipes.s__Anaerostipes_hadrus	Diagnosis	IPF	-0.469408288006115	0.907705902879859	19	15	0.611723559347391	0.862936229218237
PWY.6936..seleno.amino.acid.biosynthesis..plants..g__Coprococcus.s__Coprococcus_eutactus	Diagnosis	IPF	-0.434175259754735	0.802531700659426	19	4	0.59552159025302	0.862936229218237
PWY.7234..inosine.5..phosphate.biosynthesis.III.g__Klebsiella.s__Klebsiella_pneumoniae	Diagnosis	IPF	-0.173873832734795	0.319076449178479	19	2	0.592880391135391	0.862936229218237
PWY.7357..thiamine.phosphate.formation.from.pyrithiamine.and.oxythiamine..yeast..g__Bacteroides.s__Bacteroides_uniformis	Diagnosis	IPF	-0.451360366441924	0.86236655909169	19	16	0.607453715021593	0.862936229218237
PWY.7977..L.methionine.biosynthesis.IV.g__Bacteroides.s__Bacteroides_finegoldii	Diagnosis	IPF	-0.175044193292655	0.320245000651384	19	2	0.59175995522442	0.862936229218237
PWY.7977..L.methionine.biosynthesis.IV.g__Bacteroides.s__Bacteroides_stercoris	Diagnosis	IPF	-0.164213802734363	0.309451761562849	19	2	0.602518220860999	0.862936229218237
PWY.7977..L.methionine.biosynthesis.IV.g__Bacteroides.s__Bacteroides_uniformis	Diagnosis	IPF	-0.356346184637851	0.664077874920698	19	16	0.598494744995399	0.862936229218237
PWY.7977..L.methionine.biosynthesis.IV.g__Escherichia.s__Escherichia_coli	Diagnosis	IPF	-0.486479918211892	0.939817016428695	19	6	0.611385001474384	0.862936229218237
PYRIDNUCSYN.PWY..NAD.de.novo.biosynthesis.I..from.aspartate..g__Bacteroides.s__Bacteroides_finegoldii	Diagnosis	IPF	-0.164712154605907	0.309947369848576	19	2	0.602003370804239	0.862936229218237
RHAMCAT.PWY..L.rhamnose.degradation.I.g__Roseburia.s__Roseburia_intestinalis	Diagnosis	IPF	-0.467940094907434	0.889595357329262	19	10	0.605672977677467	0.862936229218237
UDPNAGSYN.PWY..UDP.N.acetyl.D.glucosamine.biosynthesis.I.g__Erysipelatoclostridium.s__Erysipelatoclostridium_ramosum	Diagnosis	IPF	0.1209597400382	0.23415841069792	19	2	0.612109431925469	0.862936229218237
UDPNAGSYN.PWY..UDP.N.acetyl.D.glucosamine.biosynthesis.I.g__Senegalimassilia.s__Senegalimassilia_anaerobia	Diagnosis	IPF	0.127683901950779	0.239848896054369	19	2	0.601371961222349	0.862936229218237
PWY.7977..L.methionine.biosynthesis.IV.g__Alistipes.s__Alistipes_putredinis	Diagnosis	IPF	-0.31821443637612	0.621534880830027	19	11	0.615250581920741	0.865737216586409
UDPNAGSYN.PWY..UDP.N.acetyl.D.glucosamine.biosynthesis.I.g__Firmicutes_unclassified.s__Firmicutes_bacterium_CAG_41	Diagnosis	IPF	0.342820144915597	0.67221585923287	19	13	0.61661903749755	0.866037974013413
ASPASN.PWY..superpathway.of.L.aspartate.and.L.asparagine.biosynthesis.g__Bacteroides.s__Bacteroides_eggerthii	Diagnosis	IPF	0.349627611168214	0.692361201392741	19	5	0.620057216304364	0.86761737356021
PWY.5484..glycolysis.II..from.fructose.6.phosphate..g__Escherichia.s__Escherichia_coli	Diagnosis	IPF	-0.523290102993136	1.03470643005726	19	6	0.619535317983848	0.86761737356021
ASPASN.PWY..superpathway.of.L.aspartate.and.L.asparagine.biosynthesis.g__Ruminococcus.s__Ruminococcus_sp_AF31_8BH	Diagnosis	IPF	-0.438096278167079	0.884396401815608	19	5	0.626686754070755	0.869745953819129
PWY.5097..L.lysine.biosynthesis.VI.g__Bacteroides.s__Bacteroides_ovatus	Diagnosis	IPF	0.430908583170131	0.871642749984863	19	9	0.627376748021532	0.869745953819129
PWY.6628..superpathway.of.L.phenylalanine.biosynthesis.g__Bifidobacterium.s__Bifidobacterium_longum	Diagnosis	IPF	-0.331413497539915	0.666456104579467	19	7	0.625363666462417	0.869745953819129
PWY.6628..superpathway.of.L.phenylalanine.biosynthesis.unclassified	Diagnosis	IPF	-0.112041986941295	0.224259259954744	19	19	0.623754674280259	0.869745953819129
UDPNAGSYN.PWY..UDP.N.acetyl.D.glucosamine.biosynthesis.I.g__Klebsiella.s__Klebsiella_pneumoniae	Diagnosis	IPF	0.29482661237025	0.592356668162136	19	3	0.625059398291807	0.869745953819129
PWY.6630..superpathway.of.L.tyrosine.biosynthesis.unclassified	Diagnosis	IPF	-0.200906766409419	0.409769930585213	19	19	0.63019540388471	0.871831054911177
PWY.7977..L.methionine.biosynthesis.IV.g__Parabacteroides.s__Parabacteroides_goldsteinii	Diagnosis	IPF	0.271015587603111	0.554412153381465	19	4	0.631205683755692	0.871831054911177
PYRIDNUCSYN.PWY..NAD.de.novo.biosynthesis.I..from.aspartate..g__Escherichia.s__Escherichia_coli	Diagnosis	IPF	-0.445294616891676	0.918325618922573	19	5	0.633937555162701	0.873994791125048
PWY0.1297..superpathway.of.purine.deoxyribonucleosides.degradation.g__Streptococcus.s__Streptococcus_australis	Diagnosis	IPF	0.153643227235266	0.318172470559988	19	4	0.635331701412772	0.874309680843264
PWY.5097..L.lysine.biosynthesis.VI.g__Bacteroides.s__Bacteroides_salyersiae	Diagnosis	IPF	-0.347688383958604	0.723171372409271	19	6	0.636800065169601	0.874725364243957
PWY.5367..petroselinate.biosynthesis.g__Streptococcus.s__Streptococcus_parasanguinis	Diagnosis	IPF	0.10403492497666	0.219997300688723	19	2	0.642305067085797	0.876101781662769
PWY.7328..superpathway.of.UDP.glucose.derived.O.antigen.building.blocks.biosynthesis.g__Faecalibacterium.s__Faecalibacterium_prausnitzii	Diagnosis	IPF	0.193364589725865	0.409108004889472	19	4	0.642474639886031	0.876101781662769
PYRIDNUCSYN.PWY..NAD.de.novo.biosynthesis.I..from.aspartate..g__Bacteroides.s__Bacteroides_dorei	Diagnosis	IPF	-0.799740654768634	1.68871034817808	19	11	0.641823615983313	0.876101781662769
PYRIDNUCSYN.PWY..NAD.de.novo.biosynthesis.I..from.aspartate..g__Bacteroides.s__Bacteroides_eggerthii	Diagnosis	IPF	0.329464894201301	0.692958564445499	19	5	0.64052031176297	0.876101781662769
RHAMCAT.PWY..L.rhamnose.degradation.I.g__Bacteroides.s__Bacteroides_finegoldii	Diagnosis	IPF	-0.129084778448843	0.274809191863577	19	2	0.644520322048014	0.87729626413069
ASPASN.PWY..superpathway.of.L.aspartate.and.L.asparagine.biosynthesis.g__Haemophilus.s__Haemophilus_sp_HMSC71H05	Diagnosis	IPF	0.101766162721681	0.218118381669406	19	2	0.64673516735263	0.877810476159486
PWY66.409..superpathway.of.purine.nucleotide.salvage.g__Clostridium.s__Clostridium_perfringens	Diagnosis	IPF	-0.127129289570519	0.272900068200965	19	2	0.647238924421594	0.877810476159486
PANTO.PWY..phosphopantothenate.biosynthesis.I.g__Eubacterium.s__Eubacterium_sp_CAG_38	Diagnosis	IPF	-0.141636429394591	0.306139441812065	19	3	0.649479769458249	0.878444328144177
PWY.6897..thiamine.diphosphate.salvage.II.g__Faecalibacterium.s__Faecalibacterium_prausnitzii	Diagnosis	IPF	0.384759175001894	0.833094318777175	19	15	0.650048802826691	0.878444328144177
PWY.5097..L.lysine.biosynthesis.VI.g__Bacteroides.s__Bacteroides_eggerthii	Diagnosis	IPF	0.296410884046834	0.656690654358011	19	5	0.657427419442883	0.880483151039575
PWY.6936..seleno.amino.acid.biosynthesis..plants..g__Roseburia.s__Roseburia_faecis	Diagnosis	IPF	-0.566495755349058	1.24596722232306	19	12	0.655103505235599	0.880483151039575
PWY.7357..thiamine.phosphate.formation.from.pyrithiamine.and.oxythiamine..yeast..g__Eubacterium.s__Eubacterium_hallii	Diagnosis	IPF	-0.356068117818313	0.779116303798433	19	17	0.653445857660553	0.880483151039575
PWY.7357..thiamine.phosphate.formation.from.pyrithiamine.and.oxythiamine..yeast..g__Roseburia.s__Roseburia_inulinivorans	Diagnosis	IPF	0.408819759663052	0.905183393304066	19	11	0.657235053050474	0.880483151039575
PYRIDNUCSYN.PWY..NAD.de.novo.biosynthesis.I..from.aspartate..g__Eubacterium.s__Eubacterium_hallii	Diagnosis	IPF	-0.249053542407526	0.548630781753966	19	7	0.65560337616886	0.880483151039575
RHAMCAT.PWY..L.rhamnose.degradation.I.g__Bacteroides.s__Bacteroides_dorei	Diagnosis	IPF	-0.72268270757275	1.61152297650987	19	12	0.659493800995179	0.881676204539009
PANTO.PWY..phosphopantothenate.biosynthesis.I.g__Firmicutes_unclassified.s__Firmicutes_bacterium_CAG_102	Diagnosis	IPF	-0.204348809157813	0.463901293807265	19	3	0.665124559334465	0.883331695963572
PANTO.PWY..phosphopantothenate.biosynthesis.I.g__Ruminococcus.s__Ruminococcus_callidus	Diagnosis	IPF	-0.371482133168594	0.844178192331854	19	5	0.665443210959224	0.883331695963572
PWY.5097..L.lysine.biosynthesis.VI.g__Bacteroides.s__Bacteroides_dorei	Diagnosis	IPF	-0.798874824579213	1.80550407884486	19	12	0.663729718060127	0.883331695963572
UDPNAGSYN.PWY..UDP.N.acetyl.D.glucosamine.biosynthesis.I.g__Firmicutes_unclassified.s__Firmicutes_bacterium_CAG_124	Diagnosis	IPF	0.398612745855153	0.899873472794785	19	8	0.663375868792735	0.883331695963572
PWY.5097..L.lysine.biosynthesis.VI.g__Blautia.s__Blautia_sp_CAG_52	Diagnosis	IPF	0.264835146095835	0.612116913379667	19	8	0.67070452397207	0.885361062680166
PWY.702..L.methionine.biosynthesis.II.g__Blautia.s__Ruminococcus_torques	Diagnosis	IPF	0.399518310303745	0.929953766395914	19	13	0.672874407636926	0.885361062680166
PWY.7328..superpathway.of.UDP.glucose.derived.O.antigen.building.blocks.biosynthesis.g__Escherichia.s__Escherichia_coli	Diagnosis	IPF	0.315774176028174	0.726186884630844	19	4	0.66914916070719	0.885361062680166
PWY.7357..thiamine.phosphate.formation.from.pyrithiamine.and.oxythiamine..yeast..g__Klebsiella.s__Klebsiella_pneumoniae	Diagnosis	IPF	-0.111188837550942	0.257428733406481	19	2	0.671227308535241	0.885361062680166
PYRIDNUCSYN.PWY..NAD.de.novo.biosynthesis.I..from.aspartate..g__Bacteroides.s__Bacteroides_ovatus	Diagnosis	IPF	0.421914205025167	0.980814789622425	19	9	0.672477711318765	0.885361062680166
HEMESYN2.PWY..heme.b.biosynthesis.II..oxygen.independent..g__Sutterella.s__Sutterella_wadsworthensis	Diagnosis	IPF	-0.40863972141668	0.984372300285754	19	6	0.683240887616785	0.887190824539377
LACTOSECAT.PWY..lactose.and.galactose.degradation.I.g__Lactobacillus.s__Lactobacillus_ruminis	Diagnosis	IPF	0.0801618639369115	0.200494406215322	19	2	0.694267261680402	0.887190824539377
P125.PWY..superpathway.of..R.R..butanediol.biosynthesis.g__Streptococcus.s__Streptococcus_australis	Diagnosis	IPF	0.279455146281785	0.69666036731531	19	4	0.693317523304692	0.887190824539377
PANTO.PWY..phosphopantothenate.biosynthesis.I.g__Bacteroides.s__Bacteroides_eggerthii	Diagnosis	IPF	0.256306312379273	0.628883830878863	19	5	0.68868497592698	0.887190824539377
PANTO.PWY..phosphopantothenate.biosynthesis.I.g__Blautia.s__Blautia_wexlerae	Diagnosis	IPF	0.260268811817522	0.624536151874426	19	7	0.682083722722172	0.887190824539377
PANTO.PWY..phosphopantothenate.biosynthesis.I.g__Roseburia.s__Roseburia_intestinalis	Diagnosis	IPF	-0.543565178150569	1.37798056794008	19	8	0.698142445493008	0.887190824539377
PWY.4041...gamma..glutamyl.cycle.g__Bacteroides.s__Bacteroides_vulgatus	Diagnosis	IPF	-0.421534991853305	1.00341544127795	19	6	0.67967409818746	0.887190824539377
PWY.5097..L.lysine.biosynthesis.VI.g__Eubacterium.s__Eubacterium_sp_CAG_180	Diagnosis	IPF	0.466633249286103	1.14051499177167	19	9	0.687543515982373	0.887190824539377
PWY.6936..seleno.amino.acid.biosynthesis..plants..g__Ruminococcus.s__Ruminococcus_callidus	Diagnosis	IPF	-0.218381172014884	0.535222279532029	19	4	0.68835212907138	0.887190824539377
PWY.7234..inosine.5..phosphate.biosynthesis.III.g__Escherichia.s__Escherichia_coli	Diagnosis	IPF	-0.393407279188485	0.928338088719606	19	5	0.677042757981694	0.887190824539377
PWY.I9..L.cysteine.biosynthesis.VI..from.L.methionine..g__Blautia.s__Blautia_sp	Diagnosis	IPF	-0.0953331432322112	0.242222514845057	19	2	0.698786019612821	0.887190824539377
PWY66.409..superpathway.of.purine.nucleotide.salvage.unclassified	Diagnosis	IPF	-0.264020980701322	0.671578996600441	19	16	0.699106369737029	0.887190824539377
PYRIDNUCSYN.PWY..NAD.de.novo.biosynthesis.I..from.aspartate..g__Bacteroides.s__Bacteroides_massiliensis	Diagnosis	IPF	-0.208724769890583	0.509216449232483	19	5	0.687002672845745	0.887190824539377
RHAMCAT.PWY..L.rhamnose.degradation.I.g__Asaccharobacter.s__Asaccharobacter_celatus	Diagnosis	IPF	0.158601951718172	0.397087068391078	19	3	0.694561732949113	0.887190824539377
RHAMCAT.PWY..L.rhamnose.degradation.I.g__Bacteroides.s__Bacteroides_fragilis	Diagnosis	IPF	-0.238072084087667	0.604016208769336	19	8	0.698371751559516	0.887190824539377
RHAMCAT.PWY..L.rhamnose.degradation.I.g__Blautia.s__Ruminococcus_gnavus	Diagnosis	IPF	0.305519575319	0.730842547357367	19	5	0.68115259016898	0.887190824539377
UDPNAGSYN.PWY..UDP.N.acetyl.D.glucosamine.biosynthesis.I.g__Clostridium.s__Clostridium_sp_CAG_242	Diagnosis	IPF	0.0818390500713451	0.201843662563368	19	2	0.690198323808887	0.887190824539377
UDPNAGSYN.PWY..UDP.N.acetyl.D.glucosamine.biosynthesis.I.g__Coprococcus.s__Coprococcus_eutactus	Diagnosis	IPF	-0.257565985898703	0.630507094128735	19	4	0.688001775807414	0.887190824539377
UDPNAGSYN.PWY..UDP.N.acetyl.D.glucosamine.biosynthesis.I.g__Escherichia.s__Escherichia_coli	Diagnosis	IPF	-0.484289449425952	1.16273066738274	19	6	0.682248009281097	0.887190824539377
UDPNAGSYN.PWY..UDP.N.acetyl.D.glucosamine.biosynthesis.I.g__Firmicutes_unclassified.s__Firmicutes_bacterium_CAG_102	Diagnosis	IPF	-0.228214946138693	0.569333817837097	19	4	0.693526890652778	0.887190824539377
UDPNAGSYN.PWY..UDP.N.acetyl.D.glucosamine.biosynthesis.I.g__Ruminococcus.s__Ruminococcus_bicirculans	Diagnosis	IPF	-0.546621059710105	1.29544192342634	19	7	0.678344153214514	0.887190824539377
PWY.4041...gamma..glutamyl.cycle.g__Bacteroides.s__Bacteroides_ovatus	Diagnosis	IPF	-0.42833120167642	1.10209969470894	19	6	0.702359477337528	0.889813527032341
PWY.2941..L.lysine.biosynthesis.II.g__Parabacteroides.s__Parabacteroides_distasonis	Diagnosis	IPF	-0.286084373815628	0.744150777974667	19	5	0.705415990329282	0.892178739876833
PWY.5981..CDP.diacylglycerol.biosynthesis.III.g__Clostridium.s__Clostridium_perfringens	Diagnosis	IPF	-0.09047764333804	0.237607785259966	19	2	0.708078765338837	0.893600396636606
PWY.7977..L.methionine.biosynthesis.IV.g__Bacteroides.s__Bacteroides_eggerthii	Diagnosis	IPF	0.254257547510391	0.669756355607579	19	5	0.708922981331708	0.893600396636606
PWY.5097..L.lysine.biosynthesis.VI.g__Escherichia.s__Escherichia_coli	Diagnosis	IPF	-0.331112184841963	0.878876062214345	19	4	0.711024287434826	0.894745328147852
PWY.5097..L.lysine.biosynthesis.VI.g__Bacteroides.s__Bacteroides_massiliensis	Diagnosis	IPF	-0.261744463888197	0.730330686230882	19	5	0.724461995424484	0.899580292331727
PWY.5097..L.lysine.biosynthesis.VI.g__Porphyromonas.s__Porphyromonas_sp_31_2	Diagnosis	IPF	0.0689028471513918	0.191530708794558	19	2	0.723465503477359	0.899580292331727
PWY.6897..thiamine.diphosphate.salvage.II.g__Klebsiella.s__Klebsiella_pneumoniae	Diagnosis	IPF	-0.0842041800967401	0.231677706866316	19	2	0.720746098113886	0.899580292331727
PWY.702..L.methionine.biosynthesis.II.g__Escherichia.s__Escherichia_coli	Diagnosis	IPF	-0.271514914807658	0.749204593562428	19	4	0.721516055015824	0.899580292331727
PWY.7357..thiamine.phosphate.formation.from.pyrithiamine.and.oxythiamine..yeast..g__Lachnospira.s__Lachnospira_pectinoschiza	Diagnosis	IPF	-0.378938124098911	1.0475517478883	19	7	0.722005688716135	0.899580292331727
PWY66.409..superpathway.of.purine.nucleotide.salvage.g__Klebsiella.s__Klebsiella_pneumoniae	Diagnosis	IPF	0.0709134788274775	0.193118912182387	19	2	0.718000155495771	0.899580292331727
PYRIDNUCSYN.PWY..NAD.de.novo.biosynthesis.I..from.aspartate..g__Blautia.s__Blautia_obeum	Diagnosis	IPF	-0.242770352877409	0.677075611629143	19	14	0.724340387970506	0.899580292331727
UDPNAGSYN.PWY..UDP.N.acetyl.D.glucosamine.biosynthesis.I.g__Collinsella.s__Collinsella_aerofaciens	Diagnosis	IPF	0.457355585878185	1.27043927182188	19	13	0.723282147901236	0.899580292331727
ASPASN.PWY..superpathway.of.L.aspartate.and.L.asparagine.biosynthesis.g__Bacteroides.s__Bacteroides_cellulosilyticus	Diagnosis	IPF	-0.207532513840535	0.612572412124774	19	8	0.738917645441006	0.901525578183246
ASPASN.PWY..superpathway.of.L.aspartate.and.L.asparagine.biosynthesis.g__Blautia.s__Blautia_obeum	Diagnosis	IPF	-0.303720109290603	0.902586901872288	19	17	0.740612264091275	0.901525578183246
PWY.2941..L.lysine.biosynthesis.II.g__Sutterella.s__Sutterella_wadsworthensis	Diagnosis	IPF	0.16425570717379	0.478866577937677	19	6	0.735796439600006	0.901525578183246
PWY.5097..L.lysine.biosynthesis.VI.g__Bacteroides.s__Bacteroides_uniformis	Diagnosis	IPF	-0.23963758348374	0.695296298390242	19	16	0.734580530870482	0.901525578183246
PWY.5097..L.lysine.biosynthesis.VI.g__Sutterella.s__Sutterella_wadsworthensis	Diagnosis	IPF	0.158483081211614	0.472755794694715	19	6	0.741550965368442	0.901525578183246
PWY.5981..CDP.diacylglycerol.biosynthesis.III.g__Streptococcus.s__Streptococcus_thermophilus	Diagnosis	IPF	-0.356017983173353	1.03271671678906	19	7	0.734518569481448	0.901525578183246
PWY.6897..thiamine.diphosphate.salvage.II.g__Escherichia.s__Escherichia_coli	Diagnosis	IPF	-0.315721844220909	0.928294168303872	19	4	0.737940169122051	0.901525578183246
PWY.7234..inosine.5..phosphate.biosynthesis.III.g__Alistipes.s__Alistipes_putredinis	Diagnosis	IPF	-0.320483134837824	0.929233749978675	19	11	0.734407480302956	0.901525578183246
PWY.7234..inosine.5..phosphate.biosynthesis.III.g__Streptococcus.s__Streptococcus_thermophilus	Diagnosis	IPF	-0.348371644701129	1.02018204763155	19	7	0.736926899495933	0.901525578183246
PWY.7357..thiamine.phosphate.formation.from.pyrithiamine.and.oxythiamine..yeast..g__Anaerostipes.s__Anaerostipes_hadrus	Diagnosis	IPF	-0.253221884315185	0.755678715760101	19	15	0.74165504231875	0.901525578183246
PWY.7977..L.methionine.biosynthesis.IV.g__Anaerostipes.s__Anaerostipes_hadrus	Diagnosis	IPF	-0.326698692983524	0.927905869793852	19	12	0.729103705271059	0.901525578183246
PWY.I9..L.cysteine.biosynthesis.VI..from.L.methionine..g__Blautia.s__Blautia_obeum	Diagnosis	IPF	0.202908141552724	0.592995807408386	19	4	0.736413290078078	0.901525578183246
RHAMCAT.PWY..L.rhamnose.degradation.I.g__Roseburia.s__Roseburia_faecis	Diagnosis	IPF	-0.475176297042261	1.41065905583083	19	11	0.740354948628187	0.901525578183246
PWY.7117..C4.photosynthetic.carbon.assimilation.cycle..PEPCK.type.g__Escherichia.s__Escherichia_coli	Diagnosis	IPF	-0.241307569806939	0.735809711248984	19	4	0.746955195244708	0.904414882495534
PWY.7357..thiamine.phosphate.formation.from.pyrithiamine.and.oxythiamine..yeast..g__Blautia.s__Blautia_sp_AF19_10LB	Diagnosis	IPF	-0.275214387492416	0.84053229406345	19	6	0.747341253831494	0.904414882495534
PWY.I9..L.cysteine.biosynthesis.VI..from.L.methionine..g__Bifidobacterium.s__Bifidobacterium_animalis	Diagnosis	IPF	0.060477931658295	0.184940074801625	19	2	0.747649636196308	0.904414882495534
PWY.7977..L.methionine.biosynthesis.IV.g__Bacteroides.s__Bacteroides_massiliensis	Diagnosis	IPF	-0.280241412621574	0.86842309254771	19	5	0.750856389644641	0.905373460182444
RHAMCAT.PWY..L.rhamnose.degradation.I.g__Bacteroides.s__Bacteroides_uniformis	Diagnosis	IPF	-0.227189119391974	0.700559889190903	19	9	0.749669701769217	0.905373460182444
PYRIDNUCSYN.PWY..NAD.de.novo.biosynthesis.I..from.aspartate..g__Dorea.s__Dorea_formicigenerans	Diagnosis	IPF	0.11672999434366	0.363855775179498	19	3	0.752261555282085	0.90550318462963
PYRIDNUCSYN.PWY..NAD.de.novo.biosynthesis.I..from.aspartate..g__Parabacteroides.s__Parabacteroides_goldsteinii	Diagnosis	IPF	0.168802843675554	0.531337623197305	19	3	0.754585987191358	0.90550318462963
UDPNAGSYN.PWY..UDP.N.acetyl.D.glucosamine.biosynthesis.I.g__Clostridium.s__Clostridium_sp_CAG_221	Diagnosis	IPF	0.0585042633288995	0.183411902670441	19	2	0.753629529046678	0.90550318462963
PANTO.PWY..phosphopantothenate.biosynthesis.I.g__Eubacterium.s__Eubacterium_hallii	Diagnosis	IPF	-0.294611796420231	0.938418298647744	19	16	0.757382479713939	0.905959903964042
PWY.6897..thiamine.diphosphate.salvage.II.g__Blautia.s__Blautia_sp_AF19_10LB	Diagnosis	IPF	-0.252813645944614	0.802722063504774	19	6	0.756635950477814	0.905959903964042
PANTO.PWY..phosphopantothenate.biosynthesis.I.g__Parabacteroides.s__Parabacteroides_distasonis	Diagnosis	IPF	0.325120437772963	1.04716789043147	19	13	0.759973251942585	0.907611367765826
ASPASN.PWY..superpathway.of.L.aspartate.and.L.asparagine.biosynthesis.g__Blautia.s__Blautia_wexlerae	Diagnosis	IPF	-0.225504803995257	0.736675636260051	19	6	0.763236907925801	0.908615366578335
PWY.7357..thiamine.phosphate.formation.from.pyrithiamine.and.oxythiamine..yeast..g__Bacteroides.s__Bacteroides_ovatus	Diagnosis	IPF	0.287062431406619	0.933926335365667	19	11	0.762294094849016	0.908615366578335
PWY.7328..superpathway.of.UDP.glucose.derived.O.antigen.building.blocks.biosynthesis.unclassified	Diagnosis	IPF	-0.0798715247899861	0.266131120874033	19	19	0.767723816048835	0.912508497680866
GLYCOLYSIS..glycolysis.I..from.glucose.6.phosphate..g__Escherichia.s__Escherichia_coli	Diagnosis	IPF	-0.317909148260358	1.06884916329189	19	5	0.769741203178132	0.912806531617121
PWY.7977..L.methionine.biosynthesis.IV.g__Parabacteroides.s__Parabacteroides_distasonis	Diagnosis	IPF	0.303180200449524	1.02238607519009	19	12	0.77040871268485	0.912806531617121
PWY.I9..L.cysteine.biosynthesis.VI..from.L.methionine..g__Roseburia.s__Roseburia_inulinivorans	Diagnosis	IPF	0.245827615541584	0.836304165001782	19	11	0.772358405214218	0.913673192288113
PANTO.PWY..phosphopantothenate.biosynthesis.I.g__Escherichia.s__Escherichia_coli	Diagnosis	IPF	-0.343247779004027	1.18942047417615	19	6	0.776388911218814	0.913738935802158
PWY.5097..L.lysine.biosynthesis.VI.g__Lachnospira.s__Lachnospira_pectinoschiza	Diagnosis	IPF	-0.341648918244543	1.18879759983751	19	7	0.777287254722369	0.913738935802158
PWY.5913..partial.TCA.cycle..obligate.autotrophs..g__Escherichia.s__Escherichia_coli	Diagnosis	IPF	-0.28749537506691	0.990557541608392	19	5	0.775146340928156	0.913738935802158
PWY0.1297..superpathway.of.purine.deoxyribonucleosides.degradation.g__Escherichia.s__Escherichia_coli	Diagnosis	IPF	-0.231931320834433	0.805057752196855	19	5	0.776758581979068	0.913738935802158
UDPNAGSYN.PWY..UDP.N.acetyl.D.glucosamine.biosynthesis.I.g__Ruminococcus.s__Ruminococcus_callidus	Diagnosis	IPF	-0.201967706295993	0.71138706456475	19	5	0.779910536393116	0.915387953513047
PWY.5097..L.lysine.biosynthesis.VI.g__Clostridium.s__Clostridium_sp_CAG_354	Diagnosis	IPF	0.0490745634411547	0.176200592085306	19	2	0.783976226144492	0.917288876144101
PWY.5265..peptidoglycan.biosynthesis.II..staphylococci..unclassified	Diagnosis	IPF	0.197364118894613	0.708186232287313	19	9	0.783844720501618	0.917288876144101
PWY.7761..NAD.salvage.pathway.II..PNC.IV.cycle..g__Escherichia.s__Escherichia_coli	Diagnosis	IPF	-0.0571700018318361	0.206612232352509	19	2	0.785345120045615	0.917459252389737
PWY.5097..L.lysine.biosynthesis.VI.g__Parabacteroides.s__Parabacteroides_distasonis	Diagnosis	IPF	0.312665087759413	1.14467680297691	19	13	0.788030721594967	0.919164916323834
ASPASN.PWY..superpathway.of.L.aspartate.and.L.asparagine.biosynthesis.g__Blautia.s__Blautia_sp	Diagnosis	IPF	0.175521647578728	0.650264874975591	19	8	0.790468536058166	0.920576711247864
PWY.5097..L.lysine.biosynthesis.VI.g__Ruminococcus.s__Ruminococcus_bromii	Diagnosis	IPF	-0.380033890000617	1.44438779058451	19	10	0.795627611911409	0.920919583350149
PWY.6628..superpathway.of.L.phenylalanine.biosynthesis.g__Escherichia.s__Escherichia_coli	Diagnosis	IPF	0.190266433969603	0.711000991747712	19	4	0.792224095229957	0.920919583350149
PWY.7115..C4.photosynthetic.carbon.assimilation.cycle..NAD.ME.type.unclassified	Diagnosis	IPF	0.197032317156185	0.739984107086324	19	15	0.793237228399614	0.920919583350149
RHAMCAT.PWY..L.rhamnose.degradation.I.g__Escherichia.s__Escherichia_coli	Diagnosis	IPF	-0.22056038266858	0.841507978744473	19	5	0.79639281118067	0.920919583350149
UDPNAGSYN.PWY..UDP.N.acetyl.D.glucosamine.biosynthesis.I.g__Eubacterium.s__Eubacterium_sp_CAG_180	Diagnosis	IPF	0.309222866189877	1.18281634570752	19	9	0.796902412792329	0.920919583350149
HEMESYN2.PWY..heme.b.biosynthesis.II..oxygen.independent..g__Escherichia.s__Escherichia_coli	Diagnosis	IPF	-0.195718866666902	0.753847357731751	19	6	0.798269814989263	0.921080555756842
PANTO.PWY..phosphopantothenate.biosynthesis.I.g__Alistipes.s__Alistipes_finegoldii	Diagnosis	IPF	-0.289264185236628	1.13060668185732	19	13	0.801137796784858	0.922969811964122
PANTO.PWY..phosphopantothenate.biosynthesis.I.g__Bacteroides.s__Bacteroides_massiliensis	Diagnosis	IPF	-0.141632774174771	0.5669641135703	19	5	0.805728651902339	0.925415756396255
PANTO.PWY..phosphopantothenate.biosynthesis.I.g__Clostridium.s__Clostridium_sp_CAG_122	Diagnosis	IPF	-0.165325700811661	0.659740676432459	19	6	0.805133143703442	0.925415756396255
PANTO.PWY..phosphopantothenate.biosynthesis.I.g__Barnesiella.s__Barnesiella_intestinihominis	Diagnosis	IPF	0.185187149713938	0.773780949153089	19	9	0.813713158840692	0.927484603541822
PWY.5097..L.lysine.biosynthesis.VI.g__Clostridium.s__Clostridium_sp_AM22_11AC	Diagnosis	IPF	0.178381751242151	0.739659519866394	19	7	0.812310113368103	0.927484603541822
PWY.6936..seleno.amino.acid.biosynthesis..plants..g__Escherichia.s__Escherichia_coli	Diagnosis	IPF	-0.22387702725728	0.93155881607679	19	6	0.812952324858816	0.927484603541822
PWY.7357..thiamine.phosphate.formation.from.pyrithiamine.and.oxythiamine..yeast..g__Escherichia.s__Escherichia_coli	Diagnosis	IPF	-0.150710899248454	0.618024905707338	19	4	0.810258659732743	0.927484603541822
PWY.I9..L.cysteine.biosynthesis.VI..from.L.methionine..g__Haemophilus.s__Haemophilus_sp_HMSC71H05	Diagnosis	IPF	0.0418668709251232	0.170797158297842	19	2	0.809293214454767	0.927484603541822
PWY.5097..L.lysine.biosynthesis.VI.g__Barnesiella.s__Barnesiella_intestinihominis	Diagnosis	IPF	-0.152943591565207	0.663850929067993	19	7	0.820539543343617	0.92821215310364
PWY.6936..seleno.amino.acid.biosynthesis..plants..g__Agathobaculum.s__Agathobaculum_butyriciproducens	Diagnosis	IPF	-0.167776005490446	0.728023891246688	19	9	0.820489450088427	0.92821215310364
PWY.7977..L.methionine.biosynthesis.IV.g__Porphyromonas.s__Porphyromonas_sp_31_2	Diagnosis	IPF	0.0396183420914399	0.169132366891439	19	2	0.817592955128079	0.92821215310364
PYRIDNUCSYN.PWY..NAD.de.novo.biosynthesis.I..from.aspartate..g__Bifidobacterium.s__Bifidobacterium_longum	Diagnosis	IPF	-0.192045618343289	0.829666821226911	19	10	0.819710391928604	0.92821215310364
RHAMCAT.PWY..L.rhamnose.degradation.I.g__Bacteroides.s__Bacteroides_cellulosilyticus	Diagnosis	IPF	-0.141043281290681	0.61058565733912	19	8	0.820074570367575	0.92821215310364
PWY.7357..thiamine.phosphate.formation.from.pyrithiamine.and.oxythiamine..yeast..g__Roseburia.s__Roseburia_intestinalis	Diagnosis	IPF	-0.206276600523104	0.905151486659761	19	9	0.82244879282977	0.928970775033626
ASPASN.PWY..superpathway.of.L.aspartate.and.L.asparagine.biosynthesis.g__Porphyromonas.s__Porphyromonas_sp_31_2	Diagnosis	IPF	-0.0435405428572354	0.194343520664922	19	2	0.825397300584552	0.929557510524644
PWY.6936..seleno.amino.acid.biosynthesis..plants..g__Lachnospira.s__Lachnospira_pectinoschiza	Diagnosis	IPF	0.16480717845105	0.735831493946887	19	8	0.825447069345884	0.929557510524644
PYRIDNUCSYN.PWY..NAD.de.novo.biosynthesis.I..from.aspartate..g__Bacteroides.s__Bacteroides_cellulosilyticus	Diagnosis	IPF	-0.149997432762423	0.681065239046501	19	8	0.828307807463377	0.931380593099749
PANTO.PWY..phosphopantothenate.biosynthesis.I.g__Coprococcus.s__Coprococcus_comes	Diagnosis	IPF	-0.148117234687434	0.69610509778638	19	11	0.834029182424433	0.932223378268741
PWY.7234..inosine.5..phosphate.biosynthesis.III.g__Streptococcus.s__Streptococcus_australis	Diagnosis	IPF	-0.0553727523564377	0.26012047958871	19	4	0.833957412850062	0.932223378268741
PWY.7977..L.methionine.biosynthesis.IV.g__Barnesiella.s__Barnesiella_intestinihominis	Diagnosis	IPF	0.190758404601594	0.896335739798916	19	10	0.833998268786097	0.932223378268741
PWY.I9..L.cysteine.biosynthesis.VI..from.L.methionine..g__Escherichia.s__Escherichia_coli	Diagnosis	IPF	-0.161785009615386	0.759918035544044	19	4	0.833938613042111	0.932223378268741
PANTO.PWY..phosphopantothenate.biosynthesis.I.g__Parabacteroides.s__Parabacteroides_merdae	Diagnosis	IPF	-0.183509337973824	0.870982844493119	19	11	0.835632199429523	0.932625222577593
PWY.6936..seleno.amino.acid.biosynthesis..plants..g__Eubacterium.s__Eubacterium_sp_CAG_38	Diagnosis	IPF	-0.0397391019474733	0.190974939810287	19	2	0.837634832389299	0.933471209943498
PWY.702..L.methionine.biosynthesis.II.g__Bifidobacterium.s__Bifidobacterium_longum	Diagnosis	IPF	-0.186909150336833	0.91462273998561	19	9	0.840501444292687	0.935276087862782
ASPASN.PWY..superpathway.of.L.aspartate.and.L.asparagine.biosynthesis.g__Coprococcus.s__Coprococcus_comes	Diagnosis	IPF	0.185094565157523	0.946160739533915	19	11	0.847221355590454	0.941357061767171
HEMESYN2.PWY..heme.b.biosynthesis.II..oxygen.independent..g__Haemophilus.s__Haemophilus_sp_HMSC71H05	Diagnosis	IPF	-0.0709551565940386	0.373170965145057	19	3	0.851450513377629	0.943484346380308
PWY.5097..L.lysine.biosynthesis.VI.g__Eubacterium.s__Eubacterium_sp_CAG_38	Diagnosis	IPF	-0.035565747084635	0.187306328975226	19	2	0.851651869999291	0.943484346380308
ASPASN.PWY..superpathway.of.L.aspartate.and.L.asparagine.biosynthesis.g__Bacteroides.s__Bacteroides_clarus	Diagnosis	IPF	-0.0337016533066876	0.185678140088736	19	2	0.858117139373874	0.944065219386429
PANTO.PWY..phosphopantothenate.biosynthesis.I.g__Bacteroides.s__Bacteroides_intestinalis	Diagnosis	IPF	0.105178038369923	0.583867257290601	19	4	0.859172302065915	0.944065219386429
PANTO.PWY..phosphopantothenate.biosynthesis.I.g__Clostridium.s__Clostridium_sp_CAG_12237_41	Diagnosis	IPF	0.0698887427363478	0.39140171271497	19	3	0.860393758323538	0.944065219386429
PWY.4041...gamma..glutamyl.cycle.g__Streptococcus.s__Streptococcus_thermophilus	Diagnosis	IPF	0.149674248831262	0.79958914723238	19	8	0.853728379055733	0.944065219386429
PWY.7237..myo...chiro..and.scyllo.inositol.degradation.g__Anaerostipes.s__Anaerostipes_hadrus	Diagnosis	IPF	0.147631439008527	0.79824100164801	19	7	0.85545992318941	0.944065219386429
PWY.7357..thiamine.phosphate.formation.from.pyrithiamine.and.oxythiamine..yeast..unclassified	Diagnosis	IPF	-0.0413878708468102	0.22530201633399	19	19	0.856422472005594	0.944065219386429
PWY.7977..L.methionine.biosynthesis.IV.g__Bacteroides.s__Bacteroides_ovatus	Diagnosis	IPF	0.225470778744007	1.2688493831395	19	11	0.861061068166389	0.944065219386429
PWY.I9..L.cysteine.biosynthesis.VI..from.L.methionine..g__Coprococcus.s__Coprococcus_comes	Diagnosis	IPF	0.15242129014827	0.865221393395922	19	12	0.862246233706272	0.944065219386429
ANAEROFRUCAT.PWY..homolactic.fermentation.g__Escherichia.s__Escherichia_coli	Diagnosis	IPF	-0.135166980341304	0.877225682048086	19	5	0.87935744444235	0.949929989751619
ASPASN.PWY..superpathway.of.L.aspartate.and.L.asparagine.biosynthesis.g__Streptococcus.s__Streptococcus_thermophilus	Diagnosis	IPF	0.0937530986461371	0.624129261150954	19	5	0.882363461686427	0.949929989751619
OANTIGEN.PWY..O.antigen.building.blocks.biosynthesis..E..coli..g__Streptococcus.s__Streptococcus_thermophilus	Diagnosis	IPF	-0.0644659641077428	0.410565854113423	19	4	0.877080925417535	0.949929989751619
PANTO.PWY..phosphopantothenate.biosynthesis.I.g__Lachnospiraceae_unclassified.s__Eubacterium_rectale	Diagnosis	IPF	-0.181758786917832	1.19685200687305	19	16	0.881081870114146	0.949929989751619
PWY.5097..L.lysine.biosynthesis.VI.g__Bacteroides.s__Bacteroides_intestinalis	Diagnosis	IPF	-0.0853466186485183	0.543989399126766	19	4	0.877179586497011	0.949929989751619
PWY.7234..inosine.5..phosphate.biosynthesis.III.g__Methanobrevibacter.s__Methanobrevibacter_smithii	Diagnosis	IPF	-0.0720585979117696	0.472225322176674	19	5	0.880515192534406	0.949929989751619
PWY.7357..thiamine.phosphate.formation.from.pyrithiamine.and.oxythiamine..yeast..g__Blautia.s__Blautia_wexlerae	Diagnosis	IPF	0.168293370903799	1.07743795242612	19	7	0.877717036008683	0.949929989751619
PWY.7977..L.methionine.biosynthesis.IV.g__Bacteroides.s__Bacteroides_intestinalis	Diagnosis	IPF	-0.0959433062786844	0.607722713605088	19	4	0.876416563385548	0.949929989751619
PWY.7977..L.methionine.biosynthesis.IV.g__Parabacteroides.s__Parabacteroides_merdae	Diagnosis	IPF	0.14552169312671	0.934756631661949	19	10	0.878119913377275	0.949929989751619
PWY.I9..L.cysteine.biosynthesis.VI..from.L.methionine..g__Roseburia.s__Roseburia_intestinalis	Diagnosis	IPF	0.144641437562452	0.966529511944804	19	9	0.882801603809171	0.949929989751619
PYRIDNUCSYN.PWY..NAD.de.novo.biosynthesis.I..from.aspartate..g__Parabacteroides.s__Parabacteroides_distasonis	Diagnosis	IPF	-0.142073574365022	0.937202033890041	19	10	0.881292143597493	0.949929989751619
UDPNAGSYN.PWY..UDP.N.acetyl.D.glucosamine.biosynthesis.I.g__Bifidobacterium.s__Bifidobacterium_longum	Diagnosis	IPF	-0.127911280501443	0.797030925121489	19	10	0.87439084250016	0.949929989751619
GLYCOLYSIS..glycolysis.I..from.glucose.6.phosphate..unclassified	Diagnosis	IPF	-0.0894237233792616	0.653811912337261	19	18	0.892817067531799	0.952507540041038
PWY.4041...gamma..glutamyl.cycle.g__Bacteroides.s__Bacteroides_dorei	Diagnosis	IPF	0.0719626652451483	0.509101799145317	19	4	0.88925323625579	0.952507540041038
PWY.5097..L.lysine.biosynthesis.VI.g__Bifidobacterium.s__Bifidobacterium_longum	Diagnosis	IPF	-0.124934911967117	0.895259445632422	19	9	0.890654234640052	0.952507540041038
PWY.7357..thiamine.phosphate.formation.from.pyrithiamine.and.oxythiamine..yeast..g__Blautia.s__Blautia_obeum	Diagnosis	IPF	0.121291624507884	0.863757165980777	19	18	0.889975963075393	0.952507540041038
PWY.7977..L.methionine.biosynthesis.IV.g__Coprococcus.s__Coprococcus_comes	Diagnosis	IPF	0.113262452394946	0.783242991351893	19	13	0.88672167891169	0.952507540041038
PWY.7977..L.methionine.biosynthesis.IV.g__Lachnospira.s__Lachnospira_pectinoschiza	Diagnosis	IPF	-0.17814492185899	1.2908891576024	19	6	0.891860485164646	0.952507540041038
UDPNAGSYN.PWY..UDP.N.acetyl.D.glucosamine.biosynthesis.I.g__Coprobacillus.s__Coprobacillus_cateniformis	Diagnosis	IPF	-0.0232415406171597	0.176671244454312	19	2	0.896882642818512	0.955485770048131
ASPASN.PWY..superpathway.of.L.aspartate.and.L.asparagine.biosynthesis.g__Escherichia.s__Escherichia_coli	Diagnosis	IPF	-0.0897673601064863	0.74368210883146	19	5	0.905338595162905	0.959703171949378
FOLSYN.PWY..superpathway.of.tetrahydrofolate.biosynthesis.and.salvage.g__Escherichia.s__Escherichia_coli	Diagnosis	IPF	-0.101762661979373	0.857269469584563	19	5	0.90690002784766	0.959703171949378
GLYCOLYSIS.E.D..superpathway.of.glycolysis.and.the.Entner.Doudoroff.pathway.g__Escherichia.s__Escherichia_coli	Diagnosis	IPF	-0.0826006946337644	0.667890519949609	19	3	0.90302387757624	0.959703171949378
PANTO.PWY..phosphopantothenate.biosynthesis.I.g__Bacteroides.s__Bacteroides_cellulosilyticus	Diagnosis	IPF	-0.0831906544365096	0.709009021182736	19	8	0.907970728257222	0.959703171949378
PANTO.PWY..phosphopantothenate.biosynthesis.I.g__Firmicutes_unclassified.s__Firmicutes_bacterium_CAG_41	Diagnosis	IPF	-0.0726644517275111	0.61293724199373	19	10	0.907020492741978	0.959703171949378
PYRIDNUCSYN.PWY..NAD.de.novo.biosynthesis.I..from.aspartate..g__Blautia.s__Ruminococcus_torques	Diagnosis	IPF	0.0927587000167488	0.795315659130673	19	14	0.908519002778745	0.959703171949378
ANAEROFRUCAT.PWY..homolactic.fermentation.unclassified	Diagnosis	IPF	-0.0572278663287541	0.56808313804859	19	18	0.92093657332096	0.96274122774495
PANTO.PWY..phosphopantothenate.biosynthesis.I.g__Bacteroides.s__Bacteroides_stercoris	Diagnosis	IPF	-0.0496105188937526	0.482216903866385	19	3	0.919262005350816	0.96274122774495
PANTO.PWY..phosphopantothenate.biosynthesis.I.g__Butyricimonas.s__Butyricimonas_synergistica	Diagnosis	IPF	-0.0596906755368073	0.55951610483919	19	5	0.916289571188182	0.96274122774495
PWY.6936..seleno.amino.acid.biosynthesis..plants..g__Faecalibacterium.s__Faecalibacterium_prausnitzii	Diagnosis	IPF	-0.0716411974143953	0.683711525174024	19	6	0.91777453655969	0.96274122774495
PWY.7357..thiamine.phosphate.formation.from.pyrithiamine.and.oxythiamine..yeast..g__Coprococcus.s__Coprococcus_comes	Diagnosis	IPF	-0.101260235388121	1.01454960034505	19	12	0.921664268694498	0.96274122774495
PWY.7357..thiamine.phosphate.formation.from.pyrithiamine.and.oxythiamine..yeast..g__Faecalibacterium.s__Faecalibacterium_prausnitzii	Diagnosis	IPF	-0.0671313149031075	0.655073755395278	19	15	0.919575591923998	0.96274122774495
PWY.822..fructan.biosynthesis.g__Streptococcus.s__Streptococcus_thermophilus	Diagnosis	IPF	0.0636710240859803	0.631548706980271	19	6	0.920874995384225	0.96274122774495
RHAMCAT.PWY..L.rhamnose.degradation.I.g__Bacteroides.s__Bacteroides_intestinalis	Diagnosis	IPF	0.0513818285650333	0.491171405085597	19	4	0.917908984129873	0.96274122774495
PWY.5097..L.lysine.biosynthesis.VI.g__Anaerostipes.s__Anaerostipes_hadrus	Diagnosis	IPF	-0.082605628027924	0.871899227553971	19	16	0.925627392790297	0.96395541717515
PWY.6612..superpathway.of.tetrahydrofolate.biosynthesis.g__Escherichia.s__Escherichia_coli	Diagnosis	IPF	-0.076537906618798	0.819516782084877	19	5	0.926682474377711	0.96395541717515
PWY.7115..C4.photosynthetic.carbon.assimilation.cycle..NAD.ME.type.g__Escherichia.s__Escherichia_coli	Diagnosis	IPF	-0.0625909338852068	0.650375938269219	19	4	0.924456906045723	0.96395541717515
PWY.4041...gamma..glutamyl.cycle.g__Bacteroides.s__Bacteroides_fragilis	Diagnosis	IPF	-0.0989987587594826	1.1483836953555	19	5	0.932309053378731	0.967125574044327
PWY.5097..L.lysine.biosynthesis.VI.g__Coprococcus.s__Coprococcus_comes	Diagnosis	IPF	0.0605350062393853	0.692539312627027	19	13	0.931366834859989	0.967125574044327
PWY.5097..L.lysine.biosynthesis.VI.g__Lachnospiraceae_unclassified.s__Eubacterium_rectale	Diagnosis	IPF	-0.0560480911303241	0.725348282044202	19	3	0.939310448611067	0.973042591793232
PWY.6897..thiamine.diphosphate.salvage.II.g__Eubacterium.s__Eubacterium_hallii	Diagnosis	IPF	-0.0490609772961644	0.682323421551263	19	8	0.943518410307572	0.976053527904385
PWY.702..L.methionine.biosynthesis.II.g__Bifidobacterium.s__Bifidobacterium_animalis	Diagnosis	IPF	-0.0113401232090224	0.166723813876795	19	2	0.946565375532555	0.977617483591367
PWY.I9..L.cysteine.biosynthesis.VI..from.L.methionine..g__Streptococcus.s__Streptococcus_thermophilus	Diagnosis	IPF	-0.0305740414192807	0.458719098700566	19	6	0.947637214094565	0.977617483591367
PWY.2941..L.lysine.biosynthesis.II.g__Streptococcus.s__Streptococcus_thermophilus	Diagnosis	IPF	-0.0581530364450567	0.970040087047858	19	6	0.952895281718763	0.979002001765852
PWY.5097..L.lysine.biosynthesis.VI.g__Eggerthella.s__Eggerthella_sp_CAG_209	Diagnosis	IPF	0.00917314014683188	0.150506980402829	19	2	0.952111213673744	0.979002001765852
PWY.7761..NAD.salvage.pathway.II..PNC.IV.cycle..unclassified	Diagnosis	IPF	0.0253982027568192	0.40160766390907	19	18	0.950311987181972	0.979002001765852
PWY0.1297..superpathway.of.purine.deoxyribonucleosides.degradation.g__Coprococcus.s__Coprococcus_catus	Diagnosis	IPF	0.0440402109437983	0.801894907172321	19	9	0.956842341067432	0.981712388236079
ASPASN.PWY..superpathway.of.L.aspartate.and.L.asparagine.biosynthesis.g__Bacteroides.s__Bacteroides_uniformis	Diagnosis	IPF	-0.0390482639985034	0.773734649204125	19	16	0.960338277038552	0.982610788238627
PWY.4041...gamma..glutamyl.cycle.g__Escherichia.s__Escherichia_coli	Diagnosis	IPF	-0.046910569087012	0.902874499030488	19	6	0.959168670782109	0.982610788238627
PANTO.PWY..phosphopantothenate.biosynthesis.I.g__Porphyromonas.s__Porphyromonas_sp_31_2	Diagnosis	IPF	0.0073734546074791	0.15187511261639	19	2	0.961844176007105	0.98281080654677
ASPASN.PWY..superpathway.of.L.aspartate.and.L.asparagine.biosynthesis.g__Bacteroides.s__Bacteroides_intestinalis	Diagnosis	IPF	0.0290414131267649	0.627864588261386	19	4	0.963646614317591	0.983312871752644
PWY0.1297..superpathway.of.purine.deoxyribonucleosides.degradation.g__Streptococcus.s__Streptococcus_thermophilus	Diagnosis	IPF	-0.0282624637965359	0.660151973453783	19	6	0.966350184283151	0.984731845397232
PWY.7234..inosine.5..phosphate.biosynthesis.III.g__Sutterella.s__Sutterella_wadsworthensis	Diagnosis	IPF	-0.0308124923818427	0.792939965830551	19	6	0.969455863123498	0.985219373092986
PWY.I9..L.cysteine.biosynthesis.VI..from.L.methionine..g__Bifidobacterium.s__Bifidobacterium_longum	Diagnosis	IPF	0.0395201972912979	0.983760095913699	19	8	0.968423551615606	0.985219373092986
PWY.5097..L.lysine.biosynthesis.VI.g__Asaccharobacter.s__Asaccharobacter_celatus	Diagnosis	IPF	0.0113006562598889	0.306324641928044	19	3	0.971001570024879	0.985454908685601
PANTO.PWY..phosphopantothenate.biosynthesis.I.g__Anaerostipes.s__Anaerostipes_hadrus	Diagnosis	IPF	-0.0264681862621675	0.943908601017207	19	16	0.977955968308791	0.986955720876532
PANTO.PWY..phosphopantothenate.biosynthesis.I.g__Parabacteroides.s__Parabacteroides_goldsteinii	Diagnosis	IPF	0.0160024813896834	0.597537654133606	19	4	0.978946508191685	0.986955720876532
PWY.4041...gamma..glutamyl.cycle.g__Bifidobacterium.s__Bifidobacterium_longum	Diagnosis	IPF	0.0223895531243975	0.896948566929509	19	10	0.980376016070689	0.986955720876532
PWY.5484..glycolysis.II..from.fructose.6.phosphate..unclassified	Diagnosis	IPF	-0.0165361675067941	0.63198713628316	19	18	0.979430146261462	0.986955720876532
PWY.702..L.methionine.biosynthesis.II.unclassified	Diagnosis	IPF	0.0111679376545744	0.40841643015304	19	18	0.97850341263216	0.986955720876532
PYRIDNUCSYN.PWY..NAD.de.novo.biosynthesis.I..from.aspartate..g__Bacteroides.s__Bacteroides_intestinalis	Diagnosis	IPF	0.0200054851055798	0.634700602627615	19	4	0.975222294418749	0.986955720876532
PWY.5097..L.lysine.biosynthesis.VI.g__Roseburia.s__Roseburia_inulinivorans	Diagnosis	IPF	-0.0184724254190408	0.91818768430201	19	10	0.984183205004945	0.989460326747599
PWY.6936..seleno.amino.acid.biosynthesis..plants..g__Coprococcus.s__Coprococcus_comes	Diagnosis	IPF	0.0148652577543554	0.986091395972623	19	10	0.988147910996361	0.992116376502371
ASPASN.PWY..superpathway.of.L.aspartate.and.L.asparagine.biosynthesis.g__Bacteroides.s__Bacteroides_stercoris	Diagnosis	IPF	0.0126114174628387	1.13875709445179	19	3	0.991292761256806	0.993541705701559
PWY.5097..L.lysine.biosynthesis.VI.g__Methanobrevibacter.s__Methanobrevibacter_smithii	Diagnosis	IPF	-0.00521537018559899	0.526849679975453	19	5	0.99221698342729	0.993541705701559
PYRIDNUCSYN.PWY..NAD.de.novo.biosynthesis.I..from.aspartate..g__Coprococcus.s__Coprococcus_catus	Diagnosis	IPF	-0.0039441757499696	0.712506850686648	19	9	0.995647669048844	0.995647669048844
