# Pathway	MTN008_frags_Abundance	MTN038_frags_Abundance	MTN044_frags_Abundance	MTN049_frags_Abundance	MTN071_frags_Abundance	MTN076_frags_Abundance	MTN099_frags_Abundance	MTN112_frags_Abundance	MTN142_frags_Abundance	MTN167_frags_Abundance	PFND073_frags_Abundance	PFND110_frags_Abundance	PFND111_frags_Abundance	PFND164-amplified_frags_Abundance	PFND185_frags_Abundance	PFND208_frags_Abundance	PFND227_frags_Abundance	PFND233_frags_Abundance	PFND283_frags_Abundance
UNMAPPED	0.250088	0.220147	0.210446	0.205411	0.213846	0.215751	0.183299	0.219005	0.202965	0.266633	0.224364	0.191188	0.24711	0.25008	0.196061	0.216068	0.217995	0.190964	0.224366
UNINTEGRATED	0.716343	0.731044	0.740023	0.746171	0.739646	0.738576	0.770495	0.732088	0.752563	0.68867	0.719298	0.751563	0.705682	0.703182	0.74598	0.733058	0.730983	0.75912	0.724666
12DICHLORETHDEG-PWY: 1,2-dichloroethane degradation	0	0	0	0	0	4.34807e-07	0	0	0	0	0	2.51207e-07	0	0	0	0	0	0	7.04614e-07
1CMET2-PWY: folate transformations III (E. coli)	0.000266639	0.000422428	0.000389109	0.000417702	0.000438678	0.000417444	0.000293304	0.000409111	0.000419274	0.000405029	0.000386188	0.000402537	0.000360983	0.000358207	0.000348619	0.000416509	0.000371472	0.000434872	0.000364817
3-HYDROXYPHENYLACETATE-DEGRADATION-PWY: 4-hydroxyphenylacetate degradation	0	5.48175e-07	0	0	0	0	0	0	0	0	0	0	0	0	0	0	0	0	1.22361e-06
AEROBACTINSYN-PWY: aerobactin biosynthesis	0	0	1.61107e-06	0	0	0	1.17783e-05	0	0	0	0	0	0	3.66931e-07	0	0	0	0	0
ALLANTOINDEG-PWY: superpathway of allantoin degradation in yeast	0	5.37208e-06	3.98581e-06	1.50962e-06	0	9.37582e-07	1.53995e-06	0	6.3128e-07	2.04823e-06	0	2.65843e-06	0	0	6.63769e-06	6.05184e-06	2.96269e-06	0	2.36537e-06
ANAEROFRUCAT-PWY: homolactic fermentation	0	0.000202535	0.00021141	0.000132687	0.000162273	0.000150103	0.000223718	0.000292096	0.000188334	0.000212752	0.000376239	0.000353074	0.00027187	0.00027689	0.000316144	0.000314746	0.000274419	0.000203811	0.000304442
ANAGLYCOLYSIS-PWY: glycolysis III (from glucose)	0.000340423	0.000474982	0.000497773	0.000448222	0.000477503	0.00044227	0.000358332	0.000471009	0.000452594	0.000470968	0.000558199	0.000507028	0.000479335	0.000460971	0.000463495	0.000458925	0.000443072	0.000453029	0.00046964
ARG+POLYAMINE-SYN: superpathway of arginine and polyamine biosynthesis	0	6.26895e-05	4.87866e-05	5.21521e-05	6.57893e-05	5.2536e-05	0.000112782	3.08785e-05	5.95196e-05	9.30022e-05	3.66264e-05	9.74795e-05	4.18513e-05	7.72876e-05	0.000101086	6.94081e-05	8.15025e-05	2.7016e-05	8.58534e-05
ARGDEG-PWY: superpathway of L-arginine, putrescine, and 4-aminobutanoate degradation	0	1.90087e-06	0	0	0	0	7.83369e-06	0	0	0	0	0	0	0	5.45087e-06	0	0	0	4.93369e-06
ARGININE-SYN4-PWY: L-ornithine biosynthesis II	0	0.000132966	0.000142149	0.000181434	0.000108168	0.00014533	0.0001215	0.000169538	0.000218028	6.95395e-05	1.59037e-06	7.77642e-05	5.39594e-05	0.000141743	9.95176e-05	0.000167681	9.09545e-05	0.000216803	0.000111196
ARGSYN-PWY: L-arginine biosynthesis I (via L-ornithine)	9.84854e-05	0.000268626	0.000421843	0.00033988	0.000429378	0.000369734	0.00027542	0.00039915	0.000311284	0.000392976	0.000504142	0.000388231	0.00043178	0.00038232	0.000387154	0.000374508	0.000365566	0.000299394	0.000412966
ARGSYNBSUB-PWY: L-arginine biosynthesis II (acetyl cycle)	8.86381e-05	0.000254033	0.000424751	0.00034098	0.000434339	0.000368663	0.000273288	0.000404918	0.000308725	0.000397273	0.000520634	0.000375064	0.000433664	0.000390964	0.000391178	0.00038023	0.000359768	0.000292265	0.000426957
ARO-PWY: chorismate biosynthesis I	0.000392513	0.000474742	0.00054437	0.000485452	0.000489266	0.00048547	0.000370447	0.000544884	0.000442466	0.000496093	0.000610392	0.00048879	0.000528881	0.000446249	0.000430548	0.000500503	0.000424192	0.000506171	0.000501124
ASPASN-PWY: superpathway of L-aspartate and L-asparagine biosynthesis	0.000482317	0.000298269	0.000202392	0.0002911	0.000193036	0.000214774	0.000218766	0.000223529	0.000249221	0.000198526	0.000150439	0.00019783	0.000165813	0.000212379	0.000223786	0.000249164	0.000216844	0.000277285	0.000203353
AST-PWY: L-arginine degradation II (AST pathway)	0	2.19239e-06	4.52496e-07	0	1.50865e-06	0	2.01116e-05	0	0	0	0	0	0	0	2.65871e-05	7.56393e-07	0	0	2.08285e-06
BIOTIN-BIOSYNTHESIS-PWY: biotin biosynthesis I	0	7.19015e-05	7.80044e-05	8.02352e-05	8.4081e-05	5.1456e-05	0.00014033	6.26742e-05	4.37252e-05	2.92115e-05	4.82546e-06	0.000148748	6.71789e-05	6.48909e-05	0.000134463	8.01313e-05	0.000136627	8.97147e-05	7.43131e-05
BRANCHED-CHAIN-AA-SYN-PWY: superpathway of branched chain amino acid biosynthesis	0.00068009	0.000511635	0.000460656	0.000425015	0.000452479	0.000399228	0.000338	0.00047749	0.000415533	0.000411048	0.000591273	0.000462664	0.000443183	0.000418902	0.000375484	0.000452405	0.000505247	0.000461967	0.000460534
CALVIN-PWY: Calvin-Benson-Bassham cycle	0.00035662	0.000400195	0.000429717	0.000439433	0.000491819	0.000416965	0.00035082	0.000427508	0.000409931	0.000431228	0.000529109	0.000461086	0.000467934	0.000376417	0.0004237	0.000388855	0.000397525	0.000357185	0.000421155
CARNMET-PWY: L-carnitine degradation I	0	9.82913e-07	0	0	0	0	0	0	0	0	0	0	0	0	4.51409e-06	0	0	0	1.60379e-06
CATECHOL-ORTHO-CLEAVAGE-PWY: catechol degradation to &beta;-ketoadipate	0	1.6017e-06	0	0	0	2.01817e-06	0	0	0	0	0	1.36939e-06	0	0	1.71574e-06	0	0	0	2.09347e-06
CENTFERM-PWY: pyruvate fermentation to butanoate	0	2.31722e-05	3.27923e-05	2.83184e-05	1.13024e-05	2.24755e-05	2.04121e-05	7.3365e-06	1.91667e-05	1.89588e-05	1.51852e-05	2.63526e-05	3.8304e-05	1.20764e-05	1.26965e-05	1.23534e-05	3.15152e-05	1.70454e-05	4.17373e-05
CHLOROPHYLL-SYN: 3,8-divinyl-chlorophyllide a biosynthesis I (aerobic, light-dependent)	0	0	0	0	0	0	8.35265e-07	0	0	0	0	0	0	0	0	0	0	0	1.08264e-06
CITRULBIO-PWY: L-citrulline biosynthesis	0	0.000156521	0.000113412	0.000195077	0.000117464	0.000139855	0.00012759	0.000102518	0.000142622	6.26384e-05	4.67259e-05	0.000221806	0.000116856	9.26553e-05	0.000116093	7.87817e-05	8.62759e-05	0.000204069	8.8486e-05
COA-PWY-1: superpathway of coenzyme A biosynthesis III (mammals)	0.000203967	0.000456807	0.000430143	0.000405459	0.000426917	0.000418088	0.000310141	0.000427339	0.000423138	0.000351409	0.000484073	0.000455098	0.000441242	0.000418509	0.000375358	0.000423499	0.000375025	0.000419975	0.000440219
COA-PWY: coenzyme A biosynthesis I (prokaryotic)	0.00029435	0.000511133	0.000413187	0.000388147	0.000415208	0.00040235	0.000287434	0.00040388	0.00039939	0.000340233	0.000475194	0.000426744	0.000408253	0.000399752	0.000346833	0.000406538	0.000359752	0.000406252	0.000419416
COBALSYN-PWY: superpathway of adenosylcobalamin salvage from cobinamide I	4.72287e-05	9.63813e-05	0.000219142	0.000182212	0.00020704	0.000214826	0.000161307	0.000196892	0.000191402	0.000184402	0.000254325	0.00019775	0.000157987	0.00014071	0.000141253	0.000173525	0.000100139	0.000144897	0.000170189
COLANSYN-PWY: colanic acid building blocks biosynthesis	3.30016e-05	0.000126791	0.000175466	0.000152899	0.000128242	0.000150797	0.000165709	0.000137866	0.000157104	0.000154577	7.2382e-05	0.000211773	0.000134113	0.000173921	0.000162441	0.000174309	0.000153628	0.000164661	0.00017438
COMPLETE-ARO-PWY: superpathway of aromatic amino acid biosynthesis	0.000363814	0.000485761	0.000566304	0.000507594	0.000517279	0.000505374	0.000389895	0.000575466	0.000466029	0.000515452	0.000632108	0.000516684	0.000537723	0.000471436	0.000456388	0.000526877	0.000448083	0.00053598	0.000527178
CRNFORCAT-PWY: creatinine degradation I	0	0	0	6.9737e-07	2.05899e-06	1.75387e-06	0	0	0	0	0	0	0	0	1.67941e-06	0	0	0	0
DAPLYSINESYN-PWY: L-lysine biosynthesis I	4.98112e-05	6.40242e-05	3.14134e-05	2.23787e-05	3.54884e-05	2.28479e-05	8.86525e-05	2.66708e-05	4.92746e-05	3.66879e-05	0.000293589	0.000135727	7.38059e-05	1.70662e-05	8.80161e-05	4.24736e-05	0.000160553	4.07707e-05	5.50847e-05
DARABCATK12-PWY: D-arabinose degradation I	0	8.58866e-07	5.48236e-07	0	1.45049e-07	0	4.72767e-06	2.51326e-07	0	0	0	0	0	0	9.29065e-06	0	0	0	1.14492e-06
DENITRIFICATION-PWY: nitrate reduction I (denitrification)	0	4.30806e-07	6.62357e-07	0	0	0	0	0	0	0	0	1.01465e-06	0	1.32419e-07	0	0	0	0	5.06228e-07
DENOVOPURINE2-PWY: superpathway of purine nucleotides de novo biosynthesis II	0	1.50863e-05	6.39979e-06	7.0835e-06	0	1.46042e-05	2.39736e-05	0	0	0	0	9.72264e-05	0	1.66736e-05	3.37583e-05	0	6.51913e-05	1.86416e-05	1.42896e-05
DHGLUCONATE-PYR-CAT-PWY: glucose degradation (oxidative)	0	0	0	0	0	2.51007e-07	0	0	0	0	0	0	0	0	0	0	0	0	0
DTDPRHAMSYN-PWY: dTDP-&beta;-L-rhamnose biosynthesis	0.00139885	0.000970167	0.000605956	0.000654737	0.000517001	0.00056687	0.000455055	0.000454103	0.000504916	0.000561427	0.000672849	0.000465667	0.000487691	0.000471533	0.000495796	0.000556129	0.000527919	0.000498655	0.000578175
ECASYN-PWY: enterobacterial common antigen biosynthesis	0	3.47943e-06	5.28602e-07	0	0	1.57029e-06	4.71302e-06	5.26063e-07	0	0	0	0	0	0	9.1091e-06	0	0	0	3.31526e-06
FAO-PWY: fatty acid &beta;-oxidation I (generic)	0	9.68483e-06	5.26947e-06	0	2.15378e-06	5.83721e-06	4.43589e-05	1.06032e-06	0	0	0	0	0	0	6.81095e-05	0	0	0	1.2824e-05
FASYN-ELONG-PWY: fatty acid elongation -- saturated	3.0827e-05	6.10319e-05	7.44714e-05	7.62388e-05	8.37464e-05	4.79276e-05	0.000151742	5.88269e-05	3.93084e-05	2.62672e-05	4.5089e-06	0.000161505	7.24069e-05	6.44359e-05	0.000160902	7.7746e-05	0.000164721	8.4781e-05	7.44074e-05
FASYN-INITIAL-PWY: superpathway of fatty acid biosynthesis initiation (E. coli)	0	3.66956e-06	6.36239e-06	2.16044e-06	0	0	0	3.92753e-06	3.46094e-06	0	0	8.59137e-06	9.37896e-06	0	2.12502e-06	0	0	0	0
FERMENTATION-PWY: mixed acid fermentation	0	9.5656e-05	5.68234e-05	0.000101455	9.58087e-05	6.41214e-05	0.00014167	7.21671e-05	5.95692e-05	4.02167e-05	7.94323e-05	0.000122166	8.03481e-05	0.000104475	0.000128834	0.0001118	0.000105485	8.62394e-05	9.95315e-05
FOLSYN-PWY: superpathway of tetrahydrofolate biosynthesis and salvage	0	4.25934e-05	2.22948e-05	4.95846e-05	3.85053e-05	1.6715e-05	7.2179e-05	4.97508e-05	2.09122e-05	3.68504e-05	2.74025e-05	0.000151916	0.000104295	9.56957e-05	0.000173213	4.18669e-05	0.000132286	8.81542e-05	9.70921e-05
FUC-RHAMCAT-PWY: superpathway of fucose and rhamnose degradation	0	3.22223e-05	8.1731e-05	6.95221e-05	7.09948e-05	7.19153e-05	7.95496e-05	4.80881e-05	6.05168e-05	5.25752e-05	6.54595e-06	4.33884e-05	5.79339e-05	4.47988e-05	6.74202e-05	5.60663e-05	6.40291e-06	4.4593e-05	4.10655e-05
FUCCAT-PWY: fucose degradation	1.1426e-05	1.67844e-05	5.78437e-05	3.88944e-05	4.92976e-05	4.1864e-05	5.47737e-05	2.83983e-05	3.30154e-05	6.40186e-05	3.15193e-05	3.39729e-05	4.72776e-05	2.54125e-05	5.0543e-05	3.38178e-05	2.95416e-06	2.35485e-05	2.21422e-05
GALACT-GLUCUROCAT-PWY: superpathway of hexuronide and hexuronate degradation	0	3.05125e-05	3.24278e-05	8.59521e-06	2.50609e-05	3.57633e-05	5.7153e-05	6.52258e-06	2.70649e-05	2.21609e-05	3.82318e-06	1.82915e-05	7.24659e-06	1.10983e-05	4.61707e-05	1.78609e-05	1.0802e-05	2.31454e-05	1.89091e-05
GALACTARDEG-PWY: D-galactarate degradation I	0	7.8278e-06	2.29127e-05	1.5959e-05	1.85656e-06	1.31848e-05	0.000106457	8.68598e-06	7.93483e-06	5.49262e-06	5.34105e-06	1.53249e-05	0	6.35677e-06	0.000104497	2.10721e-06	5.23109e-06	6.48643e-06	4.02891e-06
GALACTITOLCAT-PWY: galactitol degradation	0	2.63299e-06	4.62903e-06	0	4.79882e-06	4.67381e-07	2.86349e-05	3.49973e-06	2.07412e-05	8.57122e-06	0	3.07353e-06	2.74111e-06	0	6.36639e-05	0	0	4.62183e-06	5.44625e-06
GALACTUROCAT-PWY: D-galacturonate degradation I	0	3.51234e-05	4.32063e-05	3.63796e-05	2.96031e-05	3.67311e-05	5.455e-05	5.15031e-05	5.41742e-05	5.85849e-05	8.53889e-06	2.27518e-05	1.92629e-05	3.56582e-05	4.62603e-05	2.11675e-05	2.12034e-05	2.64866e-05	3.47022e-05
GLCMANNANAUT-PWY: superpathway of N-acetylglucosamine, N-acetylmannosamine and N-acetylneuraminate degradation	0	8.3268e-05	0.000172572	8.64698e-05	0.000117539	0.000138163	0.000121278	9.82491e-05	0.000159142	7.87328e-05	0.000127454	0.000184864	9.51516e-05	7.52445e-05	0.000164868	0.00012487	0.000106871	0.00018053	8.55689e-05
GLUCARDEG-PWY: D-glucarate degradation I	0	5.38204e-06	1.29642e-05	9.05207e-06	1.78628e-06	9.96361e-06	4.62101e-05	4.69933e-06	4.48323e-06	4.30767e-06	4.28144e-06	7.66262e-06	0	5.18488e-06	3.39399e-05	2.0066e-06	4.11913e-06	1.95673e-06	3.66107e-06
GLUCARGALACTSUPER-PWY: superpathway of D-glucarate and D-galactarate degradation	0	7.8278e-06	2.29127e-05	1.5959e-05	1.85656e-06	1.31848e-05	0.000106457	8.68598e-06	7.93483e-06	5.49262e-06	5.34105e-06	1.53249e-05	0	6.35677e-06	0.000104497	2.10721e-06	5.23109e-06	6.48643e-06	4.02891e-06
GLUCONEO-PWY: gluconeogenesis I	0	0.000250917	0.000220417	0.000109554	0.000181217	0.0001279	0.000197513	0.000281897	0.000136214	0.000222553	0.000235027	0.000289044	0.00023587	0.000242112	0.00025024	0.000287173	0.000266779	0.000210534	0.000256548
GLUCOSE1PMETAB-PWY: glucose and glucose-1-phosphate degradation	0	0.00011034	0.000284517	0.000275576	0.000230236	0.000224215	0.000220236	0.000170414	0	0.000225081	0	0.000319016	0.000220586	0	0.000266777	0.000204137	0.000236568	0	0.00020962
GLUCUROCAT-PWY: superpathway of &beta;-D-glucuronosides degradation	0	4.06476e-05	5.31288e-05	4.3926e-05	3.30468e-05	7.18801e-05	6.16019e-05	6.40156e-05	6.67471e-05	6.86171e-05	8.68715e-06	7.82857e-05	2.17138e-05	4.17891e-05	7.24809e-05	2.54271e-05	2.72314e-05	3.07706e-05	5.67274e-05
GLUDEG-I-PWY: GABA shunt	0	1.99629e-05	1.23888e-05	1.66947e-05	8.40573e-06	4.39873e-05	8.48269e-05	8.61928e-06	3.09119e-05	4.46966e-05	1.47458e-06	1.44099e-05	1.28481e-05	2.16843e-06	5.45819e-05	1.04546e-05	5.46398e-06	7.6677e-06	3.52729e-05
GLUTORN-PWY: L-ornithine biosynthesis I	0.000110222	0.000283366	0.000381024	0.000315934	0.000397432	0.000349905	0.000237521	0.000376457	0.00029063	0.000344359	0.000450424	0.00031073	0.00038221	0.000327711	0.000343073	0.000360147	0.000313121	0.000271099	0.000376341
GLYCOCAT-PWY: glycogen degradation I	0	0.000128473	6.80054e-05	0.000103323	7.08541e-05	4.49888e-05	0.000153321	0.000114694	0.00013153	8.60445e-05	4.65912e-05	8.36696e-05	8.38685e-05	0.000160007	0.000253927	0.000114192	3.89044e-05	5.48841e-05	0.000142636
GLYCOGENSYNTH-PWY: glycogen biosynthesis I (from ADP-D-Glucose)	0.000196005	0.00029523	0.000629279	0.000475299	0.000576456	0.000525533	0.000386017	0.000576313	0.000460658	0.000522571	0.000685229	0.000534309	0.000591876	0.000514341	0.000312657	0.00050553	0.000444544	0.000482946	0.000552159
GLYCOL-GLYOXDEG-PWY: superpathway of glycol metabolism and degradation	0	8.55646e-07	5.36953e-07	0	2.37738e-07	0	4.81103e-06	0	0	0	0	0	0	0	8.36778e-06	2.3745e-07	0	0	1.36117e-07
GLYCOLYSIS-E-D: superpathway of glycolysis and the Entner-Doudoroff pathway	0	0.000116397	9.22585e-05	6.7959e-05	5.93369e-05	8.08621e-05	0.000109444	0.000117335	6.35811e-05	0.000105981	1.21413e-05	0.000172285	3.15465e-05	0.000102099	0.000134634	0.000109695	8.42134e-05	7.10447e-05	0.000131027
GLYCOLYSIS-TCA-GLYOX-BYPASS: superpathway of glycolysis, pyruvate dehydrogenase, TCA, and glyoxylate bypass	0	7.21969e-07	3.04238e-07	0	0	1.82124e-06	0	0	0	0	0	0	0	0	5.02732e-05	0	0	0	4.36679e-06
GLYCOLYSIS: glycolysis I (from glucose 6-phosphate)	0	0.000204767	0.000198979	0.000115265	0.000147421	0.00013661	0.000230271	0.000303751	0.0001775	0.000205326	0.000417519	0.000345779	0.000258676	0.000284916	0.000312304	0.000337484	0.000284446	0.00018811	0.000318205
GLYOXYLATE-BYPASS: glyoxylate cycle	0	1.44116e-05	1.07043e-05	1.59575e-06	4.87893e-06	1.80421e-06	7.161e-05	0	5.3162e-07	4.02792e-06	0	4.91669e-06	0	0	3.28521e-05	1.30784e-06	4.61027e-06	0	1.03884e-05
GOLPDLCAT-PWY: superpathway of glycerol degradation to 1,3-propanediol	0	7.39115e-06	1.59275e-05	2.38983e-05	2.72963e-05	1.8451e-05	4.10014e-05	3.3502e-05	2.39768e-05	2.55687e-05	6.07529e-05	3.62914e-05	4.124e-05	3.07985e-05	1.77982e-05	2.35049e-05	1.69488e-05	1.56624e-05	3.90107e-05
HCAMHPDEG-PWY: 3-phenylpropanoate and 3-(3-hydroxyphenyl)propanoate degradation to 2-hydroxypentadienoate	0	3.35901e-06	0	0	0	0	1.67732e-05	1.09073e-06	0	0	8.66365e-07	0	0	0	9.02972e-06	0	0	0	4.05819e-07
HEME-BIOSYNTHESIS-II-1: heme b biosynthesis V (aerobic)	0	9.4013e-06	5.09548e-06	2.07198e-06	1.82246e-06	2.02265e-06	2.3518e-05	0	3.99116e-07	3.33561e-07	6.8999e-06	3.68832e-05	0	1.44954e-06	3.90889e-05	2.22453e-06	4.9542e-05	5.66035e-06	7.19721e-06
HEME-BIOSYNTHESIS-II: heme b biosynthesis I (aerobic)	0	1.32886e-05	1.82398e-05	6.49704e-06	4.66052e-06	5.00582e-06	3.23038e-05	1.55447e-06	3.86883e-07	9.67401e-06	3.95893e-06	2.0828e-05	8.77213e-06	6.71388e-06	3.90889e-05	2.22453e-06	2.18941e-05	2.41387e-05	8.99189e-06
HEMESYN2-PWY: heme b biosynthesis II (oxygen-independent)	0	1.79916e-05	2.16067e-05	1.15184e-05	1.45396e-05	6.21669e-06	3.90349e-05	8.09531e-06	7.20594e-06	1.39558e-05	1.41113e-05	7.24807e-05	1.76589e-05	2.82916e-05	4.33856e-05	1.88708e-05	6.32131e-05	2.84506e-05	3.03882e-05
HEXITOLDEGSUPER-PWY: superpathway of hexitol degradation (bacteria)	0	8.48431e-06	1.41343e-05	0	1.42257e-05	1.60822e-06	7.22778e-05	1.13932e-05	4.14255e-05	2.36735e-05	0	1.02881e-05	8.4925e-06	0	0.000122474	0	0	1.347e-05	1.66905e-05
HISDEG-PWY: L-histidine degradation I	6.53774e-05	0.000108814	0.00011562	0.000128283	9.45956e-05	0.000125524	0.00011396	0.000120065	0.000193772	0.000104197	1.01733e-05	0.000112841	0.000116791	0.000120193	0.000100946	0.000149434	6.23177e-05	0.000188175	0.000122523
HISTSYN-PWY: L-histidine biosynthesis	0.000496746	0.000512422	0.000388773	0.000404314	0.00037206	0.000405081	0.000264568	0.000394288	0.000391787	0.000356882	0.000479191	0.000385102	0.000352327	0.000339709	0.000341466	0.000385959	0.00034121	0.000385397	0.000390884
HOMOSER-METSYN-PWY: L-methionine biosynthesis I	3.17838e-05	1.42087e-05	8.55518e-06	0	2.31125e-06	3.18165e-06	5.45262e-05	5.44666e-06	3.19344e-07	3.09877e-06	6.54058e-06	1.17984e-05	5.10869e-06	1.33536e-05	4.63492e-05	8.74193e-06	4.97129e-06	2.27003e-05	2.57391e-05
HSERMETANA-PWY: L-methionine biosynthesis III	0.000202837	0.000236434	0.000327989	0.000237748	0.000309988	0.000260467	0.00020963	0.000280603	0.000200684	0.000247718	0.000393871	0.000362475	0.000246933	0.000281731	0.000275798	0.000294348	0.000323768	0.000212574	0.000279868
ILEUSYN-PWY: L-isoleucine biosynthesis I (from threonine)	0.000813172	0.000511656	0.000462044	0.000417056	0.000449682	0.000401932	0.000340843	0.000485388	0.000412167	0.00040976	0.000592686	0.000461232	0.000436003	0.000427033	0.000391266	0.000462021	0.000515963	0.000464545	0.000463427
KDO-NAGLIPASYN-PWY: superpathway of (Kdo)2-lipid A biosynthesis	0	3.42327e-06	1.05942e-06	0	0	8.90138e-07	8.88353e-06	8.62904e-07	0	0	0	0	0	0	1.36437e-05	0	0	0	4.23197e-06
KETOGLUCONMET-PWY: ketogluconate metabolism	0	7.30998e-06	6.40668e-06	1.07706e-07	1.01439e-06	1.4475e-06	5.41053e-07	4.16961e-06	0	9.81361e-08	0	2.03957e-06	0	0	6.3065e-05	0	0	6.2555e-06	1.56052e-05
LACTOSECAT-PWY: lactose and galactose degradation I	0	2.65353e-05	3.56916e-05	4.87379e-05	5.3498e-05	3.19999e-05	6.23111e-05	4.64316e-05	2.05552e-05	6.19182e-05	0.000168916	3.04129e-05	0.000219805	5.46738e-05	0.000352899	9.32986e-05	5.25805e-05	5.12814e-05	0.000116426
LIPA-CORESYN-PWY: lipid A-core biosynthesis (E. coli K-12)	0	1.37255e-06	0	0	0	0	1.05794e-06	0	0	0	0	1.60956e-07	0	0	2.11324e-05	0	0	0	2.26377e-06
LIPASYN-PWY: phospholipases	0	3.47857e-06	0	9.06291e-07	0	1.60279e-06	0	0	0	0	0	1.96416e-06	0	0	0	0	0	1.56389e-06	2.72918e-06
LPSSYN-PWY: superpathway of lipopolysaccharide biosynthesis	0	3.84562e-06	0	0	0	0	3.59143e-06	0	0	0	0	0	0	0	2.5155e-05	0	0	0	5.37985e-06
MET-SAM-PWY: superpathway of S-adenosyl-L-methionine biosynthesis	5.27997e-05	2.71159e-05	1.6699e-05	0	4.59098e-06	6.30019e-06	9.1917e-05	1.07464e-05	6.37856e-07	6.14459e-06	1.29229e-05	2.30107e-05	1.00887e-05	2.59273e-05	8.40805e-05	1.71292e-05	9.83453e-06	4.25375e-05	4.8631e-05
METH-ACETATE-PWY: methanogenesis from acetate	3.16386e-05	3.10392e-05	0.000123441	0.000110618	0.000150195	0.000101971	7.25347e-05	0.000124043	0.000104391	9.97338e-05	0.000260283	8.762e-05	0.000118818	6.65218e-05	5.32665e-05	9.78271e-05	3.46987e-05	8.33623e-05	6.50966e-05
METHANOGENESIS-PWY: methanogenesis from H2 and CO2	0	0	0	0	0	5.81576e-07	2.97019e-06	0	0	6.42339e-06	0	0	0	0	2.96665e-06	2.13483e-06	0	0	3.34191e-06
METHGLYUT-PWY: superpathway of methylglyoxal degradation	0	5.44363e-06	1.05675e-05	1.48052e-06	2.82513e-06	1.73781e-06	2.5194e-05	1.39171e-05	3.73847e-06	1.13958e-05	0	2.54659e-06	1.68673e-05	1.32651e-05	2.94364e-05	1.63931e-05	1.22069e-05	2.90624e-05	3.36683e-05
METSYN-PWY: superpathway of L-homoserine and L-methionine biosynthesis	4.77878e-05	2.42092e-05	1.47361e-05	0	4.02777e-06	5.53779e-06	8.47963e-05	9.44219e-06	5.58548e-07	5.39475e-06	1.13558e-05	2.02305e-05	8.85616e-06	2.28082e-05	7.5186e-05	1.50739e-05	8.62505e-06	3.81673e-05	4.30312e-05
NAD-BIOSYNTHESIS-II: NAD salvage pathway III (to nicotinamide riboside)	0	5.25953e-06	5.14536e-06	4.07817e-07	1.41619e-07	3.36674e-06	9.37751e-06	1.67573e-05	4.36564e-07	7.56531e-06	7.20448e-06	1.9719e-05	2.15122e-05	1.14879e-05	6.34823e-06	1.61778e-05	2.40356e-05	3.52077e-05	3.23023e-05
NAGLIPASYN-PWY: lipid IVA biosynthesis (E. coli)	0	9.09281e-05	6.08307e-06	5.26867e-05	1.4278e-05	6.47374e-05	9.35301e-05	7.5332e-05	9.6428e-05	4.90681e-05	0	0.000115664	1.32711e-05	8.48033e-05	8.56004e-05	9.26211e-05	0.000121224	3.0963e-05	4.36182e-05
NONMEVIPP-PWY: methylerythritol phosphate pathway I	0.000405249	0.000524463	0.000487363	0.000480599	0.00049456	0.000484864	0.000344923	0.000449408	0.000477052	0.000467903	0.000510789	0.000442939	0.000479473	0.000409398	0.000337352	0.000390555	0.000410998	0.000454758	0.000435348
NONOXIPENT-PWY: pentose phosphate pathway (non-oxidative branch) I	0.000123384	0.000194953	0.000321921	0.000322678	0.000373124	0.000292603	0.000320846	0.00032046	0.000296231	0.000368441	0.000470441	0.000416945	0.000358499	0.000254996	0.000332688	0.000285394	0.00028975	0.000220115	0.000292855
OANTIGEN-PWY: O-antigen building blocks biosynthesis (E. coli)	8.54357e-05	0.000249426	0.000336567	0.0002082	0.000257902	0.000197741	0.000206308	0.000246114	0.00015792	0.000287752	0.000519654	0.000318616	0.000325087	0.000281312	0.000349049	0.00029861	0.00031319	0.000287886	0.000310778
ORNARGDEG-PWY: superpathway of L-arginine and L-ornithine degradation	0	1.90087e-06	0	0	0	0	7.83369e-06	0	0	0	0	0	0	0	5.45087e-06	0	0	0	4.93369e-06
ORNDEG-PWY: superpathway of ornithine degradation	0	1.47669e-05	5.9843e-06	3.7622e-06	8.31767e-07	2.82362e-06	7.11176e-05	5.62234e-06	0	1.43745e-05	1.40651e-06	3.88109e-05	0	2.35984e-06	5.20602e-05	2.56619e-06	1.3679e-05	7.65403e-06	2.48266e-05
P101-PWY: ectoine biosynthesis	0	0	0	0	0	0	5.9511e-07	0	0	0	0	7.31616e-07	0	0	0	0	0	0	0
P105-PWY: TCA cycle IV (2-oxoglutarate decarboxylase)	0	2.01434e-05	8.61028e-06	2.68216e-06	5.83673e-06	1.57639e-05	8.54636e-05	0	0	0	6.74117e-06	4.22847e-05	1.64362e-05	6.87429e-06	4.05282e-05	7.30641e-06	0	1.6132e-05	1.17096e-05
P108-PWY: pyruvate fermentation to propanoate I	0	5.46416e-06	2.3546e-05	5.51243e-06	0	1.31556e-05	1.42956e-05	3.01879e-05	1.48519e-06	9.08365e-06	3.38799e-06	5.05798e-05	0	2.89887e-06	2.70974e-05	0	5.62261e-05	3.18147e-05	6.61652e-06
P122-PWY: heterolactic fermentation	0	1.02139e-05	3.80205e-06	3.30607e-06	6.17812e-06	4.21414e-06	1.21367e-06	0	0	0	0	2.79152e-05	0	6.31092e-06	6.81184e-05	2.16973e-06	4.16893e-05	1.64207e-05	1.67853e-05
P124-PWY: Bifidobacterium shunt	7.01617e-05	2.98522e-05	1.91054e-05	2.65746e-05	6.3499e-06	0	8.88542e-06	9.71006e-06	5.9e-06	2.49025e-05	0.000200028	5.01277e-05	5.17912e-05	3.99614e-06	7.5299e-05	2.78135e-06	7.44828e-05	4.36516e-06	1.99044e-05
P125-PWY: superpathway of (R,R)-butanediol biosynthesis	0	6.17515e-06	1.79027e-05	2.95004e-07	4.5481e-06	1.09576e-06	5.7577e-06	1.88333e-05	0	7.40321e-06	6.01068e-05	4.49243e-05	2.44129e-05	5.35513e-05	0.000151143	4.58464e-05	1.46749e-05	1.67419e-05	5.19614e-05
P161-PWY: acetylene degradation (anaerobic)	2.0846e-05	1.07379e-05	4.79584e-06	7.42942e-06	1.88186e-05	1.2696e-05	5.17592e-05	2.05581e-05	3.00031e-06	1.50402e-05	2.8332e-05	8.40301e-06	2.41154e-05	1.82406e-05	3.82754e-05	1.94346e-05	1.24951e-05	7.52762e-06	3.2835e-05
P163-PWY: L-lysine fermentation to acetate and butanoate	0	0	0	0	0	0	0	0	6.05082e-07	0	0	0	0	0	0	0	0	0	3.18465e-06
P164-PWY: purine nucleobases degradation I (anaerobic)	0	3.23618e-05	7.07918e-05	7.68437e-05	8.47646e-05	7.03275e-05	7.22472e-05	7.64092e-05	5.4018e-05	6.72983e-05	8.10152e-05	3.70588e-05	7.9911e-05	5.56702e-05	9.90763e-05	8.77409e-05	3.1526e-05	1.5814e-05	7.01874e-05
P185-PWY: formaldehyde assimilation III (dihydroxyacetone cycle)	0	8.17321e-06	1.74352e-05	1.14001e-05	2.65729e-05	2.10172e-05	4.76244e-05	1.98003e-05	2.83218e-05	2.91411e-05	1.58213e-05	4.65571e-05	4.91766e-05	5.3225e-06	8.02043e-06	5.51614e-06	5.61676e-06	1.60123e-05	1.65704e-05
P221-PWY: octane oxidation	0	1.42477e-06	7.08851e-07	3.73245e-07	0	4.76863e-07	1.8486e-06	0	0	2.22672e-06	2.12759e-06	5.18971e-07	0	1.39222e-06	2.32162e-06	0	0	0	1.74535e-08
P23-PWY: reductive TCA cycle I	0	4.34324e-06	1.24098e-05	3.64234e-06	0	8.75451e-06	1.04339e-05	1.78812e-06	9.98074e-07	6.38499e-06	2.28731e-06	0	0	1.89853e-06	9.51906e-06	0	4.79672e-05	2.64182e-05	4.13608e-06
P241-PWY: coenzyme B biosynthesis	0	0	0	0	0	0	2.17823e-06	0	0	7.04437e-07	0	0	0	0	0	0	0	0	0
P4-PWY: superpathway of L-lysine, L-threonine and L-methionine biosynthesis I	3.59896e-05	3.62517e-05	2.20561e-05	0	8.2893e-06	1.01542e-05	6.26332e-05	9.15685e-06	1.31604e-06	1.08345e-05	2.60703e-05	4.04207e-05	1.82906e-05	9.62647e-06	7.76789e-05	1.15848e-05	1.91701e-05	1.08497e-05	3.5818e-05
P41-PWY: pyruvate fermentation to acetate and (S)-lactate I	3.55799e-05	0.000185551	0.000266193	0.000213784	0.000275883	0.000196023	0.000175644	0.000293266	0.000166704	0.000213523	0.000506184	0.000319382	0.000285611	0.00023844	0.000283012	0.000264656	0.000259029	0.000203052	0.000265463
P42-PWY: incomplete reductive TCA cycle	0	5.48078e-05	1.64385e-05	2.29426e-05	4.79232e-05	4.33429e-05	6.60354e-05	1.67932e-05	8.04227e-05	0.000111942	3.69398e-05	6.2314e-05	7.01324e-06	2.23648e-05	2.05487e-05	1.39313e-05	5.45591e-05	5.43909e-05	1.3515e-05
P441-PWY: superpathway of N-acetylneuraminate degradation	0	3.90576e-05	8.37908e-05	7.53074e-05	5.62956e-05	7.36774e-05	0.000132769	0.000136773	3.31317e-05	8.47785e-05	8.54093e-05	0.000116647	7.99918e-05	8.99919e-05	0.00016263	7.90459e-05	0.000118571	6.52683e-05	9.19472e-05
P461-PWY: hexitol fermentation to lactate, formate, ethanol and acetate	0	2.34221e-05	3.26013e-05	1.2671e-05	3.56577e-05	3.10766e-05	0.000144891	4.55487e-05	4.89496e-05	2.83083e-05	5.09729e-05	8.62748e-05	0.000131126	4.98035e-05	0.00010915	3.70323e-05	4.53239e-05	2.33908e-05	4.95806e-05
P562-PWY: myo-inositol degradation I	0	0	0	0	0	7.25549e-07	0	0	0	0	0	0	0	0	5.27364e-07	0	0	0	0
P621-PWY: nylon-6 oligomer degradation	0	4.10638e-06	1.44132e-06	2.10935e-06	8.00982e-07	5.5378e-07	4.73579e-06	4.56792e-05	0	5.11222e-06	2.6565e-05	3.43073e-05	1.38534e-05	3.33271e-05	4.64741e-06	1.3737e-06	1.78719e-05	2.47238e-05	1.906e-05
PANTO-PWY: phosphopantothenate biosynthesis I	0.000185342	0.000394082	0.000301274	0.000353956	0.000369574	0.000320048	0.000262922	0.000307241	0.000329575	0.000280805	0.000191783	0.000309191	0.000300891	0.00028699	0.000236046	0.000289752	0.000245135	0.000365126	0.000323577
PANTOSYN-PWY: superpathway of coenzyme A biosynthesis I (bacteria)	0.000236365	0.000454555	0.000338187	0.000369916	0.000387197	0.000355681	0.000269302	0.00033908	0.000356632	0.000301418	0.000242058	0.000352912	0.000334139	0.000327987	0.000268177	0.00033581	0.00028408	0.000380073	0.000357456
PENTOSE-P-PWY: pentose phosphate pathway	2.32748e-05	0.000155633	0.000164812	0.000201647	0.000123852	0.00017579	0.000197936	0.000153504	0.000204583	0.000152142	0.000261581	0.000253165	0.000107727	0.000150026	0.000210496	0.000190304	0.000193985	0.00019915	0.000179464
PEPTIDOGLYCANSYN-PWY: peptidoglycan biosynthesis I (meso-diaminopimelate containing)	0.000685965	0.000589103	0.000477603	0.000504199	0.0005035	0.000490301	0.00034052	0.000495257	0.000447412	0.000491907	0.000625147	0.00046728	0.000500033	0.000451376	0.000483648	0.000455647	0.000490218	0.000526028	0.000480832
PHOSLIPSYN-PWY: superpathway of phospholipid biosynthesis I (bacteria)	0.000103333	0.000204233	0.000215327	0.000228524	0.000153391	0.000192764	0.000219222	0.000231486	0.00019367	0.000192859	0.00014214	0.000242408	0.000150422	0.000217399	0.000211563	0.000228406	0.000266796	0.000170407	0.000185256
POLYAMINSYN3-PWY: superpathway of polyamine biosynthesis II	0	2.54451e-05	1.6428e-05	6.33949e-06	1.41814e-06	4.53042e-06	1.65934e-05	1.23466e-05	0	4.49725e-05	2.30278e-06	3.36077e-05	0	5.92313e-06	3.82837e-05	4.49782e-06	4.10713e-05	1.49258e-05	3.84465e-05
POLYAMSYN-PWY: superpathway of polyamine biosynthesis I	0	3.61129e-05	2.70451e-05	2.91839e-05	3.72628e-05	2.92297e-05	7.19274e-05	1.62101e-05	3.36483e-05	5.51494e-05	1.96846e-05	5.64385e-05	2.23222e-05	4.4496e-05	5.93179e-05	3.89309e-05	5.08165e-05	1.43555e-05	4.90913e-05
POLYISOPRENSYN-PWY: polyisoprenoid biosynthesis (E. coli)	0	4.58353e-05	9.17832e-05	0.000147756	7.46021e-05	9.96169e-05	8.70813e-05	9.05984e-05	0.00011238	3.64165e-05	9.93454e-06	0.000161728	5.21823e-05	6.86636e-05	0.000129723	9.88086e-05	7.97348e-05	0.000122583	9.31116e-05
PPGPPMET-PWY: ppGpp metabolism	0	1.17963e-05	2.35578e-05	2.96313e-05	1.80727e-05	2.81725e-05	5.9016e-05	3.28635e-05	2.46066e-05	3.65554e-05	2.46009e-05	7.86033e-05	6.07407e-05	1.88723e-05	2.1609e-05	3.58953e-05	5.93424e-05	1.22634e-05	2.73082e-05
PROPFERM-PWY: superpathway of L-alanine fermentation (Stickland reaction)	0	0	2.60763e-06	3.67155e-06	1.34328e-05	2.22838e-06	0	0	1.88514e-06	4.82874e-06	0	2.40762e-06	0	0	2.41706e-06	3.39365e-06	0	0	0
PROTOCATECHUATE-ORTHO-CLEAVAGE-PWY: protocatechuate degradation II (ortho-cleavage pathway)	0	1.95769e-06	0	0	0	4.89551e-07	5.07628e-07	0	0	3.5071e-07	0	0	0	0	3.48517e-06	0	0	0	2.99482e-06
PRPP-PWY: superpathway of histidine, purine, and pyrimidine biosynthesis	0	2.2811e-05	9.63571e-06	8.3107e-06	0	1.70236e-05	3.74679e-05	0	0	0	0	0.000100166	0	1.90199e-05	4.99796e-05	0	6.68254e-05	2.12053e-05	2.12056e-05
PWY-1042: glycolysis IV	0.000958757	0.000662265	0.000573679	0.000641885	0.000617598	0.000576571	0.000468863	0.00054648	0.000590557	0.000533278	0.000676719	0.000588518	0.000591762	0.000545969	0.000517095	0.000574117	0.000587485	0.000562517	0.000572448
PWY-1269: CMP-3-deoxy-D-manno-octulosonate biosynthesis	0.000402728	0.000241188	7.80819e-05	8.03684e-05	4.26201e-05	7.98542e-05	0.000150203	6.19686e-05	0.000122504	7.1527e-05	3.99414e-06	0.000118857	6.70587e-05	7.38969e-05	8.141e-05	7.92048e-05	7.86509e-05	0.000115003	5.32818e-05
PWY-1501: mandelate degradation I	0	0	0	0	0	0	0	0	0	0	0	0	0	0	0	0	0	0	6.42219e-07
PWY-1861: formaldehyde assimilation II (assimilatory RuMP Cycle)	0	2.83388e-05	3.70045e-05	3.53315e-05	6.38127e-05	4.27773e-05	0.00015489	3.35893e-05	3.70628e-05	8.21621e-05	5.45252e-05	8.01693e-05	8.76418e-05	4.44747e-05	7.01732e-05	5.80127e-05	1.44043e-05	9.53931e-05	3.1023e-05
PWY-2221: Entner-Doudoroff pathway III (semi-phosphorylative)	0	0	6.89552e-07	0	0	0	1.04826e-06	0	0	0	0	0	0	0	0	0	0	0	0
PWY-241: C4 photosynthetic carbon assimilation cycle, NADP-ME type	0	5.77052e-05	5.3036e-05	2.60245e-05	2.09625e-05	5.65142e-06	8.24224e-05	0.000105662	7.43568e-06	4.98533e-05	0.000161021	0.000140865	9.59089e-05	9.15688e-05	0.000162507	0.000131003	0.000150513	9.95164e-05	0.000125659
PWY-2941: L-lysine biosynthesis II	4.64615e-05	0.000158376	0.000244531	0.000110679	8.15617e-05	0.000152352	0.00015037	0.000239882	8.3773e-05	0.000152174	0.000321984	0.000267063	0.000194871	0.000201634	0.00033779	0.000266711	0.000205459	0.000245244	0.000199631
PWY-2942: L-lysine biosynthesis III	0.000328973	0.000444115	0.000341463	0.000386611	0.000375287	0.000383577	0.000268306	0.000366138	0.000384004	0.000365166	0.000456491	0.000364435	0.000323351	0.000316834	0.000291005	0.00036734	0.000347757	0.000379465	0.000327487
PWY-3001: superpathway of L-isoleucine biosynthesis I	9.14238e-05	0.00029449	0.000357613	0.000319562	0.000306587	0.000299396	0.000254348	0.000365669	0.000313056	0.000295656	0.000502943	0.000378082	0.000330432	0.000310589	0.00033214	0.000389525	0.000379175	0.000366612	0.00032867
PWY-3801: sucrose degradation II (sucrose synthase)	0	2.06112e-06	0	0	0	4.82414e-06	0	0	0	0	0	0	0	3.91891e-06	5.53775e-06	0	0	0	0
PWY-3841: folate transformations II (plants)	0.000471977	0.000543224	0.000454694	0.000442367	0.000450456	0.000521582	0.000304577	0.000450104	0.000439133	0.000478531	0.000424422	0.00042762	0.000425346	0.000447924	0.000443788	0.000455984	0.000438238	0.000483217	0.000458936
PWY-4041: &gamma;-glutamyl cycle	0	6.60662e-05	6.99594e-05	5.77753e-05	5.01207e-05	6.39433e-05	0.000127211	9.06952e-05	4.64213e-05	5.56818e-05	0.000167571	0.000195038	0.00012985	8.53198e-05	0.000154124	0.000124336	0.000131724	0.000101187	0.000128263
PWY-4984: urea cycle	0	0.000131246	9.67738e-05	0.00015847	0.000100634	9.15926e-05	0.000104739	8.75987e-05	0.00012249	5.27765e-05	3.92663e-05	0.000194414	0.000100219	7.8992e-05	6.73963e-05	5.79992e-05	7.33955e-05	0.00017391	7.53293e-05
PWY-5004: superpathway of L-citrulline metabolism	0	1.8574e-06	0	5.87387e-06	2.71805e-06	3.98944e-06	1.59444e-05	3.48097e-06	0	8.03229e-06	0	0	0	0	2.4408e-06	1.13355e-06	4.23566e-06	0	5.18551e-06
PWY-5005: biotin biosynthesis II	0	2.42794e-05	1.11993e-05	2.78758e-05	1.63733e-05	1.32476e-05	6.17889e-06	1.43222e-05	4.64961e-06	1.855e-05	5.77506e-06	3.00402e-05	2.28612e-05	2.61648e-05	1.62484e-05	2.47242e-05	3.18268e-05	6.66099e-06	2.40251e-05
PWY-5022: 4-aminobutanoate degradation V	0	1.99187e-05	1.22524e-05	1.6634e-05	8.20559e-06	4.18758e-05	8.15066e-05	8.57246e-06	3.11606e-05	4.38413e-05	0	1.40137e-05	1.22897e-05	2.169e-06	4.55541e-05	1.04655e-05	5.50352e-06	0	3.39069e-05
PWY-5030: L-histidine degradation III	0	8.05462e-05	0.000116585	0.000117495	8.02796e-05	0.00011162	0.000105163	9.92764e-05	0.000162132	6.22194e-05	1.53645e-05	8.20034e-05	8.59273e-05	0.000104325	5.90731e-05	0.000123879	5.32368e-05	0.000157423	9.64559e-05
PWY-5055: nicotinate degradation III	0	0	0	0	0	0	0	0	0	1.19287e-06	0	0	0	0	0	0	0	0	0
PWY-5088: L-glutamate degradation VIII (to propanoate)	0	6.5232e-07	0	0	0	0	0	0	0	0	0	0	0	0	0	0	0	0	0
PWY-5097: L-lysine biosynthesis VI	0.000636987	0.000520236	0.000436179	0.000433976	0.000434318	0.000421569	0.000298611	0.000437389	0.000411827	0.0004135	0.000554195	0.000413147	0.000380865	0.000373729	0.000393089	0.000392103	0.000387429	0.000393022	0.000395363
PWY-5100: pyruvate fermentation to acetate and lactate II	3.55799e-05	0.000185551	0.000266193	0.000213784	0.000275883	0.000196023	0.000175644	0.000293266	0.000166704	0.000213523	0.000506184	0.000319382	0.000285611	0.00023844	0.000283012	0.000264656	0.000259029	0.000203052	0.000265463
PWY-5103: L-isoleucine biosynthesis III	0.0007725	0.000461349	0.00040841	0.000369286	0.000409955	0.000340673	0.000302461	0.000444238	0.000368663	0.000373214	0.000557942	0.000417617	0.000406784	0.000379638	0.000345195	0.000420197	0.000481587	0.000400526	0.000416946
PWY-5104: L-isoleucine biosynthesis IV	0	9.35029e-06	6.90876e-06	5.25375e-07	6.52251e-07	0	5.82073e-05	0	0	5.46683e-07	0	8.43239e-07	0	0	3.57965e-05	1.54399e-06	0	0	6.60111e-06
PWY-5121: superpathway of geranylgeranyl diphosphate biosynthesis II (via MEP)	0	8.05705e-05	0.000209614	0.000221415	0.000145597	0.000163601	0.000117198	0.000142314	0.000177863	5.4079e-05	0.000113503	6.48314e-05	8.07771e-05	0.000113517	0.000175128	0.00013598	0.000124929	0.000205312	0.000156375
PWY-5130: 2-oxobutanoate degradation I	0	2.98674e-05	2.51028e-06	1.67416e-05	3.41517e-05	2.14821e-05	1.22452e-05	0	1.42504e-05	3.5678e-05	3.05193e-06	3.95409e-05	1.63633e-05	3.45208e-05	3.18194e-05	1.6769e-05	1.4201e-05	5.05538e-05	2.69768e-05
PWY-5136: fatty acid &beta;-oxidation II (plant peroxisome)	0	1.62397e-05	1.23535e-05	8.51302e-06	2.85848e-05	1.25095e-05	0.00011195	4.92081e-06	4.45184e-06	1.01535e-05	2.90245e-05	1.20773e-05	1.63443e-05	9.67743e-06	9.23407e-05	2.18597e-05	0	1.78344e-05	2.18257e-05
PWY-5138: fatty acid &beta;-oxidation IV (unsaturated, even number)	0	4.19083e-06	3.69785e-06	0	1.37834e-06	2.13769e-06	1.67036e-05	7.18539e-07	0	0	0	0	0	0	3.0604e-05	0	0	0	5.66481e-06
PWY-5154: L-arginine biosynthesis III (via N-acetyl-L-citrulline)	0.000117507	0.000268817	0.000203159	0.000323443	0.000138613	0.000178818	0.000171735	0.000188258	0.000253689	0.000158268	5.11018e-05	0.000195733	0.00011179	0.000169808	0.000163944	0.000218453	0.000336123	0.000245617	0.000134846
PWY-5178: toluene degradation IV (aerobic) (via catechol)	0	1.10079e-06	0	0	0	0	0	0	0	0	0	0	0	0	0	0	0	0	8.68574e-07
PWY-5180: toluene degradation I (aerobic) (via o-cresol)	0	4.01293e-06	0	0	0	0	0	1.61084e-05	0	0	0	0	0	0	1.51203e-05	0	0	0	6.68728e-06
PWY-5188: tetrapyrrole biosynthesis I (from glutamate)	2.85368e-05	0.000102352	0.00018377	0.000135463	0.000199874	0.000113964	9.8692e-05	0.000187014	0.000105	0.000149419	0.000262952	0.000187309	0.000141395	0.000145123	9.5109e-05	0.00012561	0.000152922	0.000109645	0.00013173
PWY-5189: tetrapyrrole biosynthesis II (from glycine)	0	1.15664e-05	5.88132e-06	5.1024e-06	7.66561e-06	3.60031e-06	2.29678e-05	6.89688e-06	1.09212e-06	1.19303e-05	6.38873e-05	8.61915e-06	3.89597e-06	9.02468e-06	2.36418e-05	1.26101e-06	1.35977e-05	0	1.77779e-05
PWY-5198: factor 420 biosynthesis II (mycobacteria)	0	0	0	0	0	1.38265e-06	3.25381e-06	0	0	3.66813e-06	0	0	0	0	2.88865e-06	3.04007e-06	0	0	3.74579e-06
PWY-5209: methyl-coenzyme M oxidation to CO2	0	0	0	0	0	3.78356e-07	2.6435e-06	0	0	4.15292e-06	0	0	0	0	2.56967e-06	1.91133e-06	0	0	3.31714e-06
PWY-5265: peptidoglycan biosynthesis II (staphylococci)	0	1.51174e-05	1.41773e-05	2.40677e-06	3.81907e-05	0	0	1.39218e-05	2.12584e-06	5.76371e-06	2.78166e-05	6.815e-05	9.90765e-06	2.95721e-05	0.000360753	1.00781e-05	3.00047e-05	0	6.45633e-05
PWY-5345: superpathway of L-methionine biosynthesis (by sulfhydrylation)	2.69352e-05	6.90493e-05	1.89165e-05	0.000135253	3.0918e-05	6.60897e-05	0.000144099	1.4704e-05	1.5192e-05	3.26881e-05	0.000248526	7.12499e-05	0	2.23008e-05	0.000137946	4.51604e-05	0.000116643	1.4073e-05	9.70984e-05
PWY-5347: superpathway of L-methionine biosynthesis (transsulfuration)	5.41828e-05	2.74025e-05	1.67291e-05	0	4.59057e-06	6.30731e-06	9.15598e-05	1.07437e-05	6.38166e-07	6.14025e-06	1.2907e-05	2.29138e-05	1.00651e-05	2.57615e-05	8.19466e-05	1.71381e-05	9.82983e-06	4.30368e-05	4.78649e-05
PWY-5367: petroselinate biosynthesis	0	3.2159e-06	3.11068e-06	9.96995e-06	2.4236e-06	1.57323e-06	2.43931e-05	8.44584e-06	3.69384e-06	0	4.9044e-06	4.29667e-06	8.18691e-06	2.57562e-05	0.00018311	1.18752e-05	9.82712e-06	3.98478e-06	1.50903e-05
PWY-5384: sucrose degradation IV (sucrose phosphorylase)	1.50284e-05	8.09262e-05	0.000183948	0.000242459	0.000119288	0.00015212	0.000161436	9.38134e-05	5.7083e-05	6.01294e-05	0.000217511	0.000200614	0.000132254	0.000120772	0.000292223	0.000149794	0.000215928	0.000143934	0.000142466
PWY-5392: reductive TCA cycle II	0	2.5842e-06	7.9794e-06	0	0	5.93908e-06	7.71892e-06	0	0	7.52331e-07	0	0	0	1.71815e-06	4.39848e-06	0	5.04539e-06	0	3.36588e-06
PWY-5415: catechol degradation I (meta-cleavage pathway)	0	1.778e-06	0	0	0	0	0	5.32786e-06	0	1.15254e-06	0	0	0	0	1.00655e-05	0	0	0	1.48462e-06
PWY-5417: catechol degradation III (ortho-cleavage pathway)	0	1.34789e-06	0	0	0	1.62027e-06	0	0	0	0	0	9.46408e-07	0	0	1.60965e-06	0	0	0	2.31051e-06
PWY-5419: catechol degradation to 2-hydroxypentadienoate II	0	0	0	0	0	0	0	0	0	0	0	0	0	0	0	0	0	0	5.63168e-07
PWY-5420: catechol degradation II (meta-cleavage pathway)	0	0	0	0	0	0	0	0	0	0	0	0	0	0	0	0	0	0	6.65749e-07
PWY-5430: meta cleavage pathway of aromatic compounds	0	0	0	0	0	0	0	0	0	0	0	0	0	0	0	0	0	0	7.12113e-07
PWY-5431: aromatic compounds degradation via &beta;-ketoadipate	0	1.34789e-06	0	0	0	1.62027e-06	0	0	0	0	0	9.46408e-07	0	0	1.60965e-06	0	0	0	2.31051e-06
PWY-5464: superpathway of cytosolic glycolysis (plants), pyruvate dehydrogenase and TCA cycle	0	8.35931e-07	3.76381e-07	0	3.43116e-07	3.45507e-06	0	0	0	0	0	0	0	0	5.69226e-06	0	0	0	5.06705e-06
PWY-5484: glycolysis II (from fructose 6-phosphate)	0	0.000194124	0.000183961	0.000113193	0.000137472	0.000129887	0.000220447	0.000277163	0.000171599	0.000188106	0.000353115	0.00033568	0.000246518	0.000263191	0.000295921	0.000313126	0.00026889	0.000187118	0.000292097
PWY-5494: pyruvate fermentation to propanoate II (acrylate pathway)	0	0	1.19333e-06	1.717e-06	6.9221e-06	1.0135e-06	0	0	8.60099e-07	2.32257e-06	0	1.08627e-06	0	0	1.10202e-06	1.71266e-06	0	0	0
PWY-5497: purine nucleobases degradation II (anaerobic)	0	4.40591e-05	4.35807e-05	3.82256e-05	3.94335e-05	6.08109e-05	5.97798e-05	4.59685e-05	5.76807e-05	5.08062e-05	3.01131e-05	5.03697e-05	2.79325e-05	6.39726e-05	5.95936e-05	6.9236e-05	2.75126e-05	2.08098e-05	6.81443e-05
PWY-5505: L-glutamate and L-glutamine biosynthesis	0	0.000102284	0.00011574	0.000151246	0.000112771	0.000164197	9.99722e-05	0.000100428	0.000105271	7.63983e-05	3.90659e-06	8.4102e-05	7.99345e-05	8.22839e-05	6.36875e-05	9.44231e-05	8.17486e-05	7.77091e-05	8.67545e-05
PWY-5514: UDP-N-acetyl-D-galactosamine biosynthesis II	0	0	0	0	0	0	0	1.61929e-06	0	0	0	0	0	0	1.20395e-06	0	0	0	0
PWY-561: superpathway of glyoxylate cycle and fatty acid degradation	0	1.21777e-05	2.22854e-06	0	0	1.5046e-06	7.79804e-05	0	0	2.17219e-06	0	2.99104e-06	0	0	3.86363e-05	0	0	0	1.09089e-05
PWY-5654: 2-amino-3-carboxymuconate semialdehyde degradation to 2-hydroxypentadienoate	0	5.64432e-08	0	0	0	0	0	0	0	0	0	0	0	0	0	0	0	0	0
PWY-5656: mannosylglycerate biosynthesis I	0	3.40159e-06	5.11212e-06	0	7.78006e-07	0	2.62978e-05	0	0	0	0	0	0	0	0	1.37285e-06	0	0	0
PWY-5659: GDP-mannose biosynthesis	6.06344e-05	0.000102882	0.000158485	0.000137815	9.30482e-05	0.00013001	0.0001558	0.000100636	0.00015312	0.000122465	0.000216388	0.000180498	0.000112212	0.000143879	0.000113027	0.000123883	0.00012587	0.000163442	0.000138143
PWY-5667: CDP-diacylglycerol biosynthesis I	0.000143639	0.000600077	0.000432633	0.000435616	0.000413101	0.000460073	0.000324629	0.000453624	0.000432448	0.000426986	0.000486852	0.000443864	0.000453609	0.000418823	0.000377383	0.000432521	0.000435996	0.000477272	0.000420116
PWY-5675: nitrate reduction V (assimilatory)	0	5.12558e-06	1.94909e-06	5.03573e-07	6.01983e-07	2.54823e-06	8.50385e-05	0	2.47563e-07	1.88611e-06	0	4.01938e-07	0	0	2.65405e-05	5.88762e-07	1.46666e-06	0	6.67068e-06
PWY-5676: acetyl-CoA fermentation to butanoate II	1.60313e-05	2.9121e-05	3.34791e-05	3.02452e-05	8.06324e-05	4.04072e-05	0.00011875	2.17858e-05	2.81962e-05	3.00889e-05	0.000120251	8.10196e-05	6.03523e-05	5.36507e-05	8.26632e-05	4.85532e-05	4.39255e-05	2.75604e-05	7.02949e-05
PWY-5677: succinate fermentation to butanoate	0	4.51141e-07	1.39847e-06	4.97183e-07	2.89509e-06	0	0	4.53223e-06	6.64951e-07	0	0	1.05847e-06	0	0	1.66666e-06	0	0	0	0
PWY-5686: UMP biosynthesis I	0.000497771	0.000610643	0.000518634	0.000508909	0.000532801	0.000528484	0.00036018	0.000485031	0.000479819	0.00052146	0.000570965	0.000494987	0.00054302	0.00047358	0.000473807	0.000502268	0.000483135	0.000471524	0.000553774
PWY-5690: TCA cycle II (plants and fungi)	0	5.37388e-06	1.13155e-05	8.51955e-06	5.10878e-06	1.27145e-05	2.15876e-06	2.18788e-05	7.7496e-06	1.53873e-05	2.66375e-06	1.90167e-05	3.81035e-06	6.63303e-06	3.80914e-06	7.21371e-06	1.12698e-05	8.03905e-06	1.08558e-05
PWY-5692: allantoin degradation to glyoxylate II	0	5.29532e-07	2.19958e-07	0	3.42393e-07	0	0	0	0	0	0	0	0	0	0	0	0	0	4.16054e-07
PWY-5695: inosine 5'-phosphate degradation	0.000611697	0.000578973	0.000439789	0.00045133	0.000371249	0.00041665	0.000345231	0.000426439	0.000425048	0.00038923	0.000390834	0.000498722	0.000363256	0.000377624	0.000565584	0.000406682	0.00043146	0.000495757	0.000460036
PWY-5705: allantoin degradation to glyoxylate III	0	1.19603e-06	2.4128e-07	0	3.86243e-07	0	3.33716e-06	0	0	0	0	0	0	0	3.67463e-06	0	0	0	8.83318e-07
PWY-5723: Rubisco shunt	0	1.70168e-05	7.90726e-06	1.19378e-06	4.81194e-06	5.97202e-06	7.70114e-05	2.46438e-06	0	2.06687e-06	0	0	0	4.55654e-06	9.17344e-05	5.31415e-06	4.23656e-06	0	2.84471e-05
PWY-5724: superpathway of atrazine degradation	0	0	3.47173e-07	0	0	0	0	0	0	0	0	0	0	0	0	0	0	0	0
PWY-5747: 2-methylcitrate cycle II	0	1.79242e-06	0	0	1.57377e-07	0	5.34139e-06	0	0	7.2059e-08	0	0	0	0	5.12714e-06	8.01458e-07	0	0	3.01983e-06
PWY-5837: 2-carboxy-1,4-naphthoquinol biosynthesis	0	1.52464e-05	5.07513e-06	2.01927e-05	1.63837e-05	1.45946e-05	4.03263e-05	3.94482e-06	6.33657e-06	1.46001e-06	0	5.01204e-05	6.37114e-06	1.26382e-05	3.44536e-05	4.89406e-06	7.08763e-05	1.29649e-05	1.31802e-05
PWY-5838: superpathway of menaquinol-8 biosynthesis I	0	4.71571e-05	1.58528e-05	5.62057e-05	4.32482e-05	4.25537e-05	8.96968e-05	1.27468e-05	2.04404e-05	4.86609e-06	0	0.000101611	1.87858e-05	3.51119e-05	8.33216e-05	1.57662e-05	0.000106979	3.86395e-05	3.73295e-05
PWY-5840: superpathway of menaquinol-7 biosynthesis	0	4.29852e-05	1.33764e-05	4.17738e-05	2.34682e-05	3.21178e-05	7.12211e-05	6.74205e-06	1.98113e-05	4.86066e-06	0	2.96307e-05	1.78878e-05	1.76613e-05	8.11233e-05	1.44178e-05	6.9837e-05	0	3.54078e-05
PWY-5845: superpathway of menaquinol-9 biosynthesis	0	3.19856e-05	1.53354e-05	1.67111e-05	4.22599e-06	1.70135e-05	7.12211e-05	1.25924e-05	2.01361e-05	4.70847e-06	0	0	8.66803e-06	3.2033e-05	5.82832e-05	1.54637e-05	4.37087e-05	0	3.21887e-05
PWY-5850: superpathway of menaquinol-6 biosynthesis	0	3.19856e-05	2.83703e-06	0	3.15173e-06	1.70135e-05	7.12211e-05	0	1.094e-05	3.04778e-06	0	0	0	1.76613e-05	5.82832e-05	6.55135e-06	4.37087e-05	0	1.76933e-05
PWY-5855: ubiquinol-7 biosynthesis (early decarboxylation)	0	1.93582e-06	7.29098e-07	0	1.92397e-07	1.54619e-06	1.1037e-06	0	1.41231e-07	0	0	3.72915e-07	0	0	1.29453e-05	0	0	0	1.94519e-06
PWY-5860: superpathway of demethylmenaquinol-6 biosynthesis I	0	2.18657e-05	1.89836e-06	0	2.11183e-06	1.15864e-05	5.41087e-05	0	7.39092e-06	2.04275e-06	0	0	0	1.22735e-05	4.16306e-05	4.40732e-06	3.21199e-05	0	1.20968e-05
PWY-5861: superpathway of demethylmenaquinol-8 biosynthesis I	0	3.26304e-05	1.07912e-05	4.03177e-05	3.09801e-05	2.99466e-05	7.07056e-05	8.65965e-06	1.39715e-05	3.27193e-06	0	8.25338e-05	1.30043e-05	2.54678e-05	6.13989e-05	1.07441e-05	9.22792e-05	2.72681e-05	2.62664e-05
PWY-5862: superpathway of demethylmenaquinol-9 biosynthesis	0	2.18657e-05	1.04319e-05	1.13797e-05	2.83655e-06	1.15864e-05	5.41087e-05	8.55275e-06	1.37583e-05	3.16506e-06	0	0	5.87889e-06	2.30567e-05	4.16306e-05	1.05334e-05	3.21199e-05	0	2.24775e-05
PWY-5896: superpathway of menaquinol-10 biosynthesis	0	3.19856e-05	2.83703e-06	0	3.15173e-06	1.70135e-05	7.12211e-05	0	1.094e-05	3.04778e-06	0	0	0	1.76613e-05	5.82832e-05	6.55135e-06	4.37087e-05	0	1.76933e-05
PWY-5897: superpathway of menaquinol-11 biosynthesis	0	4.25699e-05	1.42819e-05	5.11979e-05	4.05852e-05	3.87058e-05	8.44104e-05	1.12836e-05	1.81184e-05	4.29296e-06	0	9.61467e-05	1.722e-05	3.19655e-05	7.82479e-05	1.39858e-05	0.000109391	3.48512e-05	3.40076e-05
PWY-5898: superpathway of menaquinol-12 biosynthesis	0	4.25699e-05	1.42819e-05	5.11979e-05	4.05852e-05	3.87058e-05	8.44104e-05	1.12836e-05	1.81184e-05	4.29296e-06	0	9.61467e-05	1.722e-05	3.19655e-05	7.82479e-05	1.39858e-05	0.000109391	3.48512e-05	3.40076e-05
PWY-5899: superpathway of menaquinol-13 biosynthesis	0	4.25699e-05	1.42819e-05	5.11979e-05	4.05852e-05	3.87058e-05	8.44104e-05	1.12836e-05	1.81184e-05	4.29296e-06	0	9.61467e-05	1.722e-05	3.19655e-05	7.82479e-05	1.39858e-05	0.000109391	3.48512e-05	3.40076e-05
PWY-5910: superpathway of geranylgeranyldiphosphate biosynthesis I (via mevalonate)	0	7.14011e-06	7.02579e-06	1.30947e-06	9.72615e-07	2.58092e-06	4.32858e-06	2.02576e-05	0	7.481e-06	6.70084e-06	2.36825e-05	1.64326e-05	2.03724e-05	4.9079e-05	2.22179e-05	1.0187e-05	3.29463e-05	4.35984e-05
PWY-5913: partial TCA cycle (obligate autotrophs)	0	3.59587e-05	2.85892e-05	1.89199e-05	1.56508e-05	4.33439e-06	6.33247e-05	4.73298e-05	5.56482e-06	2.24723e-05	7.27482e-05	5.90061e-05	5.05167e-05	5.56165e-05	0.000146555	7.26239e-05	4.55816e-05	5.42889e-05	6.97293e-05
PWY-5918: superpathway of heme b biosynthesis from glutamate	0	1.73025e-05	1.18198e-05	8.3427e-06	8.79079e-06	6.04068e-06	3.76303e-05	3.46858e-06	8.19308e-07	1.55026e-05	9.47351e-06	1.70068e-05	7.52501e-06	1.18735e-05	3.70104e-05	2.41788e-06	2.38739e-05	0	1.71388e-05
PWY-5920: superpathway of heme b biosynthesis from glycine	0	9.8529e-06	6.74344e-06	9.74678e-07	9.4456e-07	0	2.43356e-05	0	0	6.51055e-07	0	0	0	0	1.99675e-05	0	0	0	9.26883e-06
PWY-5941: glycogen degradation II	0.000183392	0.000264919	0.000536754	0.000458972	0.00050882	0.000467457	0.00038824	0.000447026	0.000436355	0.000478067	0.000733614	0.000565729	0.000509691	0.000428362	0.000401928	0.000435775	0.000455231	0.000347887	0.000485877
PWY-5971: palmitate biosynthesis (type II fatty acid synthase)	0	5.86442e-05	6.71867e-05	8.17175e-05	6.88114e-05	4.16764e-05	0.0001538	6.34755e-05	4.15717e-05	0	4.3116e-06	0.000126466	7.52292e-05	7.29483e-05	0.000171346	8.36173e-05	0.000152912	7.9344e-05	8.00503e-05
PWY-5972: stearate biosynthesis I (animals)	0	0	2.55961e-06	0	9.84783e-07	0	1.10097e-05	0	0	2.74256e-07	0	0	0	0	0	1.60255e-06	0	0	1.24817e-06
PWY-5973: cis-vaccenate biosynthesis	0.000204419	0.000358225	0.000238213	0.000360721	0.000261643	0.000314756	0.000224236	0.000253737	0.000334933	0.000186876	6.11161e-06	0.000297418	0.000206737	0.000276183	0.000225074	0.000282289	0.000304731	0.000411742	0.000193683
PWY-5981: CDP-diacylglycerol biosynthesis III	2.62885e-05	3.10924e-05	5.23379e-05	6.71966e-06	3.86322e-05	5.90364e-06	1.115e-05	0.000144097	5.57873e-06	4.36264e-05	0.0002273	0.000100186	0.000104348	0.000119923	0.000188896	0.000152744	0.000140088	8.56022e-05	0.000115367
PWY-5989: stearate biosynthesis II (bacteria and plants)	2.41848e-05	4.67044e-05	6.0216e-05	6.03784e-05	6.65685e-05	3.69358e-05	0.000137242	4.66858e-05	3.02428e-05	2.03242e-05	7.21013e-06	0.000135978	5.85555e-05	5.07479e-05	0.000170863	6.16622e-05	0.00013986	6.60865e-05	6.06209e-05
PWY-5994: palmitate biosynthesis (type I fatty acid synthase)	0	3.81674e-07	1.17354e-05	1.9511e-06	3.33559e-06	1.47028e-06	0	0	5.10824e-07	0	0	0	1.2539e-05	0	0	2.31858e-06	5.08888e-06	0	1.75305e-06
PWY-6113: superpathway of mycolate biosynthesis	0	0	0	0	0	0	0	0	0	0	0	0	0	0	0	7.41308e-06	0	0	0
PWY-6121: 5-aminoimidazole ribonucleotide biosynthesis I	9.19457e-05	0.000411978	0.000454265	0.000433181	0.000466134	0.000400312	0.000296244	0.000441764	0.00039718	0.000426063	0.000533831	0.000440438	0.000435015	0.000416491	0.000422676	0.000422974	0.00042243	0.000410616	0.000458673
PWY-6122: 5-aminoimidazole ribonucleotide biosynthesis II	0.000656949	0.000529989	0.000442437	0.000436563	0.000463117	0.000398949	0.000287751	0.000434878	0.000388623	0.000429104	0.000558408	0.000430891	0.000430376	0.000404205	0.000436782	0.000407709	0.000428611	0.000397116	0.000453416
PWY-6123: inosine-5'-phosphate biosynthesis I	5.09257e-05	0.000308894	0.000330245	0.00038165	0.000371553	0.000325252	0.000270952	0.000313532	0.000361133	0.000336778	0.000466872	0.000389791	0.000322683	0.000347839	0.000392936	0.000369003	0.000354139	0.000384885	0.000347395
PWY-6124: inosine-5'-phosphate biosynthesis II	4.28456e-05	0.000279728	0.000307192	0.000361334	0.000352156	0.000302444	0.000260739	0.000291531	0.000343986	0.000316687	0.000445674	0.000369149	0.000304261	0.000331767	0.000380275	0.000351226	0.000335165	0.000368767	0.000327564
PWY-6125: superpathway of guanosine nucleotides de novo biosynthesis II	0.00013998	0.000169831	0.000232179	0.000270258	0.000201624	0.000187871	0.000177744	0.000214877	0.000222184	0.000140052	0.000160426	0.000275653	0.000151936	0.000203805	0.000286272	0.000275979	0.000206429	0.000369799	0.000167002
PWY-6126: superpathway of adenosine nucleotides de novo biosynthesis II	0.00018465	0.000221267	0.000292872	0.000330203	0.000255795	0.000243492	0.000224486	0.000273957	0.000277895	0.000190153	0.000210318	0.000334264	0.000206175	0.000260078	0.000360443	0.000336663	0.000266637	0.000434405	0.000224127
PWY-6138: CMP-N-acetylneuraminate biosynthesis I (eukaryotes)	0	0	0	0	0	0	0	0	4.23191e-07	0	0	0	0	0	0	0	0	0	0
PWY-6143: CMP-pseudaminate biosynthesis	0	4.90471e-06	0	1.41821e-05	0	1.29554e-06	1.08086e-05	3.66533e-06	4.23656e-06	1.33276e-05	0	0	0	1.89494e-05	0	1.9865e-06	0	0	1.86877e-05
PWY-6147: 6-hydroxymethyl-dihydropterin diphosphate biosynthesis I	0.000378131	0.000168673	0.00017879	0.000274768	0.000123408	0.000187346	0.000210345	0.000162895	0.000216401	0.000136696	3.92139e-05	0.000206642	9.78837e-05	0.000203993	0.000270155	0.000184262	0.000227312	0.000279433	0.000113726
PWY-6151: S-adenosyl-L-methionine salvage I	0.000451611	0.000594398	0.000371159	0.000450827	0.000397542	0.000433338	0.000298884	0.000512667	0.000418434	0.000418974	0.000543855	0.000430515	0.000464649	0.00045771	0.000422152	0.000460799	0.000467559	0.00038255	0.000489463
PWY-6160: 3-dehydroquinate biosynthesis II (archaea)	0	0	0	0	0	2.50391e-07	2.63419e-06	0	0	5.903e-06	1.32431e-06	0	0	0	4.46677e-06	3.06375e-06	0	0	3.9528e-06
PWY-6163: chorismate biosynthesis from 3-dehydroquinate	0.000454825	0.000581586	0.000528976	0.000505286	0.00050576	0.000523569	0.000357851	0.000531965	0.000469094	0.000501228	0.000577433	0.000510915	0.000540852	0.000477952	0.000420444	0.000491334	0.000423146	0.000527384	0.000507536
PWY-6165: chorismate biosynthesis II (archaea)	0	0	0	0	0	6.67172e-07	6.93884e-06	0	0	1.54359e-05	3.51784e-06	0	0	0	1.17013e-05	8.0851e-06	0	0	1.04047e-05
PWY-6167: flavin biosynthesis II (archaea)	0	0	0	0	0	3.94996e-06	1.17362e-05	0	0	1.99207e-05	0	0	0	0	8.71046e-06	0	0	0	1.39414e-05
PWY-6168: flavin biosynthesis III (fungi)	0	6.54363e-05	0.000191109	0.000117251	6.20325e-05	0.000115626	0.00010038	1.94485e-05	6.23117e-05	9.51832e-05	0	0.000133167	4.60777e-05	7.87031e-05	0.000134116	9.173e-05	2.36223e-05	0.00015835	6.72337e-05
PWY-6174: mevalonate pathway II (haloarchaea)	0	0	0	0	0	1.80368e-06	2.98099e-06	0	0	5.89969e-06	0	0	0	0	3.48198e-06	0	0	0	8.79044e-06
PWY-6182: superpathway of salicylate degradation	0	1.02124e-06	0	0	0	1.11512e-06	0	0	0	0	0	0	0	0	9.33918e-07	0	0	0	1.71915e-06
PWY-6185: 4-methylcatechol degradation (ortho cleavage)	0	8.98446e-07	0	0	0	1.38843e-06	0	0	0	0	0	7.99913e-07	0	0	7.7988e-07	0	0	0	1.61067e-06
PWY-6210: 2-aminophenol degradation	0	5.64432e-08	0	0	0	0	0	0	0	0	0	0	0	0	0	0	0	0	0
PWY-6215: 4-chlorobenzoate degradation	0	1.80201e-07	0	0	0	0	0	0	0	0	0	0	0	0	0	0	0	0	6.3115e-07
PWY-621: sucrose degradation III (sucrose invertase)	0	8.65927e-05	0.00018943	0.00021952	0.000118486	0.000147695	0.000160827	9.8632e-05	5.60777e-05	6.07529e-05	0.000146849	0.000210897	0.000135659	0.000127104	0.000218292	0.000153668	0.000215056	0.000161611	0.00014305
PWY-622: starch biosynthesis	0	0	4.19078e-05	1.31793e-05	9.64436e-06	0	0	4.41723e-05	1.77672e-05	7.23653e-06	0	7.68296e-05	8.93214e-05	0	4.99365e-05	1.52708e-05	1.08969e-05	0	6.70753e-06
PWY-6270: isoprene biosynthesis I	0	0.000224207	0.000372919	0.000331441	0.000332588	0.000315662	0.000292966	0.000359456	0.000299687	0.000337482	0.000457848	0.000377618	0.000379549	0.000306781	0.000315118	0.000336307	0.000235252	0.000271275	0.00032449
PWY-6277: superpathway of 5-aminoimidazole ribonucleotide biosynthesis	0.000656949	0.000529989	0.000442437	0.000436563	0.000463117	0.000398949	0.000287751	0.000434878	0.000388623	0.000429104	0.000558408	0.000430891	0.000430376	0.000404205	0.000436782	0.000407709	0.000428611	0.000397116	0.000453416
PWY-6282: palmitoleate biosynthesis I (from (5Z)-dodec-5-enoate)	2.40521e-05	4.78978e-05	6.01874e-05	6.04221e-05	6.78735e-05	3.73136e-05	0.000134501	4.66666e-05	3.0329e-05	2.0364e-05	4.12815e-06	0.000137358	5.89606e-05	5.11839e-05	0.00015361	6.23316e-05	0.000142202	6.70571e-05	6.11912e-05
PWY-6284: superpathway of unsaturated fatty acids biosynthesis (E. coli)	0	1.08345e-05	9.52042e-06	2.60828e-05	7.60822e-06	6.04662e-06	5.94086e-05	2.16155e-05	1.03249e-05	0	3.83132e-06	1.90217e-05	2.71474e-05	4.66707e-05	0.000163924	2.99073e-05	3.88861e-05	1.20957e-05	3.49712e-05
PWY-6285: superpathway of fatty acids biosynthesis (E. coli)	0	1.91641e-05	1.74389e-05	1.80516e-05	5.99704e-06	1.10734e-05	8.23488e-05	2.20101e-05	0	0	0	3.46061e-05	4.17018e-05	1.03437e-05	0.000141191	3.9219e-05	6.4616e-05	2.02901e-05	4.56252e-05
PWY-6292: superpathway of L-cysteine biosynthesis (mammalian)	0	4.24921e-05	8.99432e-05	6.8977e-05	4.51464e-05	6.92783e-05	7.66939e-05	4.69494e-05	7.14361e-05	4.7448e-05	2.60207e-05	9.99069e-05	4.47308e-05	6.41208e-05	8.1007e-05	5.49815e-05	5.57999e-05	4.45338e-05	8.33951e-05
PWY-6293: superpathway of L-cysteine biosynthesis (fungi)	0	3.29618e-06	2.15517e-05	0	5.62651e-06	0	1.59034e-05	1.83346e-06	0	0	0	3.54729e-06	0	5.10368e-06	1.87019e-05	3.87904e-06	2.64399e-06	0	3.77664e-06
PWY-6305: superpathway of putrescine biosynthesis	0	4.55976e-05	7.68842e-05	8.5215e-05	7.44797e-05	5.78706e-05	8.76635e-05	5.22249e-05	5.13394e-05	3.6545e-05	3.00443e-05	6.63018e-05	6.3667e-05	5.05476e-05	7.33749e-05	3.95437e-05	5.9083e-05	3.16694e-05	5.37142e-05
PWY-6317: D-galactose degradation I (Leloir pathway)	0.000204605	0.000238615	0.000409735	0.000318793	0.000364106	0.000330348	0.000273977	0.000297919	0.000306928	0.000329884	0.000444114	0.000424402	0.000344324	0.000311855	0.000369406	0.000355958	0.000312879	0.000274619	0.000355863
PWY-6318: L-phenylalanine degradation IV (mammalian, via side chain)	0	6.85976e-07	0	0	0	0	1.98083e-06	0	0	0	0	0	0	0	0	0	0	0	5.64117e-07
PWY-6328: L-lysine degradation X	0	9.19816e-08	0	0	0	0	1.01474e-05	0	0	0	0	0	0	0	0	0	0	0	0
PWY-6349: CDP-archaeol biosynthesis	0	0	0	0	0	1.35278e-06	3.29274e-06	0	0	7.0637e-06	0	0	0	0	3.7758e-06	3.27652e-06	0	0	4.06485e-06
PWY-6350: archaetidylinositol biosynthesis	0	0	0	0	0	7.94792e-07	2.58324e-06	0	0	6.43164e-06	0	0	0	0	2.67825e-06	2.87016e-06	0	0	3.50668e-06
PWY-6353: purine nucleotides degradation II (aerobic)	0	6.57877e-05	7.65642e-05	8.02403e-05	0.000102998	9.78698e-05	0.000170776	5.72676e-05	5.44201e-05	9.64585e-05	0.000216915	8.25366e-05	8.0952e-05	0.000105258	0.0002546	0.000124953	4.96925e-05	2.5354e-05	0.000111282
PWY-6385: peptidoglycan biosynthesis III (mycobacteria)	0.00062972	0.000586104	0.000476286	0.000489837	0.0005035	0.000484888	0.000334944	0.000473843	0.000447412	0.000477863	0.000559356	0.000469489	0.000492106	0.000439738	0.00048088	0.000444732	0.000472515	0.000519829	0.000472738
PWY-6386: UDP-N-acetylmuramoyl-pentapeptide biosynthesis II (lysine-containing)	0.000571002	0.000595362	0.000494262	0.00051013	0.000520346	0.000491416	0.000345669	0.000504659	0.000464746	0.000512556	0.000637607	0.000488831	0.000518633	0.000475835	0.000503759	0.000467415	0.000507624	0.000532234	0.000512435
PWY-6387: UDP-N-acetylmuramoyl-pentapeptide biosynthesis I (meso-diaminopimelate containing)	0.000636466	0.000591971	0.00048196	0.000503915	0.000506751	0.000490749	0.0003376	0.000496047	0.000458355	0.000499816	0.000621247	0.000473073	0.000505638	0.00045379	0.000495273	0.000457335	0.000502179	0.000534387	0.000504086
PWY-6396: superpathway of 2,3-butanediol biosynthesis	0	0	0	0	1.1319e-06	0	0	0	0	1.2492e-06	4.01055e-06	0	1.05846e-05	0	0.000141601	5.20752e-06	5.27866e-06	0	7.47735e-06
PWY-6435: 4-hydroxybenzoate biosynthesis III (plants)	0	0	0	0	0	0	0	0	0	0	0	5.16365e-06	0	0	0	0	0	0	0
PWY-6467: Kdo transfer to lipid IVA III (Chlamydia)	0	7.59172e-07	0	0	0	0	0	0	0	0	0	0	0	0	0	0	0	0	0
PWY-6470: peptidoglycan biosynthesis V (&beta;-lactam resistance)	0	3.67651e-05	9.89715e-05	0.000105939	5.83155e-05	0.000111087	0.000151908	8.47584e-05	5.0938e-05	6.19353e-05	3.17825e-05	4.91222e-05	5.46564e-05	0.000120189	4.16809e-05	0.000214767	0.000133363	9.84229e-05	0.000149702
PWY-6471: peptidoglycan biosynthesis IV (Enterococcus faecium)	0	0	0	0	0	0	0	1.70704e-05	0	2.96634e-06	0	2.27589e-06	2.18267e-05	0	0	7.06264e-05	8.77701e-06	0	1.36344e-05
PWY-6478: GDP-D-glycero-&alpha;-D-manno-heptose biosynthesis	0	3.02746e-06	1.93672e-05	3.7858e-06	1.41351e-06	6.99327e-06	4.79978e-06	1.98855e-06	0	3.84921e-06	0	1.74595e-05	1.5423e-06	1.79887e-06	3.99689e-06	0	0	1.59874e-06	2.42778e-06
PWY-6507: 4-deoxy-L-threo-hex-4-enopyranuronate degradation	0	2.98529e-05	3.71578e-05	3.09956e-05	2.50636e-05	3.13504e-05	4.96141e-05	4.68912e-05	4.74754e-05	5.39467e-05	6.45119e-06	1.90459e-05	2.34179e-05	3.03944e-05	5.44139e-05	1.76435e-05	1.83924e-05	2.19602e-05	1.67898e-05
PWY-6518: bile acids epimerization	0	0	0	0	5.46162e-07	0	0	0	5.05656e-07	0	0	0	0	0	0	0	0	0	0
PWY-6519: 8-amino-7-oxononanoate biosynthesis I	0	6.32248e-05	6.67801e-05	6.904e-05	7.31393e-05	4.31425e-05	0.000139748	5.37215e-05	3.57682e-05	2.38695e-05	3.81858e-06	0.000136039	6.07085e-05	5.71706e-05	0.000139894	6.96876e-05	0.000135863	7.67137e-05	6.53941e-05
PWY-6527: stachyose degradation	5.28072e-05	0.000239291	0.000391425	0.00026077	0.000352607	0.000272131	0.000192805	0.000300479	0.000271183	0.000322768	0.000333305	0.000413619	0.000311978	0.000297078	0.000389443	0.000319966	0.000322138	0.000254516	0.000371346
PWY-6531: mannitol cycle	0	1.01234e-05	1.34663e-06	1.22434e-05	3.48834e-06	1.68161e-05	5.56688e-05	1.23707e-06	1.17341e-05	3.62655e-06	2.71179e-06	2.07465e-05	3.68141e-06	1.96967e-06	7.2002e-05	9.62564e-07	6.7582e-06	7.07368e-06	1.79978e-05
PWY-6545: pyrimidine deoxyribonucleotides de novo biosynthesis III	0	2.85415e-05	7.13031e-05	1.73475e-05	4.4375e-06	2.024e-05	5.90482e-05	6.05653e-06	1.32428e-05	1.11828e-05	3.44574e-06	9.0162e-05	1.29453e-05	1.18834e-05	0.000147254	4.72474e-06	7.58952e-05	2.03944e-05	2.35901e-05
PWY-6549: L-glutamine biosynthesis III	0	6.86092e-05	4.42935e-05	4.50819e-05	3.74869e-05	2.00351e-05	6.82945e-05	6.02247e-05	1.55741e-05	3.34e-05	7.40792e-05	6.35159e-05	6.65394e-05	6.56931e-05	7.53726e-05	8.19992e-05	4.92966e-05	6.36752e-05	7.55484e-05
PWY-6562: norspermidine biosynthesis	0	3.66853e-07	0	0	0	7.55583e-07	0	1.02108e-06	0	4.65413e-07	0	2.66768e-06	0	0	1.09755e-06	4.48125e-06	0	0	1.54484e-06
PWY-6565: superpathway of polyamine biosynthesis III	0	0	0	0	0	7.87664e-07	0	0	0	4.68486e-07	0	0	0	0	0	0	0	0	0
PWY-6572: chondroitin sulfate degradation I (bacterial)	0	5.38545e-06	3.26639e-05	1.4266e-05	2.71949e-06	2.26908e-05	1.25545e-05	3.43338e-06	1.3571e-05	4.03124e-06	0	3.32187e-05	0	1.89309e-05	7.22005e-06	8.79697e-06	8.11716e-06	1.31095e-05	3.0125e-06
PWY-6588: pyruvate fermentation to acetone	0	1.08925e-05	1.42585e-06	1.14077e-05	1.9561e-05	7.59386e-06	2.00135e-05	9.40108e-06	3.07673e-06	2.09666e-05	5.51217e-05	4.98273e-06	2.14804e-05	1.80574e-05	2.82278e-05	1.20433e-05	1.09459e-05	0	2.18669e-05
PWY-6590: superpathway of Clostridium acetobutylicum acidogenic fermentation	0	2.98625e-05	4.20665e-05	3.62845e-05	1.4867e-05	2.89289e-05	2.63092e-05	9.70571e-06	2.46957e-05	2.45799e-05	2.00498e-05	3.42367e-05	4.88791e-05	1.58513e-05	1.66721e-05	1.62379e-05	4.05034e-05	2.21651e-05	5.29064e-05
PWY-6595: superpathway of guanosine nucleotides degradation (plants)	0	5.16438e-06	2.98337e-06	7.03718e-06	1.70023e-05	6.62269e-06	6.04591e-06	4.52732e-06	5.87895e-06	2.20107e-05	1.14659e-05	2.9472e-06	7.48742e-06	1.25188e-05	0.000128506	3.66614e-06	2.15727e-05	7.86721e-06	4.47497e-05
PWY-6606: guanosine nucleotides degradation II	0	3.38e-05	4.33456e-05	4.49147e-05	6.08327e-05	5.54479e-05	9.81132e-05	2.61331e-05	3.02147e-05	5.47165e-05	0.000145567	3.90396e-05	4.16582e-05	5.69645e-05	0.00015354	6.44407e-05	3.62871e-05	1.03765e-05	6.04929e-05
PWY-6607: guanosine nucleotides degradation I	0	5.24888e-06	2.96632e-06	7.01791e-06	1.67787e-05	6.62909e-06	6.10121e-06	4.45683e-06	5.80471e-06	2.21283e-05	1.14444e-05	2.95387e-06	7.42732e-06	1.26659e-05	0.00012941	3.671e-06	1.88317e-05	7.14616e-06	4.70311e-05
PWY-6608: guanosine nucleotides degradation III	0	4.9515e-05	0.000166749	0.000107599	0.000157567	0.000111255	0.000180195	0.000119887	0.000106652	0.000106037	0.000250951	7.53698e-05	0.000116134	9.23999e-05	0.000278592	0.000117302	7.65466e-05	8.40983e-05	9.51432e-05
PWY-6609: adenine and adenosine salvage III	0.000542888	0.000574298	0.000514027	0.000506589	0.00049009	0.000530692	0.000422908	0.000504512	0.00048167	0.000524187	0.00057482	0.000529354	0.000571177	0.000514911	0.000699454	0.00053639	0.000482106	0.000605686	0.000602911
PWY-6612: superpathway of tetrahydrofolate biosynthesis	0	2.94609e-05	1.50847e-05	3.43423e-05	2.6361e-05	1.12649e-05	5.16182e-05	3.43898e-05	1.41394e-05	2.52224e-05	1.85869e-05	0.00011301	7.5063e-05	6.8169e-05	0.000132475	2.86781e-05	9.78151e-05	6.24077e-05	6.90079e-05
PWY-6628: superpathway of L-phenylalanine biosynthesis	6.96488e-05	0.000139185	0.000137997	0.000111878	9.05691e-05	7.3041e-05	7.14376e-05	0.000282729	0.000151117	0.000152067	0.00038138	0.000251293	0.000178259	0.000194553	0.000189871	0.000197091	0.00026827	0.000264226	0.00022872
PWY-6629: superpathway of L-tryptophan biosynthesis	0.000352488	0.00041366	0.000447369	0.000423458	0.000437217	0.000404138	0.000315801	0.000499218	0.000364278	0.000390561	0.000565324	0.000471503	0.000406355	0.000418345	0.000341235	0.000464604	0.000427716	0.000439055	0.000451885
PWY-6630: superpathway of L-tyrosine biosynthesis	5.97789e-05	8.96624e-05	9.70807e-05	8.61315e-05	7.0686e-05	6.30925e-05	3.54505e-05	0.000187058	8.52897e-05	0.000141417	0.000249928	0.000154006	9.9614e-05	0.000174454	0.000102011	0.000173087	0.000206687	0.000146055	0.000169329
PWY-6690: cinnamate and 3-hydroxycinnamate degradation to 2-hydroxypentadienoate	0	3.35901e-06	0	0	0	0	1.67732e-05	1.09073e-06	0	0	8.66365e-07	0	0	0	9.02972e-06	0	0	0	4.05819e-07
PWY-6700: queuosine biosynthesis I (de novo)	0.00065851	0.000538725	0.000410915	0.000430048	0.000428728	0.000430006	0.000296047	0.000429321	0.000446324	0.000444054	0.000392988	0.000389755	0.000436028	0.000432341	0.000394638	0.000383041	0.000348688	0.000490402	0.000415113
PWY-6703: preQ0 biosynthesis	0.000408197	0.00038661	0.000227907	0.000290587	0.000211505	0.000285254	0.000202773	0.000236015	0.000291209	0.000236006	0.000182515	0.000243337	0.000217059	0.000246757	0.00024445	0.000292155	0.000288553	0.000326789	0.000195648
PWY-6708: ubiquinol-8 biosynthesis (early decarboxylation)	0	6.02629e-07	0	0	0	0	0	0	0	0	0	0	0	0	0	0	0	0	0
PWY-6731: starch degradation III	5.21491e-05	0.000146359	0.000135885	0.000135011	0.000135597	0.0001619	0.000218652	0.000221493	0.000242339	0.000139761	0.000264114	0.000206161	0.000118798	0.000202159	0.000123919	0.00022155	9.20685e-05	0.000144493	0.000169368
PWY-6749: CMP-legionaminate biosynthesis I	0	0	0	5.80779e-07	3.57241e-07	5.90956e-07	1.37627e-05	1.05885e-05	1.18286e-05	2.59765e-06	4.5005e-06	0	5.9828e-06	0	7.40563e-06	9.61718e-06	4.37783e-06	3.52143e-06	6.18732e-06
PWY-6797: 6-hydroxymethyl-dihydropterin diphosphate biosynthesis II (Methanocaldococcus)	0	0	0	0	0	0	0	0	0	0	0	0	0	0	0	4.20439e-06	0	0	7.13166e-06
PWY-6803: phosphatidylcholine acyl editing	0	6.81243e-06	2.10341e-06	1.80785e-06	2.18186e-06	3.18159e-06	7.43786e-05	0	0	1.09673e-06	0	4.92748e-07	0	0	3.63253e-05	1.32724e-06	0	0	5.37541e-06
PWY-6807: xyloglucan degradation II (exoglucanase)	0	2.68313e-06	0	5.98929e-06	0	0	8.15181e-07	2.97915e-06	0	0	0	0	1.50584e-05	0	0	0	0	5.0682e-05	7.21834e-06
PWY-6823: molybdopterin biosynthesis	5.44198e-05	9.85416e-05	0.000201139	0.000166338	0.00021221	0.000227791	0.000122271	0.000183018	0.000148434	0.000156372	0.000285338	0.000261531	0.000205183	0.000136873	0.000119043	0.000167027	0.000162797	0.000135212	0.000172936
PWY-6859: all-trans-farnesol biosynthesis	0	2.92738e-05	5.57982e-05	0.000109686	4.54537e-05	6.59022e-05	5.43744e-05	5.51066e-05	8.00155e-05	1.98616e-05	5.04632e-06	2.59964e-05	2.98205e-05	4.19691e-05	8.19815e-05	6.18081e-05	5.3629e-05	8.83565e-05	6.16392e-05
PWY-6876: isopropanol biosynthesis (engineered)	0	0	1.12929e-06	0	6.49732e-07	6.08181e-07	1.27537e-06	2.53945e-06	0	4.81653e-07	3.0275e-06	0	3.22792e-06	1.36092e-06	0	6.99259e-07	0	0	6.57028e-06
PWY-6892: thiazole component of thiamine diphosphate biosynthesis I	0	0.000167909	0.00026046	0.000209042	0.000311069	0.000236072	0.000273089	0.00025104	0.000279389	0.000234091	0.000286165	0.000234388	0.000224664	0.000169921	0.000165084	0.000213014	0.000112096	0.000190664	0.000174452
PWY-6895: superpathway of thiamine diphosphate biosynthesis II	0	0.000186134	0.000147361	0.00010225	0.000165261	0.00011582	0.000186781	5.5886e-05	9.62751e-05	0.000101387	1.27126e-05	0.000104837	4.62017e-05	7.97086e-05	0.000109147	5.31879e-05	3.36e-05	2.30979e-05	6.67875e-05
PWY-6897: thiamine diphosphate salvage II	0.000434237	0.000277703	0.000226676	0.000293515	0.000222922	0.000246614	0.000206179	0.000202772	0.000260075	0.000215556	0.000272227	0.000264902	0.000200512	0.000191948	0.000171894	0.000212033	0.000233761	0.000250107	0.000187386
PWY-6901: superpathway of glucose and xylose degradation	0	0.000157858	0.000205079	0.000215699	0.000146732	0.000188351	0.000194517	0.00019414	0.000203208	0.000168299	0.00027414	0.000248411	0.00015305	0.00017203	0.000230905	0.00021681	0.000201991	0.000217908	0.000205947
PWY-6902: chitin degradation II (Vibrio)	0	2.73715e-05	8.3542e-05	0.000145693	4.53095e-05	8.33718e-05	0.000126983	8.74946e-05	9.08019e-05	8.32825e-05	3.06515e-06	0.000181956	4.12303e-05	5.5369e-05	5.59797e-05	5.07424e-05	2.94787e-05	7.47056e-05	5.56205e-05
PWY-6906: chitin derivatives degradation	0	9.8705e-05	1.3683e-06	4.88816e-05	1.70888e-05	3.99539e-05	9.05561e-05	8.73422e-05	6.17856e-05	5.17004e-05	5.17478e-06	7.54881e-05	1.16673e-05	6.38532e-05	5.82815e-05	8.80777e-05	5.20334e-05	3.74755e-05	4.45618e-05
PWY-6920: 6-gingerol analog biosynthesis (engineered)	0	0	0	0	0	0	0	0	0	0	0	3.21662e-06	0	0	0	0	0	0	0
PWY-6922: L-N&delta;-acetylornithine biosynthesis	0	1.14947e-06	3.2448e-07	2.90598e-06	1.61643e-06	2.14525e-06	8.55256e-06	4.5022e-06	0	4.25143e-06	0	1.94965e-05	0	0	1.31618e-06	1.46301e-06	3.80344e-06	3.56906e-06	3.30898e-06
PWY-6936: seleno-amino acid biosynthesis (plants)	0.000178363	0.000144595	0.000216616	0.000157816	0.000189122	0.000155367	0.00019645	0.000274235	0.000104925	0.000188033	0.000302546	0.000398759	0.000233302	0.000302269	0.000326595	0.000283874	0.000387014	0.000179734	0.000330001
PWY-6953: dTDP-3-acetamido-&alpha;-D-fucose biosynthesis	0	0	0	1.0388e-05	2.07207e-06	1.00971e-06	1.3486e-05	1.86195e-06	1.92664e-05	1.05419e-06	0	0	0	1.54131e-06	4.17754e-06	0	0	0	0
PWY-6957: mandelate degradation to acetyl-CoA	0	0	0	0	0	0	0	0	0	0	0	0	0	0	0	0	0	0	1.03209e-06
PWY-6961: L-ascorbate degradation II (bacterial, aerobic)	0	4.60379e-06	6.54297e-06	4.87671e-07	0	2.65138e-06	2.82208e-05	1.08591e-05	0	5.14042e-06	1.44616e-06	1.95949e-06	7.11114e-06	0	3.75527e-05	1.68321e-06	0	0	1.72203e-05
PWY-6969: TCA cycle V (2-oxoglutarate synthase)	0	8.89493e-05	3.716e-05	6.73275e-05	6.38484e-05	5.17447e-05	9.51283e-05	3.83412e-05	9.70172e-05	0.000103573	3.54944e-05	5.03292e-05	4.66921e-05	5.23255e-05	7.82391e-05	6.45643e-05	5.63669e-05	7.27094e-05	5.50555e-05
PWY-6992: 1,5-anhydrofructose degradation	0	2.41036e-07	3.787e-05	1.5654e-05	0	0	4.01007e-05	0	0	2.01016e-05	0	0	0	0	2.58566e-06	4.0438e-06	0	0	1.84488e-06
PWY-7009: 2,2'-dihydroxybiphenyl degradation	0	0	0	0	0	0	0	0	0	0	0	0	0	0	0	0	0	0	4.87045e-07
PWY-7013: (S)-propane-1,2-diol degradation	0	2.41375e-05	3.39092e-05	3.65259e-05	4.46038e-05	1.97009e-05	9.26032e-06	2.8344e-05	4.52983e-05	6.44836e-05	4.6563e-05	2.3454e-05	2.18365e-05	2.2805e-05	1.54585e-05	3.55453e-05	2.3837e-06	1.15481e-05	3.70424e-05
PWY-702: L-methionine biosynthesis II	2.50411e-05	5.77352e-05	9.37315e-05	6.09093e-05	8.37065e-05	6.5775e-05	9.57227e-05	0.000143781	4.63971e-05	4.68047e-05	0.000195336	0.000200027	0.000158283	0.000140285	0.000130053	0.00018608	0.00017437	0.000104602	0.000137316
PWY-7031: protein N-glycosylation (bacterial)	0	3.59952e-07	0	0	8.88562e-07	1.12701e-06	6.77791e-06	0	5.16432e-06	5.93416e-07	0	0	0	0	0	3.97004e-06	0	0	0
PWY-7094: fatty acid salvage	0	1.91129e-06	1.81175e-06	0	4.9031e-07	2.73577e-06	0	0	0	0	0	0	0	0	3.51411e-05	0	0	0	3.21391e-06
PWY-7111: pyruvate fermentation to isobutanol (engineered)	0.000199741	0.000259221	0.000326736	0.000317567	0.000324772	0.000263351	0.000345812	0.000403756	0.000265203	0.000330984	0.000507694	0.000421532	0.000360518	0.000332735	0.000344088	0.00041097	0.000381858	0.000356022	0.000426615
PWY-7115: C4 photosynthetic carbon assimilation cycle, NAD-ME type	0	2.86615e-05	4.51288e-05	2.31392e-05	2.93807e-05	2.74818e-05	3.88192e-05	6.50718e-05	2.66051e-05	2.90006e-05	0.000127961	8.92342e-05	0.000102491	3.96123e-05	7.8128e-05	1.54056e-05	0.000138519	2.72038e-05	5.8536e-05
PWY-7117: C4 photosynthetic carbon assimilation cycle, PEPCK type	0	6.58601e-05	5.80303e-05	3.05759e-05	2.41728e-05	6.73531e-06	0.000102455	0.000120923	8.88137e-06	5.45999e-05	0.00029491	0.000164412	0.000104491	0.000108115	0.000188336	0.000157947	0.000188683	0.000118431	0.000140233
PWY-7118: chitin deacetylation	0	1.00793e-05	5.79264e-06	1.23212e-06	2.77562e-06	1.19411e-06	6.0349e-05	0	4.23967e-07	3.48016e-06	0	2.53095e-06	0	0	2.08038e-05	9.76519e-07	3.26732e-06	0	8.11035e-06
PWY-7159: 3,8-divinyl-chlorophyllide a biosynthesis III (aerobic, light independent)	0	0	0	0	4.56529e-07	0	8.35265e-07	0	0	0	0	0	0	0	0	0	0	0	1.08264e-06
PWY-7165: L-ascorbate biosynthesis VIII (engineered pathway)	0	1.8892e-06	0	0	0	0	0	0	0	0	0	0	0	0	4.83459e-06	0	0	0	3.89151e-06
PWY-7184: pyrimidine deoxyribonucleotides de novo biosynthesis I	0	2.8479e-05	7.13247e-05	1.74032e-05	4.44175e-06	2.02342e-05	5.96793e-05	6.06199e-06	1.32824e-05	1.12272e-05	3.44864e-06	9.38447e-05	1.29587e-05	1.19767e-05	0.000157023	4.74442e-06	7.61325e-05	2.0464e-05	2.37384e-05
PWY-7185: UTP and CTP dephosphorylation I	0	7.21717e-06	6.23587e-05	1.22271e-05	3.00432e-06	1.48057e-05	5.72992e-07	2.62877e-06	9.28085e-06	7.92073e-06	2.33337e-06	8.1152e-05	9.15802e-06	8.30135e-06	8.73535e-06	3.19569e-06	6.73695e-05	1.4124e-05	1.75549e-05
PWY-7187: pyrimidine deoxyribonucleotides de novo biosynthesis II	0	7.1882e-06	1.87859e-06	2.05864e-06	0	4.30566e-06	1.66615e-05	0	0	0	0	3.04076e-05	0	4.38945e-06	2.32706e-05	0	2.07292e-05	5.41816e-06	7.74023e-06
PWY-7196: superpathway of pyrimidine ribonucleosides salvage	0	0	0	0	7.20346e-06	0	0	2.67755e-06	0	0	0	4.22219e-05	4.53092e-05	0	8.94034e-06	1.08825e-05	7.73956e-06	0	2.71803e-05
PWY-7197: pyrimidine deoxyribonucleotide phosphorylation	5.2302e-05	9.49765e-05	0.000127096	0.000129797	0.000133193	0.000100978	0.00010823	0.000142199	0.000114518	8.89795e-05	0.000105333	0.000176103	9.68649e-05	0.000136128	0.000198776	0.000182515	0.000134458	0.000220905	0.0001042
PWY-7198: pyrimidine deoxyribonucleotides de novo biosynthesis IV	2.21156e-05	4.97073e-05	6.0383e-05	4.3694e-05	2.34097e-05	3.51855e-05	4.57145e-05	4.82619e-05	2.52087e-05	7.1444e-05	0.000137596	8.00873e-05	4.26163e-05	1.30263e-05	4.08858e-05	2.52952e-05	7.70968e-05	2.42141e-05	3.54454e-05
PWY-7199: pyrimidine deoxyribonucleosides salvage	0.000295632	0.000425654	0.00033284	0.000385858	0.000317988	0.000393703	0.000261073	0.000323776	0.000359778	0.000313684	0.000270937	0.000380019	0.000347736	0.000360997	0.000271611	0.000362507	0.00034463	0.000424305	0.000337156
PWY-7200: superpathway of pyrimidine deoxyribonucleoside salvage	0	0	0	0	4.14156e-06	0	0	0	0	0	0	0	0	0	0	4.90133e-06	0	0	0
PWY-7204: pyridoxal 5'-phosphate salvage II (plants)	0	4.69129e-06	3.20974e-06	0	1.95101e-06	2.37318e-06	2.48871e-05	3.41808e-06	0	0	2.961e-06	0	0	0	3.70663e-05	3.99123e-06	0	0	3.7832e-06
PWY-7208: superpathway of pyrimidine nucleobases salvage	0.000133678	0.000156221	0.000212834	0.000243704	0.000188656	0.000170942	0.000155089	0.000200718	0.000184821	0.000127369	0.00015243	0.000253534	0.000139371	0.000192016	0.000266947	0.000250459	0.000195534	0.000340483	0.000151618
PWY-7209: superpathway of pyrimidine ribonucleosides degradation	0	1.24912e-05	0	4.95013e-06	0	0	8.79732e-06	0	0	7.04888e-07	0.000121015	1.72851e-05	3.81934e-06	0	9.49843e-06	1.77724e-06	2.67201e-05	0	2.60374e-06
PWY-7210: pyrimidine deoxyribonucleotides biosynthesis from CTP	0	1.11706e-05	7.22563e-05	1.8879e-05	4.90917e-06	2.16777e-05	9.50554e-07	4.311e-06	1.44413e-05	1.22491e-05	3.81345e-06	9.56995e-05	1.41214e-05	1.31242e-05	1.4055e-05	5.24973e-06	7.82275e-05	2.24187e-05	2.55084e-05
PWY-7211: superpathway of pyrimidine deoxyribonucleotides de novo biosynthesis	0	4.38567e-05	8.00837e-05	2.92743e-05	8.6394e-06	3.34735e-05	8.52225e-05	1.00363e-05	2.29921e-05	2.08794e-05	6.77905e-06	0.000109496	2.36012e-05	2.10956e-05	9.30732e-05	9.02533e-06	7.67812e-05	3.38012e-05	3.98374e-05
PWY-7220: adenosine deoxyribonucleotides de novo biosynthesis II	9.36562e-05	0.000116405	0.000171783	0.000208394	0.000145239	0.000134565	0.000137663	0.000157253	0.000167156	9.81302e-05	0.000109774	0.00021233	0.000107508	0.000149301	0.000234253	0.000214692	0.000154204	0.000326816	0.000119127
PWY-7221: guanosine ribonucleotides de novo biosynthesis	0.000571154	0.000631241	0.000541093	0.000511197	0.000510365	0.000496233	0.000348544	0.00052171	0.000472728	0.000497304	0.000606931	0.000526788	0.000478327	0.000476468	0.000490863	0.000502844	0.000473196	0.000471884	0.000537926
PWY-7222: guanosine deoxyribonucleotides de novo biosynthesis II	9.36562e-05	0.000116405	0.000171783	0.000208394	0.000145239	0.000134565	0.000137663	0.000157253	0.000167156	9.81302e-05	0.000109774	0.00021233	0.000107508	0.000149301	0.000234253	0.000214692	0.000154204	0.000326816	0.000119127
PWY-7228: superpathway of guanosine nucleotides de novo biosynthesis I	0.000163881	0.000197201	0.000261529	0.00029902	0.000228207	0.000213636	0.000201193	0.000243812	0.000250313	0.000165168	0.000186608	0.000303583	0.000178256	0.000229647	0.000318884	0.000305905	0.000234989	0.000393737	0.000195696
PWY-7229: superpathway of adenosine nucleotides de novo biosynthesis I	0.000244755	0.000287847	0.000359409	0.000390538	0.000316799	0.00030653	0.000277496	0.000341223	0.000339868	0.000259093	0.000275202	0.00039187	0.000278561	0.000320933	0.000435291	0.000398882	0.000335646	0.00048296	0.000300356
PWY-7234: inosine-5'-phosphate biosynthesis III	2.51179e-05	0.000109359	0.000101058	5.00115e-05	8.33425e-05	4.24836e-05	9.75613e-05	0.000170779	4.66147e-05	0.000102236	0.000361297	0.000209632	0.000178627	0.000165592	0.000323438	0.00020084	0.000248098	0.000143487	0.000158307
PWY-7237: myo-, chiro- and scyllo-inositol degradation	0.000368895	0.00031161	0.000264875	0.000224969	0.000198584	0.000275909	0.000209996	0.000243066	0.000156148	0.000250232	0.000209364	0.000305998	0.00027181	0.000207279	0.000117989	0.000171949	0.000141763	0.000152144	0.000188696
PWY-7238: sucrose biosynthesis II	0.000176449	0.000353772	0.000635148	0.000501695	0.000652242	0.000582938	0.000443485	0.000643169	0.000571035	0.000594697	0.000922466	0.000645685	0.000665986	0.000591732	0.000433968	0.000540878	0.000538307	0.000499672	0.000633822
PWY-7242: D-fructuronate degradation	0	2.97831e-05	3.86304e-05	3.11058e-05	2.5392e-05	5.46517e-05	4.63651e-05	4.83399e-05	5.17704e-05	5.63573e-05	7.16718e-06	5.82258e-05	1.59691e-05	3.07293e-05	5.93788e-05	1.77054e-05	2.10573e-05	2.20326e-05	4.30215e-05
PWY-7245: superpathway of NAD/NADP - NADH/NADPH interconversion (yeast)	0	0	0	0	0	0	0	0	0	0	0	0	0	0	0	0	0	0	1.74931e-06
PWY-724: superpathway of L-lysine, L-threonine and L-methionine biosynthesis II	0.000125246	0.000323269	0.00036365	0.000375271	0.000351066	0.000373735	0.000281163	0.000397623	0.000376825	0.000369296	0.000525066	0.000387015	0.000352949	0.000346405	0.000329914	0.000371303	0.000345176	0.000355608	0.000356226
PWY-7254: TCA cycle VII (acetate-producers)	0	2.28187e-05	1.23601e-06	1.52808e-06	2.42838e-06	7.43172e-06	6.10811e-05	0	0	0	8.5168e-06	0	3.58342e-06	0	7.08377e-06	2.38575e-06	5.2867e-06	0	7.5633e-06
PWY-7268: cytosolic NADPH production (yeast)	0	0	0	0	0	2.22339e-06	0	0	0	0	0	1.16489e-06	0	0	0	0	0	0	3.87621e-06
PWY-7269: mitochondrial NADPH production (yeast)	0	1.00056e-06	0	0	0	1.48514e-06	3.85231e-06	0	0	0	0	7.77475e-07	2.79257e-06	0	4.93847e-06	0	0	0	2.59375e-06
PWY-7282: 4-amino-2-methyl-5-diphosphomethylpyrimidine biosynthesis II	0	0.000180592	0.000209447	0.000141576	0.000136791	0.00015604	0.000139899	0.000196862	0.000201538	0.000159514	0.000229751	0.000285248	0.000101955	0.000198642	0.000215608	0.000250635	0.000209171	0.000207939	0.00022732
PWY-7286: 7-(3-amino-3-carboxypropyl)-wyosine biosynthesis	0	0	0	0	0	1.6221e-06	2.94029e-06	0	0	5.76798e-06	0	0	0	0	4.19786e-06	5.93907e-06	0	0	6.98005e-06
PWY-7294: D-xylose degradation IV	0	1.0004e-06	1.34285e-06	0	0	0	5.66459e-06	0	0	0	0	0	0	0	1.19166e-05	0	0	0	0
PWY-7312: dTDP-&beta;-D-fucofuranose biosynthesis	0	0	0	0	8.77382e-07	0	0	5.2739e-05	0	0	0	0	0	2.02906e-05	0	0	0	0	5.89048e-07
PWY-7315: dTDP-N-acetylthomosamine biosynthesis	0	5.15365e-06	1.77539e-06	2.1516e-05	1.18429e-05	3.02376e-05	3.13173e-05	3.42921e-06	1.75564e-06	2.79025e-05	1.87705e-05	0	1.75775e-06	6.05833e-05	1.37594e-05	1.71306e-05	0	2.29187e-05	4.41612e-05
PWY-7316: dTDP-N-acetylviosamine biosynthesis	0	0	3.14099e-05	1.35165e-05	3.47143e-06	0	3.39516e-05	0	1.28607e-05	3.34274e-05	0	0	8.76407e-07	1.76803e-05	4.43141e-06	2.37982e-05	1.1859e-05	0	4.36399e-06
PWY-7317: superpathway of dTDP-glucose-derived O-antigen building blocks biosynthesis	0	0	0	0	6.65413e-07	0	0	0	1.50899e-06	0	0	0	0	0	0	0	0	0	0
PWY-7323: superpathway of GDP-mannose-derived O-antigen building blocks biosynthesis	0	9.82555e-05	0.000149229	0.000123628	9.33027e-05	0.000121084	0.000117858	9.5095e-05	0.000127887	7.58015e-05	5.39233e-05	0.000147077	5.96331e-05	0.000108337	0.00010292	0.000111235	0.000107349	0.000101641	0.000118847
PWY-7328: superpathway of UDP-glucose-derived O-antigen building blocks biosynthesis	2.12613e-05	0.000102698	0.00012709	0.000113263	0.000141609	5.4531e-05	0.000132093	0.000196663	8.24809e-05	0.000200173	0.000276779	0.000192875	0.000176496	0.000183738	0.000239176	0.000211561	0.000189851	0.000124023	0.000209192
PWY-7332: superpathway of UDP-N-acetylglucosamine-derived O-antigen building blocks biosynthesis	0	0	3.57638e-06	7.79309e-06	0	0	0	1.01343e-05	3.06795e-06	0	0	0	0	0	0	0	0	0	0
PWY-7340: 9-cis, 11-trans-octadecadienoyl-CoA degradation (isomerase-dependent, yeast)	0	0	1.5318e-06	0	2.08067e-07	7.80365e-07	5.89562e-06	0	0	0	0	0	0	0	0	0	0	0	2.73438e-06
PWY-7345: superpathway of anaerobic sucrose degradation	0	0.000154299	0.000142706	9.93224e-05	9.88345e-05	0.000113471	0.00020335	0.000174028	7.74075e-05	0.00012476	2.24306e-05	0.000231539	5.82127e-05	0.00018775	0.000259857	0.000208364	0.000148593	0.000107347	0.000198036
PWY-7356: thiamine diphosphate salvage IV (yeast)	2.9604e-05	2.35137e-05	2.75352e-05	4.10621e-05	6.09886e-05	3.4446e-05	1.49817e-05	1.80146e-05	1.48943e-05	6.7573e-05	0.000111169	5.63735e-05	6.57907e-05	2.41651e-05	3.5574e-05	3.70164e-05	6.64493e-05	3.66743e-05	5.39509e-05
PWY-7357: thiamine phosphate formation from pyrithiamine and oxythiamine (yeast)	0.000394371	0.000263899	0.000324198	0.000320484	0.00030381	0.000297754	0.000218327	0.000281015	0.000285839	0.000276508	0.000351671	0.000354476	0.000320764	0.000224602	0.000197345	0.00023411	0.000262509	0.000245789	0.000259922
PWY-7371: 1,4-dihydroxy-6-naphthoate biosynthesis II	0	4.36805e-06	1.35367e-06	5.09111e-06	5.2081e-06	0	0	0	2.78258e-06	4.51234e-06	3.08177e-06	0	0	6.98296e-06	0	1.70315e-06	0	0	0
PWY-7373: superpathway of demethylmenaquinol-6 biosynthesis II	0	0	0	0	0	0	0	0	0	0	0	0	0	1.85054e-06	0	0	0	0	0
PWY-7374: 1,4-dihydroxy-6-naphthoate biosynthesis I	0	0	0	0	3.46027e-06	0	0	0	0	4.82572e-07	0	0	0	0	0	0	0	0	0
PWY-7383: anaerobic energy metabolism (invertebrates, cytosol)	6.06685e-05	7.54795e-05	9.1636e-05	6.16919e-05	9.81064e-05	9.33347e-05	5.98605e-05	6.79406e-05	5.48444e-05	0.000170127	2.71663e-05	2.47888e-05	9.91897e-05	0.000149237	5.65699e-05	9.78622e-05	4.96446e-05	2.91253e-05	5.33811e-05
PWY-7384: anaerobic energy metabolism (invertebrates, mitochondrial)	0	3.78824e-07	0	0	0	0	0	0	0	0	0	0	0	0	0	0	0	0	0
PWY-7385: 1,3-propanediol biosynthesis (engineered)	0	4.1717e-06	2.72743e-06	0	1.14445e-06	1.47835e-07	3.49358e-05	0	0	0	0	0	0	0	2.76441e-05	0	0	0	4.74763e-07
PWY-7388: octanoyl-[acyl-carrier protein] biosynthesis (mitochondria, yeast)	0	0	0	6.22207e-07	2.29072e-06	7.40665e-07	1.2312e-05	0	0	0	0	0	0	0	1.96948e-05	0	3.41151e-06	0	8.1956e-07
PWY-7389: superpathway of anaerobic energy metabolism (invertebrates)	0	6.11688e-07	0	0	0	0	0	0	0	0	0	0	0	0	0	0	0	0	0
PWY-7391: isoprene biosynthesis II (engineered)	0	0	0	0	0	6.16304e-07	0	0	0	4.08594e-06	4.09724e-06	0	0	0	1.39866e-05	9.64545e-06	5.42235e-06	0	2.74795e-05
PWY-7392: taxadiene biosynthesis (engineered)	0	6.15859e-05	0.000121319	0.000195468	9.63033e-05	0.000128861	9.70647e-05	0.000106516	0.00015123	3.95904e-05	1.42404e-05	4.84074e-05	5.95957e-05	8.37226e-05	0.000140558	0.000111625	0.000104899	0.000169269	0.000120925
PWY-7396: butanol and isobutanol biosynthesis (engineered)	0	0	0	0	0	1.68385e-06	0	0	0	0	0	0	0	8.98573e-07	1.33753e-06	0	0	0	0
PWY-7399: methylphosphonate degradation II	0	0	0	0	0	0	5.02121e-07	0	0	0	0	0	0	0	5.52132e-07	0	0	0	0
PWY-7400: L-arginine biosynthesis IV (archaebacteria)	0	0.00023575	0.000241247	0.000239574	0.000273274	0.000253423	0.000259263	0.000319626	0.000253912	0.00029061	0.00025362	0.00035436	0.000328361	0.000288088	0.000337723	0.000315544	0.000245519	0.000224694	0.000336515
PWY-7409: phospholipid remodeling (phosphatidylethanolamine, yeast)	0	9.10851e-07	7.05563e-07	0	0	0	0	0	0	0	0	0	0	0	1.61033e-05	0	0	0	1.39917e-06
PWY-7413: dTDP-6-deoxy-&alpha;-D-allose biosynthesis	0	0	4.49226e-07	0	0	0	0	0	0	0	0	0	0	0	0	0	0	0	0
PWY-7434: terminal O-glycans residues modification (via type 2 precursor disaccharide)	0	1.38002e-06	2.58478e-06	3.29837e-07	0	2.39921e-07	9.03851e-07	6.87969e-06	2.90566e-07	2.07057e-06	4.08378e-06	1.20534e-05	9.43912e-07	5.72222e-06	5.49909e-07	7.66404e-06	4.44026e-06	2.23588e-05	1.87304e-05
PWY-7446: sulfoquinovose degradation I	0	1.07866e-06	0	0	0	0	7.12755e-06	0	0	0	0	0	0	0	0	0	0	0	1.22892e-06
PWY-7456: &beta;-(1,4)-mannan degradation	0	0.000105478	0.000122639	9.74749e-05	7.65962e-05	9.39585e-05	0.000143849	8.74303e-05	0.000107758	0.000109128	3.28231e-05	0.000165697	6.26953e-05	0.00012392	0.000101412	0.000102328	9.90672e-05	7.75244e-05	0.000122294
PWY-7560: methylerythritol phosphate pathway II	0.000468548	0.000218191	0.000369435	0.000327196	0.000321121	0.000309202	0.000299376	0.000353641	0.000289896	0.000329928	0.000464311	0.000380363	0.000377363	0.000297749	0.000323715	0.000336021	0.000224793	0.000257135	0.000319123
PWY-7616: methanol oxidation to carbon dioxide	0	3.18959e-07	4.32253e-07	0	9.28219e-07	0	0	0	0	1.53409e-07	3.4555e-07	0	4.63094e-06	0	0	0	0	0	1.64586e-06
PWY-7663: gondoate biosynthesis (anaerobic)	0.000172321	0.000323152	0.000210728	0.000328769	0.000231486	0.00028656	0.000205268	0.000220994	0.000307882	0.000163618	0.000124322	0.00027448	0.000181279	0.000247718	0.000202166	0.000249856	0.000276405	0.000388057	0.000167437
PWY-7664: oleate biosynthesis IV (anaerobic)	2.73398e-05	5.44537e-05	6.80109e-05	6.85441e-05	7.65748e-05	4.27661e-05	0.00014505	5.31179e-05	3.49208e-05	2.34264e-05	3.96267e-06	0.00015181	6.65406e-05	5.81704e-05	0.000155714	7.06382e-05	0.000155935	7.6119e-05	6.88122e-05
PWY-7688: dTDP-&alpha;-D-ravidosamine and dTDP-4-acetyl-&alpha;-D-ravidosamine biosynthesis	0	5.4063e-06	0	1.21311e-05	2.627e-06	2.17839e-05	2.25182e-05	2.72683e-06	2.85414e-05	8.49625e-06	2.45248e-06	5.72873e-07	0	1.63444e-05	4.90535e-06	1.51852e-05	4.53888e-06	0	0
PWY-7723: bacterial bioluminescence	0	2.78643e-06	2.27432e-06	0	0	0	1.84581e-06	0	0	0	0	0	0	0	1.16639e-05	0	0	0	0
PWY-7761: NAD salvage pathway II (PNC IV cycle)	9.46979e-05	0.000168577	7.84508e-05	0.00011503	0.000116818	8.11671e-05	8.62702e-05	0.000141402	0.000120953	0.000158489	0.000217956	0.000151451	0.00017652	0.000121231	0.000249432	0.000163744	0.00017232	0.000127468	0.000164007
PWY-7783: plasmalogen degradation	0	6.26241e-07	0	4.72635e-07	0	0	0	0	0	0	0	1.58194e-06	0	0	0	0	0	0	6.50523e-07
PWY-7790: UMP biosynthesis II	0.000497771	0.000610643	0.000518634	0.000508909	0.000532801	0.000528484	0.00036018	0.000485031	0.000479819	0.00052146	0.000570965	0.000494987	0.00054302	0.00047358	0.000473807	0.000502268	0.000483135	0.000471524	0.000553774
PWY-7791: UMP biosynthesis III	0.000497771	0.000610643	0.000518634	0.000508909	0.000532801	0.000528484	0.00036018	0.000485031	0.000479819	0.00052146	0.000570965	0.000494987	0.00054302	0.00047358	0.000473807	0.000502268	0.000483135	0.000471524	0.000553774
PWY-7805: (aminomethyl)phosphonate degradation	0	4.08687e-07	1.95929e-07	0	0	0	1.85222e-06	0	0	0	0	0	0	0	1.89612e-06	0	0	0	0
PWY-7807: glyphosate degradation III	0	3.68431e-07	1.95893e-07	0	0	0	1.68437e-06	0	0	0	0	0	0	0	1.73859e-06	0	0	0	1.05867e-06
PWY-7820: teichuronic acid biosynthesis (B. subtilis 168)	0	2.29305e-06	7.32338e-07	1.98503e-06	0	0	0	0	1.44676e-06	0	0	0	0	0	2.18799e-06	0	0	0	0
PWY-7851: coenzyme A biosynthesis II (eukaryotic)	0.00029435	0.000511133	0.000404346	0.000388147	0.000402565	0.00040235	0.000287434	0.00040388	0.000399102	0.000324746	0.000475194	0.000426744	0.000408253	0.000399752	0.000346833	0.000406538	0.000359752	0.000406252	0.000419416
PWY-7853: 6-hydroxymethyl-dihydropterin diphosphate biosynthesis V (Pyrococcus)	0	0	0	0	0	0	0	0	0	0	0	0	0	0	0	2.45994e-06	0	0	4.45326e-06
PWY-7858: (5Z)-dodecenoate biosynthesis II	0	6.99651e-06	4.45297e-06	1.95395e-06	6.08929e-07	5.49193e-06	2.31153e-05	3.21411e-06	0	8.36468e-07	0	6.13481e-05	3.12421e-05	8.66794e-07	3.78844e-05	8.52978e-06	8.05352e-05	4.38693e-06	1.18905e-05
PWY-7873: D-erythronate degradation II	0	1.11905e-06	0	0	4.20875e-07	0	7.61943e-07	0	0	0	0	0	0	0	4.86022e-06	0	0	0	9.43202e-07
PWY-7874: L-threonate degradation	0	1.11905e-06	8.70506e-07	0	4.20875e-07	0	4.85322e-06	0	0	0	0	0	0	0	5.13855e-06	0	0	0	9.43202e-07
PWY-7883: anhydromuropeptides recycling II	0	2.02195e-05	6.21636e-07	7.31214e-06	9.77377e-06	3.1107e-06	3.68283e-06	1.97212e-06	5.82697e-06	1.49844e-05	0	8.89443e-05	9.90802e-06	6.43171e-06	1.25245e-05	6.13529e-06	7.56526e-05	1.97372e-05	7.32291e-06
PWY-7942: 5-oxo-L-proline metabolism	0	5.70083e-06	1.40173e-06	7.01335e-07	4.37641e-07	1.0789e-06	2.97144e-05	4.52071e-06	0	0	0	3.73013e-06	0	0	3.38562e-05	0	0	2.68666e-06	1.23398e-05
PWY-7953: UDP-N-acetylmuramoyl-pentapeptide biosynthesis III (meso-diaminopimelate containing)	0.000537802	0.000585577	0.00047114	0.000485917	0.000506299	0.000483209	0.000328977	0.000464173	0.000444009	0.000490612	0.000538888	0.000460183	0.000484146	0.000448491	0.000452647	0.000442335	0.000459375	0.000516265	0.000463741
PWY-7977: L-methionine biosynthesis IV	0.000499828	0.000518949	0.000341671	0.000437041	0.000351029	0.000391941	0.000289935	0.000351147	0.000420881	0.000384579	0.000505286	0.00037129	0.000301089	0.000306951	0.000318345	0.000378544	0.00034395	0.000411172	0.000293883
PWY-7992: superpathway of menaquinol-8 biosynthesis III	0	1.13178e-05	3.53616e-06	1.30698e-05	1.29056e-05	0	0	0	7.27303e-06	1.1231e-05	5.15337e-06	0	0	1.70537e-05	0	4.47302e-06	0	0	0
PWY-8004: Entner-Doudoroff pathway I	0	9.88032e-05	9.19732e-05	6.14749e-05	6.01147e-05	7.03729e-05	8.97084e-05	9.97998e-05	5.30989e-05	9.42738e-05	3.58622e-05	0.000192798	5.84572e-05	8.57752e-05	0.000116187	9.5363e-05	8.92219e-05	0.000112795	0.000119179
PWY-801: homocysteine and cysteine interconversion	0	1.99153e-06	1.33435e-05	0	3.40531e-06	0	1.00071e-05	1.10378e-06	0	0	0	2.13955e-06	0	3.09346e-06	1.18721e-05	2.34359e-06	1.59504e-06	0	2.28019e-06
PWY-8073: lipid IVA biosynthesis (P. putida)	0	9.09281e-05	6.08307e-06	5.26867e-05	1.4278e-05	6.47374e-05	9.35301e-05	7.5332e-05	9.6428e-05	4.90681e-05	0	0.000115664	1.32711e-05	8.48033e-05	8.56004e-05	9.26211e-05	0.000121224	3.0963e-05	4.36182e-05
PWY-8086: (S)-lactate fermentation to propanoate, acetate and hydrogen	0	9.3694e-07	0	0	0	0	2.9849e-06	0	0	0	0	0	0	0	0	0	0	0	0
PWY-8112: factor 420 biosynthesis I (archaea)	0	0	0	0	0	1.33755e-06	3.5803e-06	0	0	3.71078e-06	0	0	0	0	3.03684e-06	2.74983e-06	0	0	3.73091e-06
PWY-8113: 3PG-factor 420 biosynthesis	0	0	0	0	0	7.07056e-07	3.20715e-06	0	0	3.23446e-06	0	0	0	0	2.37913e-06	1.27777e-06	0	0	3.55585e-06
PWY-8125: mevalonate pathway IV (archaea)	0	0	0	0	0	1.80368e-06	2.98099e-06	0	0	5.89969e-06	0	0	0	0	3.48198e-06	0	0	0	8.79044e-06
PWY-8131: 5'-deoxyadenosine degradation II	0	1.01077e-05	2.81942e-05	2.41323e-05	5.14183e-05	2.91101e-05	3.71666e-05	2.7493e-05	7.68199e-05	6.18207e-05	2.56476e-05	2.38282e-05	2.93288e-05	1.27472e-05	4.04286e-05	2.77752e-05	8.24145e-06	2.11791e-05	1.12604e-05
PWY-8178: pentose phosphate pathway (non-oxidative branch) II	0.000202877	0.000276043	0.000379484	0.000388371	0.000439394	0.000353558	0.000332866	0.000351941	0.000364969	0.000401828	0.000501292	0.000434096	0.000387511	0.000307577	0.000352319	0.000331554	0.000318555	0.000276384	0.000341591
PWY-8187: L-arginine degradation XIII (reductive Stickland reaction)	0	5.99944e-05	5.14017e-05	0.000154276	7.64877e-05	0.000103301	9.93598e-05	7.28395e-05	0.000100453	0.000141768	0.000109309	6.67942e-05	0.00019862	5.60492e-05	0.000130078	9.5118e-05	5.52882e-05	0.000166587	8.65151e-05
PWY-8188: L-alanine degradation VI (reductive Stickland reaction)	0	0	2.60763e-06	3.67155e-06	1.34328e-05	2.22838e-06	0	0	1.88514e-06	4.82874e-06	0	2.40762e-06	0	0	2.41706e-06	3.39365e-06	0	0	0
PWY-8189: L-alanine degradation V (oxidative Stickland reaction)	0	0	2.60763e-06	3.67155e-06	1.34328e-05	2.22838e-06	0	0	1.88514e-06	4.82874e-06	0	2.40762e-06	0	0	2.41706e-06	3.39365e-06	0	0	0
PWY-8190: L-glutamate degradation XI (reductive Stickland reaction)	0	0	0	6.03724e-07	3.94054e-06	1.65717e-06	1.57307e-06	0	0	2.74498e-07	0	0	0	0	0	0	0	4.39117e-06	2.21838e-06
PWY-821: superpathway of sulfur amino acid biosynthesis (Saccharomyces cerevisiae)	0	1.73124e-05	9.30443e-06	1.45111e-05	0	7.99298e-06	5.459e-05	0	1.27108e-06	8.07873e-06	5.39837e-06	3.5078e-05	0	1.05011e-05	6.28533e-05	1.51781e-05	5.76875e-05	7.82222e-06	2.9456e-05
PWY-822: fructan biosynthesis	0	5.48623e-06	1.18318e-05	1.09522e-06	7.68869e-07	0	3.51135e-06	4.84114e-05	0	4.74062e-06	7.86202e-05	2.73024e-05	4.40119e-05	4.53639e-05	3.39893e-06	4.57047e-05	3.0755e-05	2.81774e-05	2.99613e-05
PWY-841: superpathway of purine nucleotides de novo biosynthesis I	8.52392e-05	0.000238807	0.000300332	0.000331061	0.000279329	0.000259342	0.000230015	0.000283635	0.000286776	0.000217028	0.000252488	0.000335381	0.000230185	0.000274006	0.00035395	0.000335011	0.00028307	0.000386142	0.000248933
PWY-922: mevalonate pathway I (eukaryotes and bacteria)	0	5.41393e-06	5.089e-06	9.19789e-07	6.85149e-07	1.82827e-06	3.1199e-06	1.616e-05	0	6.08408e-06	7.06016e-06	2.63752e-05	1.43687e-05	1.69787e-05	4.29542e-05	1.78522e-05	7.56091e-06	2.53422e-05	3.9246e-05
PWY-I9: L-cysteine biosynthesis VI (from L-methionine)	4.81798e-05	7.39363e-05	0.000104678	7.62444e-05	0.000103083	8.35465e-05	0.000131175	0.000202813	5.88935e-05	4.89824e-05	0.000226612	0.000226703	0.000241748	0.000205075	0.000144267	0.000262145	0.000214598	0.000141602	0.000169367
PWY0-1061: superpathway of L-alanine biosynthesis	0	2.64044e-05	5.42775e-05	2.71878e-05	4.08103e-05	4.17774e-05	2.96176e-05	7.28077e-05	2.72572e-05	2.36173e-05	0.000206989	9.61135e-05	0.000165803	4.05828e-05	6.72242e-05	9.94085e-06	0.000163034	2.03874e-05	6.28283e-05
PWY0-1221: putrescine degradation II	0	6.52308e-07	0	0	0	0	4.12488e-06	1.81645e-07	0	0	0	0	0	0	0	0	0	0	0
PWY0-1241: ADP-L-glycero-&beta;-D-manno-heptose biosynthesis	1.24842e-05	3.08344e-05	1.18227e-05	1.31973e-05	3.70425e-05	4.5448e-06	6.34018e-05	1.83789e-05	1.10444e-05	2.8996e-05	0	7.49169e-05	0	2.57802e-05	4.55776e-05	2.75971e-05	4.95867e-05	4.27757e-05	3.90121e-05
PWY0-1261: anhydromuropeptides recycling I	0	8.72412e-05	6.73152e-06	6.65653e-05	0.000103831	5.88496e-05	0.000115917	9.49239e-05	9.34917e-05	7.5496e-05	1.20204e-05	0.000136663	5.58951e-05	0.000107187	0.000103581	0.00010396	0.000100053	0.000101819	7.9547e-05
PWY0-1277: 3-phenylpropanoate and 3-(3-hydroxyphenyl)propanoate degradation	0	4.47311e-06	0	0	0	0	2.69333e-05	2.81384e-06	0	0	1.80304e-06	0	0	0	1.38956e-05	0	0	0	6.80741e-07
PWY0-1296: purine ribonucleosides degradation	0.000210944	0.000258487	0.000388996	0.000343701	0.000386074	0.000357449	0.000328588	0.000384196	0.000396236	0.000372247	0.000449712	0.000430704	0.000448295	0.000393271	0.000568114	0.000397488	0.00035258	0.000430141	0.000437916
PWY0-1297: superpathway of purine deoxyribonucleosides degradation	3.22741e-05	3.94797e-05	6.90603e-05	4.41113e-05	3.2542e-05	2.98864e-05	7.38219e-05	9.7609e-05	1.49073e-05	2.33786e-05	0.000183157	0.000124139	0.00010122	0.000119506	0.000250177	0.000169546	0.000157474	0.000111394	0.000117685
PWY0-1298: superpathway of pyrimidine deoxyribonucleosides degradation	0	2.17369e-05	1.5612e-05	6.85482e-06	3.56353e-05	3.27271e-05	8.35908e-05	2.34305e-05	5.6853e-06	1.95106e-05	4.17645e-05	1.4709e-05	4.14458e-05	2.21153e-05	6.45386e-05	3.71274e-05	1.85615e-05	1.21838e-05	6.95099e-05
PWY0-1319: CDP-diacylglycerol biosynthesis II	0.000143639	0.000600077	0.000432633	0.000435616	0.000413101	0.000460073	0.000324629	0.000453624	0.000432448	0.000426986	0.000486852	0.000443864	0.000453609	0.000418958	0.000377383	0.000432816	0.000436259	0.000477272	0.000420116
PWY0-1337: oleate &beta;-oxidation	0	2.04368e-06	1.7459e-06	0	3.73926e-07	2.42044e-06	0	0	0	0	0	0	0	0	3.20216e-05	0	0	0	3.35456e-06
PWY0-1338: polymyxin resistance	0	3.35539e-06	7.14547e-07	0	0	2.02789e-06	1.43742e-05	1.2705e-06	0	0	0	0	0	0	1.69213e-05	0	0	1.2385e-06	9.89732e-07
PWY0-1415: superpathway of heme b biosynthesis from uroporphyrinogen-III	0	9.71133e-06	4.74482e-06	2.11118e-06	1.85269e-06	2.11858e-06	2.52679e-05	0	4.02147e-07	0	6.89874e-06	3.73967e-05	0	1.44663e-06	2.26156e-05	0	5.18347e-05	5.72762e-06	5.83471e-06
PWY0-1477: ethanolamine utilization	2.0846e-05	2.64359e-05	8.98173e-05	2.82525e-05	4.25418e-05	6.07483e-05	9.40508e-05	3.25938e-05	7.94278e-06	3.49986e-05	4.12677e-05	2.01189e-05	3.68175e-05	1.82406e-05	7.33852e-05	2.49581e-05	1.67284e-05	4.16481e-05	3.65516e-05
PWY0-1479: tRNA processing	0	5.67284e-05	3.80436e-05	4.96701e-05	4.02389e-05	2.16587e-05	9.55348e-05	2.02597e-05	4.22454e-05	6.35403e-05	0.000215721	8.94597e-05	6.36587e-05	5.8067e-05	8.06353e-05	1.40502e-05	0.000118727	5.08863e-05	5.09601e-05
PWY0-1533: methylphosphonate degradation I	0	2.12426e-07	1.13713e-07	0	0	0	9.74842e-07	0	0	0	0	0	0	0	1.00128e-06	0	0	0	6.27061e-07
PWY0-1586: peptidoglycan maturation (meso-diaminopimelate containing)	0.000366329	0.000349979	0.000332834	0.000368038	0.000283759	0.000347216	0.000370711	0.000309633	0.000445364	0.000274799	0.000386864	0.000558448	0.000296786	0.000367108	0.000529913	0.000426349	0.000438027	0.000359998	0.000357108
PWY0-162: superpathway of pyrimidine ribonucleotides de novo biosynthesis	3.62723e-05	0.000157797	0.000179655	0.00011522	0.000159396	0.000154802	0.000162614	6.08001e-05	9.59329e-05	0.000157226	0.000200769	0.000216081	0.000149619	9.95103e-05	0.000243249	0.000113128	0.000202467	0.000164182	0.00016274
PWY0-166: superpathway of pyrimidine deoxyribonucleotides de novo biosynthesis (E. coli)	0	3.07346e-05	2.81137e-06	3.14342e-06	0	6.66984e-06	6.2459e-05	6.71814e-06	0	1.34499e-06	0	4.80366e-05	0	7.45042e-06	0.000162485	0	3.07201e-05	8.3448e-06	2.26546e-05
PWY0-301: L-ascorbate degradation I (bacterial, anaerobic)	0	4.95327e-06	6.91136e-06	3.96336e-07	6.19715e-07	2.27921e-06	2.73437e-05	1.60451e-05	0	7.30728e-06	1.28922e-06	4.06896e-06	1.58837e-05	0	4.86368e-05	1.38405e-06	3.28277e-06	3.60848e-06	1.90197e-05
PWY0-41: allantoin degradation IV (anaerobic)	0	6.07403e-07	2.58035e-07	0	1.68034e-07	0	3.59504e-06	0	0	0	0	0	0	0	3.70721e-06	0	0	0	5.1429e-07
PWY0-42: 2-methylcitrate cycle I	0	3.03668e-06	1.89885e-06	2.79299e-07	3.31583e-07	8.35444e-07	2.37697e-05	0	0	7.2059e-08	0	0	0	0	1.66074e-05	9.31366e-07	0	0	3.01983e-06
PWY0-461: L-lysine degradation I	0	1.57022e-06	2.04329e-07	0	0	0	0	0	0	0	0	0	0	0	0	0	0	0	0
PWY0-781: aspartate superpathway	3.77143e-05	3.79085e-05	2.32315e-05	0	8.75721e-06	1.07146e-05	6.52397e-05	9.67943e-06	1.39244e-06	1.14398e-05	2.74929e-05	4.26309e-05	1.93134e-05	1.01832e-05	8.1487e-05	1.2244e-05	2.02551e-05	1.14538e-05	3.77791e-05
PWY0-845: superpathway of pyridoxal 5'-phosphate biosynthesis and salvage	0	0.000147072	0.000164992	9.15111e-05	0.000103275	0.000130905	0.000134628	0.000143352	0.000213737	0.000111198	1.04832e-05	0.000176716	5.23132e-05	0.0001353	0.000192879	0.000207022	0.000106823	0.000175555	0.000162584
PWY0-862: (5Z)-dodecenoate biosynthesis I	2.37565e-05	4.76115e-05	6.09598e-05	6.04141e-05	6.87274e-05	3.73962e-05	0.000136995	4.70321e-05	3.03969e-05	2.04741e-05	3.4116e-06	0.00014056	6.00534e-05	5.14942e-05	0.000149296	6.29632e-05	0.000145581	6.6993e-05	6.25416e-05
PWY1G-0: mycothiol biosynthesis	0	3.6835e-07	5.1699e-07	5.87926e-07	0	1.12103e-06	0	1.41115e-06	0	0	0	1.58637e-06	0	1.04686e-06	9.83847e-07	0	2.65055e-06	8.02426e-06	0
PWY1ZNC-1: assimilatory sulfate reduction IV	0	6.35322e-06	1.21954e-05	6.6941e-05	3.7832e-05	2.78234e-05	3.65485e-05	1.13957e-06	2.00733e-05	3.46484e-05	3.95666e-05	3.76761e-05	2.64994e-05	1.53579e-05	2.94703e-05	1.79571e-05	2.77627e-05	5.27913e-06	3.14351e-05
PWY3O-4107: NAD salvage pathway V (PNC V cycle)	2.78975e-05	3.93012e-05	4.24579e-05	1.14668e-05	5.40705e-06	2.45793e-06	4.89085e-05	0.000102249	4.66926e-07	1.63644e-05	0.000258442	9.1321e-05	5.07053e-05	0.000101334	6.42237e-05	0.00014441	8.53184e-05	7.21819e-05	0.000109165
PWY490-3: nitrate reduction VI (assimilatory)	0	9.39459e-07	3.29695e-06	2.08679e-06	6.1901e-07	2.80392e-06	4.55279e-07	1.69015e-06	5.56788e-07	6.80598e-07	0	7.97907e-06	1.67274e-06	1.13365e-06	6.23125e-07	6.13499e-07	0	5.92037e-06	1.53711e-06
PWY4FS-7: phosphatidylglycerol biosynthesis I (plastidic)	7.59464e-05	0.000237323	0.000166859	0.000191598	0.00010727	0.00014108	0.000188127	0.000207785	0.000139075	0.000142572	0.000182527	0.000291634	0.000103745	0.000184065	0.00021274	0.000249731	0.000290353	0.000191919	0.000196917
PWY4FS-8: phosphatidylglycerol biosynthesis II (non-plastidic)	7.59464e-05	0.000237323	0.000166859	0.000191598	0.00010727	0.00014108	0.000188127	0.000207785	0.000139075	0.000142572	0.000182527	0.000291634	0.000103745	0.000184047	0.00021274	0.000249666	0.000290276	0.000191919	0.000196917
PWY4LZ-257: superpathway of fermentation (Chlamydomonas reinhardtii)	0	1.33006e-05	5.91558e-06	9.21014e-06	2.28572e-05	1.56337e-05	6.09339e-05	2.42176e-05	3.72363e-06	1.83216e-05	3.37569e-05	1.03522e-05	2.90772e-05	2.17535e-05	4.6109e-05	2.31212e-05	1.53841e-05	9.25688e-06	3.83053e-05
PWY66-367: ketogenesis	0	3.22467e-06	1.61519e-06	4.31015e-07	7.95529e-07	1.34306e-06	9.98155e-07	2.02156e-06	0	0	0	2.14198e-06	5.11888e-06	0	1.71449e-06	1.73261e-06	0	0	5.96705e-06
PWY66-388: ceramide degradation by &alpha;-oxidation	0	0	0	4.2983e-07	0	5.487e-07	2.01302e-06	0	0	9.46894e-06	0	7.01206e-07	0	0	4.48252e-06	0	0	0	1.73975e-08
PWY66-389: phytol degradation	1.46823e-05	3.16919e-06	1.49406e-06	5.60235e-07	1.0928e-06	5.64422e-07	2.03997e-06	0	0	3.09464e-05	4.57323e-06	1.07564e-05	1.23523e-05	3.22167e-06	4.89364e-06	1.25946e-06	3.0269e-05	5.84534e-06	1.74638e-08
PWY66-391: fatty acid &beta;-oxidation VI (mammalian peroxisome)	0	0	6.84066e-06	0	9.59226e-06	1.31657e-06	2.03862e-05	2.74799e-06	1.06155e-06	5.75508e-07	2.3606e-05	4.65103e-06	0	0	0	6.16866e-06	0	0	4.90362e-06
PWY66-399: gluconeogenesis III	0	8.84915e-05	0.00010952	7.03416e-05	0.000109189	8.39374e-05	9.8055e-05	0.000105899	5.7811e-05	0.000140822	3.95233e-05	3.93389e-05	0.00011244	0.000138866	9.1521e-05	0.00012938	6.64029e-05	6.44212e-05	9.46251e-05
PWY66-409: superpathway of purine nucleotide salvage	0	9.22185e-05	0.000143313	0.000103917	7.7121e-05	7.2035e-05	0.000110789	0.000180228	3.89782e-05	5.65017e-05	0.000239792	0.000221374	0.000167795	0.000199555	0.000338187	0.000269064	0.000236038	0.000221268	0.0001912
PWY66-429: fatty acid biosynthesis initiation (mitochondria)	0.000142019	0.000385619	0.000474135	0.00049224	0.000472562	0.000421393	0.000342961	0.00047926	0.000454915	0.000387344	0.000397714	0.000458179	0.000400176	0.000416043	0.000378909	0.000480348	0.000429672	0.000519253	0.000428838
PWY66-430: myristate biosynthesis (mitochondria)	0	0	0	6.51134e-07	2.34871e-06	7.67725e-07	1.26985e-05	0	0	0	0	0	0	0	2.04215e-05	0	3.54611e-06	0	8.57646e-07
PYRIDNUCSAL-PWY: NAD salvage pathway I (PNC VI cycle)	3.4303e-05	4.92709e-05	4.68713e-05	1.52244e-05	7.39276e-06	3.38916e-06	5.36704e-05	0.000104273	6.52421e-07	2.17976e-05	0.000227058	9.96176e-05	6.18624e-05	9.72188e-05	8.17074e-05	0.000137229	9.49638e-05	7.6456e-05	0.00011175
PYRIDNUCSYN-PWY: NAD de novo biosynthesis I (from aspartate)	0.000378001	0.000334423	0.000296774	0.000335267	0.000319831	0.00029677	0.000254503	0.000263396	0.000365845	0.000277175	0.000232141	0.000251401	0.000282986	0.000286053	0.000308244	0.000294106	0.000228782	0.000331671	0.000294
PYRIDOXSYN-PWY: pyridoxal 5'-phosphate biosynthesis I	0	0.000132112	0.000128084	7.60408e-05	8.36362e-05	0.000111265	0.000114156	0.000120716	0.0001948	8.99752e-05	4.64454e-06	0.000132294	4.04876e-05	0.000106966	0.000141404	0.000174214	7.69839e-05	0.000155324	0.000127285
REDCITCYC: TCA cycle VI (Helicobacter)	0	1.30858e-05	3.5449e-06	3.35449e-06	1.93965e-06	6.74266e-06	2.66003e-05	1.49858e-06	8.08054e-07	5.40578e-06	8.35367e-06	2.70928e-06	3.42287e-06	1.85919e-06	1.90162e-05	1.96013e-06	1.4877e-05	0	6.84557e-06
RHAMCAT-PWY: L-rhamnose degradation I	0.000113752	0.000129744	0.000199177	0.000204726	0.000135262	0.000184249	0.000132366	0.000111544	0.0001838	0.00013215	8.61361e-05	0.000174524	0.00012099	0.000132499	9.56749e-05	0.000119585	0.000105171	0.000214886	0.000137666
RIBOSYN2-PWY: flavin biosynthesis I (bacteria and plants)	8.6753e-05	0.000280985	0.000298068	0.000325581	0.00029344	0.00034228	0.00022629	0.000280456	0.000331401	0.000277894	0.000233098	0.000329481	0.000249875	0.000258929	0.000322726	0.000276305	0.000302106	0.000356451	0.000246932
RUMP-PWY: formaldehyde oxidation I	0	3.73239e-06	1.14364e-05	2.56341e-06	1.58003e-05	2.08905e-05	4.97297e-05	5.74642e-06	1.39788e-05	3.26969e-05	8.41149e-06	2.86741e-06	3.20607e-05	1.27116e-05	1.77793e-05	1.55371e-05	5.49917e-06	1.83161e-05	1.16181e-05
SALVADEHYPOX-PWY: adenosine nucleotides degradation II	0	4.18552e-05	4.06441e-05	4.5534e-05	5.95557e-05	5.86632e-05	0.000161548	3.00649e-05	2.86821e-05	5.85031e-05	0.000150235	5.05066e-05	4.61129e-05	6.85107e-05	0.000168365	8.10502e-05	2.68494e-05	1.24129e-05	7.17999e-05
SER-GLYSYN-PWY: superpathway of L-serine and glycine biosynthesis I	0.000104704	0.000250633	0.000313903	0.000275417	0.000266135	0.000263235	0.000243872	0.000305752	0.000309888	0.000286758	0.000375198	0.000296852	0.000278195	0.000262353	0.000408709	0.00028399	0.000219785	0.000282692	0.000264606
SO4ASSIM-PWY: assimilatory sulfate reduction I	1.15634e-05	2.93704e-05	7.1212e-06	6.6941e-05	1.19738e-05	2.78234e-05	8.92475e-05	5.51107e-06	5.72364e-06	1.28058e-05	0.000140893	2.98301e-05	0	8.53874e-06	8.02805e-05	1.79571e-05	5.59094e-05	5.27913e-06	4.48526e-05
SULFATE-CYS-PWY: superpathway of sulfate assimilation and cysteine biosynthesis	2.30835e-05	5.59369e-05	1.55976e-05	0.000116937	2.56193e-05	5.55031e-05	0.000138375	1.21478e-05	1.25626e-05	2.72259e-05	0.000224958	6.02557e-05	0	1.84801e-05	0.000139599	3.77112e-05	9.79388e-05	1.16266e-05	8.36653e-05
TCA-GLYOX-BYPASS: superpathway of glyoxylate bypass and TCA	0	1.17465e-05	1.52994e-06	0	0	1.27976e-06	7.21531e-05	0	0	0	0	2.60417e-06	0	0	3.43701e-05	0	0	0	9.58339e-06
TCA: TCA cycle I (prokaryotic)	0	3.40283e-05	2.04883e-06	2.52195e-06	3.90942e-06	1.20607e-05	9.51283e-05	0	0	0	8.02139e-06	9.69232e-06	8.15505e-06	0	7.82391e-05	4.14154e-06	8.61622e-06	0	1.64144e-05
THISYN-PWY: superpathway of thiamine diphosphate biosynthesis I	0	0.000297838	0.000229049	0.000268751	0.000213969	0.000235159	0.000228529	0.000208341	0.000249491	0.00021539	1.7064e-05	0.000231374	0.000184563	0.000193486	0.000172926	0.000231208	0.00018821	0.000262963	0.000167485
THISYNARA-PWY: superpathway of thiamine diphosphate biosynthesis III (eukaryotes)	7.45219e-05	0.000183502	0.000204186	0.00020209	0.000151187	0.000168231	0.000130199	0.000214839	0.000180509	0.00017122	0.000244699	0.000322311	0.000195738	0.000206333	0.000158663	0.000219816	0.000199089	0.000222853	0.000221659
THREOCAT-PWY: superpathway of L-threonine metabolism	0	1.27529e-06	0	0	0	2.41242e-06	0	0	0	0	0	0	0	0	1.70571e-05	0	0	0	0
THRESYN-PWY: superpathway of L-threonine biosynthesis	9.4248e-05	0.00026779	0.00031808	0.00036099	0.000277246	0.000308851	0.000257702	0.000357313	0.000345032	0.000280482	0.000492688	0.000361947	0.00029836	0.000316603	0.000312723	0.00038488	0.000348066	0.000365762	0.00029548
TRNA-CHARGING-PWY: tRNA charging	0.000667277	0.000508141	0.000465593	0.000478959	0.000457437	0.000448026	0.000342611	0.000462421	0.000427532	0.000485471	0.000512568	0.000446995	0.000482794	0.000483798	0.000492037	0.000456276	0.000464425	0.000500354	0.000487312
TRPSYN-PWY: L-tryptophan biosynthesis	0.000381936	0.000376221	0.000358407	0.000363242	0.000382294	0.000333369	0.00026296	0.000448883	0.000294052	0.000302417	0.000519125	0.000451039	0.00031043	0.000390127	0.000267258	0.000423481	0.000437754	0.000370377	0.000399696
TYRFUMCAT-PWY: L-tyrosine degradation I	0	0	0	0	0	0	0	0	0	0	0	0	0	0	0	0	0	0	3.85036e-07
UBISYN-PWY: superpathway of ubiquinol-8 biosynthesis (early decarboxylation)	0	6.75195e-07	0	0	0	0	0	0	0	0	0	0	0	0	0	0	0	0	0
UDPNACETYLGALSYN-PWY: UDP-N-acetyl-D-glucosamine biosynthesis II	0	0	0	0	0	0	0	1.93149e-06	0	7.10586e-07	0	1.54899e-06	2.123e-05	0	1.38459e-06	2.93358e-06	0	0	5.78791e-06
UDPNAGSYN-PWY: UDP-N-acetyl-D-glucosamine biosynthesis I	4.50323e-05	0.000162068	0.000244314	0.000132346	0.000189721	0.000128326	0.000145225	0.000192774	9.61289e-05	0.000223746	0.00051793	0.000240454	0.000277147	0.000231454	0.000320106	0.000232536	0.00025132	0.000236931	0.000250274
URDEGR-PWY: superpathway of allantoin degradation in plants	0	5.29532e-07	2.19958e-07	0	3.42393e-07	0	0	0	0	0	0	0	0	0	0	0	0	0	4.16054e-07
URSIN-PWY: ureide biosynthesis	0	0	0	0	0	0	0	0	0	0	0	0	0	0	0	0	0	0	1.59491e-06
VALSYN-PWY: L-valine biosynthesis	0.000817135	0.000599493	0.000558195	0.000507895	0.000505334	0.000542753	0.000412522	0.000534537	0.000476021	0.000462957	0.000619462	0.000522721	0.000464229	0.000517085	0.000466375	0.000527223	0.000547465	0.000606813	0.000539681
