accession	study	object_status	bioproject_accession	biosample_accession	sample_name	library_ID	title	library_strategy	library_source	library_selection	library_layout	platform	instrument_model	design_description	filetype	filename	filename2	filename3	filename4	assembly	fasta_file
SRR33938007	SRP591378	new	PRJNA1274439	SAMN48984037	MTN001-v1-stool	MTN001-v1-stool	16S human gut metagenome	AMPLICON	GENOMIC	PCR	paired	ILLUMINA	Illumina MiSeq	The V4 region of the bacterial 16S rRNA gene was amplified in duplicate reactions, using primer set 515F/806R	fastq	MTN001-v1-stool_S158_L001_R1_001.fastq.gz	MTN001-v1-stool_S158_L001_R2_001.fastq.gz				
SRR33938006	SRP591378	new	PRJNA1274439	SAMN48984038	MTN004-v1-stool	MTN004-v1-stool	16S human gut metagenome	AMPLICON	GENOMIC	PCR	paired	ILLUMINA	Illumina MiSeq	The V4 region of the bacterial 16S rRNA gene was amplified in duplicate reactions, using primer set 515F/806R	fastq	MTN004-v1-stool_S54_L001_R1_001.fastq.gz	MTN004-v1-stool_S54_L001_R2_001.fastq.gz				
SRR33937979	SRP591378	new	PRJNA1274439	SAMN48984039	MTN005-v1-stool	MTN005-v1-stool	16S human gut metagenome	AMPLICON	GENOMIC	PCR	paired	ILLUMINA	Illumina MiSeq	The V4 region of the bacterial 16S rRNA gene was amplified in duplicate reactions, using primer set 515F/806R	fastq	MTN005-v1-stool_S2_L001_R1_001.fastq.gz	MTN005-v1-stool_S2_L001_R2_001.fastq.gz				
SRR33937701	SRP591378	new	PRJNA1274439	SAMN48984040	MTN006-v1-stool	MTN006-v1-stool	16S human gut metagenome	AMPLICON	GENOMIC	PCR	paired	ILLUMINA	Illumina MiSeq	The V4 region of the bacterial 16S rRNA gene was amplified in duplicate reactions, using primer set 515F/806R	fastq	MTN006-v1-stool_S78_L001_R1_001.fastq.gz	MTN006-v1-stool_S78_L001_R2_001.fastq.gz				
SRR33937851	SRP591378	new	PRJNA1274439	SAMN48984041	MTN007-v1-stool	MTN007-v1-stool	16S human gut metagenome	AMPLICON	GENOMIC	PCR	paired	ILLUMINA	Illumina MiSeq	The V4 region of the bacterial 16S rRNA gene was amplified in duplicate reactions, using primer set 515F/806R	fastq	MTN007-v1-stool_S125_L001_R1_001.fastq.gz	MTN007-v1-stool_S125_L001_R2_001.fastq.gz				
SRR33937840	SRP591378	new	PRJNA1274439	SAMN48984042	MTN008-v1-stool	MTN008-v1-stool	16S human gut metagenome	AMPLICON	GENOMIC	PCR	paired	ILLUMINA	Illumina MiSeq	The V4 region of the bacterial 16S rRNA gene was amplified in duplicate reactions, using primer set 515F/806R	fastq	MTN008-v1-stool_S156_L001_R1_001.fastq.gz	MTN008-v1-stool_S156_L001_R2_001.fastq.gz				
SRR33937773	SRP591378	new	PRJNA1274439	SAMN48984043	MTN009-v1-stool	MTN009-v1-stool	16S human gut metagenome	AMPLICON	GENOMIC	PCR	paired	ILLUMINA	Illumina MiSeq	The V4 region of the bacterial 16S rRNA gene was amplified in duplicate reactions, using primer set 515F/806R	fastq	MTN009-v1-stool_S35_L001_R1_001.fastq.gz	MTN009-v1-stool_S35_L001_R2_001.fastq.gz				
SRR33937762	SRP591378	new	PRJNA1274439	SAMN48984044	MTN010-v1-stool	MTN010-v1-stool	16S human gut metagenome	AMPLICON	GENOMIC	PCR	paired	ILLUMINA	Illumina MiSeq	The V4 region of the bacterial 16S rRNA gene was amplified in duplicate reactions, using primer set 515F/806R	fastq	MTN010-v1-stool_S169_L001_R1_001.fastq.gz	MTN010-v1-stool_S169_L001_R2_001.fastq.gz				
SRR33937696	SRP591378	new	PRJNA1274439	SAMN48984045	MTN011-v1-stool	MTN011-v1-stool	16S human gut metagenome	AMPLICON	GENOMIC	PCR	paired	ILLUMINA	Illumina MiSeq	The V4 region of the bacterial 16S rRNA gene was amplified in duplicate reactions, using primer set 515F/806R	fastq	MTN011-v1-stool_S52_L001_R1_001.fastq.gz	MTN011-v1-stool_S52_L001_R2_001.fastq.gz				
SRR33937685	SRP591378	new	PRJNA1274439	SAMN48984046	MTN012-v1-stool	MTN012-v1-stool	16S human gut metagenome	AMPLICON	GENOMIC	PCR	paired	ILLUMINA	Illumina MiSeq	The V4 region of the bacterial 16S rRNA gene was amplified in duplicate reactions, using primer set 515F/806R	fastq	MTN012-v1-stool_S47_L001_R1_001.fastq.gz	MTN012-v1-stool_S47_L001_R2_001.fastq.gz				
SRR33938005	SRP591378	new	PRJNA1274439	SAMN48984047	MTN013-v1-stool	MTN013-v1-stool	16S human gut metagenome	AMPLICON	GENOMIC	PCR	paired	ILLUMINA	Illumina MiSeq	The V4 region of the bacterial 16S rRNA gene was amplified in duplicate reactions, using primer set 515F/806R	fastq	MTN013-v1-stool_S105_L001_R1_001.fastq.gz	MTN013-v1-stool_S105_L001_R2_001.fastq.gz				
SRR33937994	SRP591378	new	PRJNA1274439	SAMN48984048	MTN014-v1-stool	MTN014-v1-stool	16S human gut metagenome	AMPLICON	GENOMIC	PCR	paired	ILLUMINA	Illumina MiSeq	The V4 region of the bacterial 16S rRNA gene was amplified in duplicate reactions, using primer set 515F/806R	fastq	MTN014-v1-stool_S14_L001_R1_001.fastq.gz	MTN014-v1-stool_S14_L001_R2_001.fastq.gz				
SRR33937983	SRP591378	new	PRJNA1274439	SAMN48984049	MTN016-v1-stool	MTN016-v1-stool	16S human gut metagenome	AMPLICON	GENOMIC	PCR	paired	ILLUMINA	Illumina MiSeq	The V4 region of the bacterial 16S rRNA gene was amplified in duplicate reactions, using primer set 515F/806R	fastq	MTN016-v1-stool_S32_L001_R1_001.fastq.gz	MTN016-v1-stool_S32_L001_R2_001.fastq.gz				
SRR33937916	SRP591378	new	PRJNA1274439	SAMN48984050	MTN019-v1-stool	MTN019-v1-stool	16S human gut metagenome	AMPLICON	GENOMIC	PCR	paired	ILLUMINA	Illumina MiSeq	The V4 region of the bacterial 16S rRNA gene was amplified in duplicate reactions, using primer set 515F/806R	fastq	MTN019-v1-stool_S114_L001_R1_001.fastq.gz	MTN019-v1-stool_S114_L001_R2_001.fastq.gz				
SRR33937905	SRP591378	new	PRJNA1274439	SAMN48984051	MTN021-v1-stool	MTN021-v1-stool	16S human gut metagenome	AMPLICON	GENOMIC	PCR	paired	ILLUMINA	Illumina MiSeq	The V4 region of the bacterial 16S rRNA gene was amplified in duplicate reactions, using primer set 515F/806R	fastq	MTN021-v1-stool_S138_L001_R1_001.fastq.gz	MTN021-v1-stool_S138_L001_R2_001.fastq.gz				
SRR33937838	SRP591378	new	PRJNA1274439	SAMN48984052	MTN022-v1-stool	MTN022-v1-stool	16S human gut metagenome	AMPLICON	GENOMIC	PCR	paired	ILLUMINA	Illumina MiSeq	The V4 region of the bacterial 16S rRNA gene was amplified in duplicate reactions, using primer set 515F/806R	fastq	MTN022-v1-stool_S81_L001_R1_001.fastq.gz	MTN022-v1-stool_S81_L001_R2_001.fastq.gz				
SRR33937827	SRP591378	new	PRJNA1274439	SAMN48984053	MTN023-v1-stool	MTN023-v1-stool	16S human gut metagenome	AMPLICON	GENOMIC	PCR	paired	ILLUMINA	Illumina MiSeq	The V4 region of the bacterial 16S rRNA gene was amplified in duplicate reactions, using primer set 515F/806R	fastq	MTN023-v1-stool_S114_L001_R1_001.fastq.gz	MTN023-v1-stool_S114_L001_R2_001.fastq.gz				
SRR33937816	SRP591378	new	PRJNA1274439	SAMN48984054	MTN024-v1-stool	MTN024-v1-stool	16S human gut metagenome	AMPLICON	GENOMIC	PCR	paired	ILLUMINA	Illumina MiSeq	The V4 region of the bacterial 16S rRNA gene was amplified in duplicate reactions, using primer set 515F/806R	fastq	MTN024-v1-stool_S30_L001_R1_001.fastq.gz	MTN024-v1-stool_S30_L001_R2_001.fastq.gz				
SRR33937749	SRP591378	new	PRJNA1274439	SAMN48984055	MTN025-v1-stool	MTN025-v1-stool	16S human gut metagenome	AMPLICON	GENOMIC	PCR	paired	ILLUMINA	Illumina MiSeq	The V4 region of the bacterial 16S rRNA gene was amplified in duplicate reactions, using primer set 515F/806R	fastq	MTN025-v1-stool_S190_L001_R1_001.fastq.gz	MTN025-v1-stool_S190_L001_R2_001.fastq.gz				
SRR33937738	SRP591378	new	PRJNA1274439	SAMN48984056	MTN027-v1-stool	MTN027-v1-stool	16S human gut metagenome	AMPLICON	GENOMIC	PCR	paired	ILLUMINA	Illumina MiSeq	The V4 region of the bacterial 16S rRNA gene was amplified in duplicate reactions, using primer set 515F/806R	fastq	MTN027-v1-stool_S39_L001_R1_001.fastq.gz	MTN027-v1-stool_S39_L001_R2_001.fastq.gz				
SRR33937978	SRP591378	new	PRJNA1274439	SAMN48984057	MTN028-v1-stool	MTN028-v1-stool	16S human gut metagenome	AMPLICON	GENOMIC	PCR	paired	ILLUMINA	Illumina MiSeq	The V4 region of the bacterial 16S rRNA gene was amplified in duplicate reactions, using primer set 515F/806R	fastq	MTN028-v1-stool_S27_L001_R1_001.fastq.gz	MTN028-v1-stool_S27_L001_R2_001.fastq.gz				
SRR33937967	SRP591378	new	PRJNA1274439	SAMN48984058	MTN029-v1-stool	MTN029-v1-stool	16S human gut metagenome	AMPLICON	GENOMIC	PCR	paired	ILLUMINA	Illumina MiSeq	The V4 region of the bacterial 16S rRNA gene was amplified in duplicate reactions, using primer set 515F/806R	fastq	MTN029-v1-stool_S95_L001_R1_001.fastq.gz	MTN029-v1-stool_S95_L001_R2_001.fastq.gz				
SRR33937956	SRP591378	new	PRJNA1274439	SAMN48984059	MTN030-v1-stool	MTN030-v1-stool	16S human gut metagenome	AMPLICON	GENOMIC	PCR	paired	ILLUMINA	Illumina MiSeq	The V4 region of the bacterial 16S rRNA gene was amplified in duplicate reactions, using primer set 515F/806R	fastq	MTN030-v1-stool_S130_L001_R1_001.fastq.gz	MTN030-v1-stool_S130_L001_R2_001.fastq.gz				
SRR33937889	SRP591378	new	PRJNA1274439	SAMN48984060	MTN031-v1-stool	MTN031-v1-stool	16S human gut metagenome	AMPLICON	GENOMIC	PCR	paired	ILLUMINA	Illumina MiSeq	The V4 region of the bacterial 16S rRNA gene was amplified in duplicate reactions, using primer set 515F/806R	fastq	MTN031-v1-stool_S108_L001_R1_001.fastq.gz	MTN031-v1-stool_S108_L001_R2_001.fastq.gz				
SRR33937878	SRP591378	new	PRJNA1274439	SAMN48984061	MTN032-v1-stool	MTN032-v1-stool	16S human gut metagenome	AMPLICON	GENOMIC	PCR	paired	ILLUMINA	Illumina MiSeq	The V4 region of the bacterial 16S rRNA gene was amplified in duplicate reactions, using primer set 515F/806R	fastq	MTN032-v1-stool_S83_L001_R1_001.fastq.gz	MTN032-v1-stool_S83_L001_R2_001.fastq.gz				
SRR33937811	SRP591378	new	PRJNA1274439	SAMN48984062	MTN033-v1-stool	MTN033-v1-stool	16S human gut metagenome	AMPLICON	GENOMIC	PCR	paired	ILLUMINA	Illumina MiSeq	The V4 region of the bacterial 16S rRNA gene was amplified in duplicate reactions, using primer set 515F/806R	fastq	MTN033-v1-stool_S134_L001_R1_001.fastq.gz	MTN033-v1-stool_S134_L001_R2_001.fastq.gz				
SRR33937800	SRP591378	new	PRJNA1274439	SAMN48984063	MTN035-v1-stool	MTN035-v1-stool	16S human gut metagenome	AMPLICON	GENOMIC	PCR	paired	ILLUMINA	Illumina MiSeq	The V4 region of the bacterial 16S rRNA gene was amplified in duplicate reactions, using primer set 515F/806R	fastq	MTN035-v1-stool_S178_L001_R1_001.fastq.gz	MTN035-v1-stool_S178_L001_R2_001.fastq.gz				
SRR33937789	SRP591378	new	PRJNA1274439	SAMN48984064	MTN036-v1-stool	MTN036-v1-stool	16S human gut metagenome	AMPLICON	GENOMIC	PCR	paired	ILLUMINA	Illumina MiSeq	The V4 region of the bacterial 16S rRNA gene was amplified in duplicate reactions, using primer set 515F/806R	fastq	MTN036-v1-stool_S51_L001_R1_001.fastq.gz	MTN036-v1-stool_S51_L001_R2_001.fastq.gz				
SRR33937722	SRP591378	new	PRJNA1274439	SAMN48984065	MTN037-v1-stool	MTN037-v1-stool	16S human gut metagenome	AMPLICON	GENOMIC	PCR	paired	ILLUMINA	Illumina MiSeq	The V4 region of the bacterial 16S rRNA gene was amplified in duplicate reactions, using primer set 515F/806R	fastq	MTN037-v1-stool_S13_L001_R1_001.fastq.gz	MTN037-v1-stool_S13_L001_R2_001.fastq.gz				
SRR33937711	SRP591378	new	PRJNA1274439	SAMN48984066	MTN038-v1-stool	MTN038-v1-stool	16S human gut metagenome	AMPLICON	GENOMIC	PCR	paired	ILLUMINA	Illumina MiSeq	The V4 region of the bacterial 16S rRNA gene was amplified in duplicate reactions, using primer set 515F/806R	fastq	MTN038-v1-stool_S168_L001_R1_001.fastq.gz	MTN038-v1-stool_S168_L001_R2_001.fastq.gz				
SRR33937951	SRP591378	new	PRJNA1274439	SAMN48984067	MTN039-v1-stool	MTN039-v1-stool	16S human gut metagenome	AMPLICON	GENOMIC	PCR	paired	ILLUMINA	Illumina MiSeq	The V4 region of the bacterial 16S rRNA gene was amplified in duplicate reactions, using primer set 515F/806R	fastq	MTN039-v1-stool_S35_L001_R1_001.fastq.gz	MTN039-v1-stool_S35_L001_R2_001.fastq.gz				
SRR33937940	SRP591378	new	PRJNA1274439	SAMN48984068	MTN040-v1-stool	MTN040-v1-stool	16S human gut metagenome	AMPLICON	GENOMIC	PCR	paired	ILLUMINA	Illumina MiSeq	The V4 region of the bacterial 16S rRNA gene was amplified in duplicate reactions, using primer set 515F/806R	fastq	MTN040-v1-stool_S177_L001_R1_001.fastq.gz	MTN040-v1-stool_S177_L001_R2_001.fastq.gz				
SRR33937929	SRP591378	new	PRJNA1274439	SAMN48984069	MTN041-v1-stool	MTN041-v1-stool	16S human gut metagenome	AMPLICON	GENOMIC	PCR	paired	ILLUMINA	Illumina MiSeq	The V4 region of the bacterial 16S rRNA gene was amplified in duplicate reactions, using primer set 515F/806R	fastq	MTN041-v1-stool_S112_L001_R1_001.fastq.gz	MTN041-v1-stool_S112_L001_R2_001.fastq.gz				
SRR33937862	SRP591378	new	PRJNA1274439	SAMN48984070	MTN042-v1-stool	MTN042-v1-stool	16S human gut metagenome	AMPLICON	GENOMIC	PCR	paired	ILLUMINA	Illumina MiSeq	The V4 region of the bacterial 16S rRNA gene was amplified in duplicate reactions, using primer set 515F/806R	fastq	MTN042-v1-stool_S79_L001_R1_001.fastq.gz	MTN042-v1-stool_S79_L001_R2_001.fastq.gz				
SRR33937857	SRP591378	new	PRJNA1274439	SAMN48984071	MTN044-v1-stool	MTN044-v1-stool	16S human gut metagenome	AMPLICON	GENOMIC	PCR	paired	ILLUMINA	Illumina MiSeq	The V4 region of the bacterial 16S rRNA gene was amplified in duplicate reactions, using primer set 515F/806R	fastq	MTN044-v1-stool_S81_L001_R1_001.fastq.gz	MTN044-v1-stool_S81_L001_R2_001.fastq.gz				
SRR33937856	SRP591378	new	PRJNA1274439	SAMN48984072	MTN045-v1-stool	MTN045-v1-stool	16S human gut metagenome	AMPLICON	GENOMIC	PCR	paired	ILLUMINA	Illumina MiSeq	The V4 region of the bacterial 16S rRNA gene was amplified in duplicate reactions, using primer set 515F/806R	fastq	MTN045-v1-stool_S157_L001_R1_001.fastq.gz	MTN045-v1-stool_S157_L001_R2_001.fastq.gz				
SRR33937855	SRP591378	new	PRJNA1274439	SAMN48984073	MTN047-v1-stool	MTN047-v1-stool	16S human gut metagenome	AMPLICON	GENOMIC	PCR	paired	ILLUMINA	Illumina MiSeq	The V4 region of the bacterial 16S rRNA gene was amplified in duplicate reactions, using primer set 515F/806R	fastq	MTN047-v1-stool_S115_L001_R1_001.fastq.gz	MTN047-v1-stool_S115_L001_R2_001.fastq.gz				
SRR33937854	SRP591378	new	PRJNA1274439	SAMN48984074	MTN048-v1-stool	MTN048-v1-stool	16S human gut metagenome	AMPLICON	GENOMIC	PCR	paired	ILLUMINA	Illumina MiSeq	The V4 region of the bacterial 16S rRNA gene was amplified in duplicate reactions, using primer set 515F/806R	fastq	MTN048-v1-stool_S160_L001_R1_001.fastq.gz	MTN048-v1-stool_S160_L001_R2_001.fastq.gz				
SRR33937853	SRP591378	new	PRJNA1274439	SAMN48984075	MTN049-v1-stool	MTN049-v1-stool	16S human gut metagenome	AMPLICON	GENOMIC	PCR	paired	ILLUMINA	Illumina MiSeq	The V4 region of the bacterial 16S rRNA gene was amplified in duplicate reactions, using primer set 515F/806R	fastq	MTN049-v1-stool_S22_L001_R1_001.fastq.gz	MTN049-v1-stool_S22_L001_R2_001.fastq.gz				
SRR33937852	SRP591378	new	PRJNA1274439	SAMN48984076	MTN051-v1-stool	MTN051-v1-stool	16S human gut metagenome	AMPLICON	GENOMIC	PCR	paired	ILLUMINA	Illumina MiSeq	The V4 region of the bacterial 16S rRNA gene was amplified in duplicate reactions, using primer set 515F/806R	fastq	MTN051-v1-stool_S186_L001_R1_001.fastq.gz	MTN051-v1-stool_S186_L001_R2_001.fastq.gz				
SRR33937850	SRP591378	new	PRJNA1274439	SAMN48984077	MTN052-v1-stool	MTN052-v1-stool	16S human gut metagenome	AMPLICON	GENOMIC	PCR	paired	ILLUMINA	Illumina MiSeq	The V4 region of the bacterial 16S rRNA gene was amplified in duplicate reactions, using primer set 515F/806R	fastq	MTN052-v1-stool_S31_L001_R1_001.fastq.gz	MTN052-v1-stool_S31_L001_R2_001.fastq.gz				
SRR33937849	SRP591378	new	PRJNA1274439	SAMN48984078	MTN053-v1-stool	MTN053-v1-stool	16S human gut metagenome	AMPLICON	GENOMIC	PCR	paired	ILLUMINA	Illumina MiSeq	The V4 region of the bacterial 16S rRNA gene was amplified in duplicate reactions, using primer set 515F/806R	fastq	MTN053-v1-stool_S39_L001_R1_001.fastq.gz	MTN053-v1-stool_S39_L001_R2_001.fastq.gz				
SRR33937848	SRP591378	new	PRJNA1274439	SAMN48984079	MTN054-v1-stool	MTN054-v1-stool	16S human gut metagenome	AMPLICON	GENOMIC	PCR	paired	ILLUMINA	Illumina MiSeq	The V4 region of the bacterial 16S rRNA gene was amplified in duplicate reactions, using primer set 515F/806R	fastq	MTN054-v1-stool_S65_L001_R1_001.fastq.gz	MTN054-v1-stool_S65_L001_R2_001.fastq.gz				
SRR33937847	SRP591378	new	PRJNA1274439	SAMN48984080	MTN055-v1-stool	MTN055-v1-stool	16S human gut metagenome	AMPLICON	GENOMIC	PCR	paired	ILLUMINA	Illumina MiSeq	The V4 region of the bacterial 16S rRNA gene was amplified in duplicate reactions, using primer set 515F/806R	fastq	MTN055-v1-stool_S40_L001_R1_001.fastq.gz	MTN055-v1-stool_S40_L001_R2_001.fastq.gz				
SRR33937846	SRP591378	new	PRJNA1274439	SAMN48984081	MTN056-v1-stool	MTN056-v1-stool	16S human gut metagenome	AMPLICON	GENOMIC	PCR	paired	ILLUMINA	Illumina MiSeq	The V4 region of the bacterial 16S rRNA gene was amplified in duplicate reactions, using primer set 515F/806R	fastq	MTN056-v1-stool_S48_L001_R1_001.fastq.gz	MTN056-v1-stool_S48_L001_R2_001.fastq.gz				
SRR33937845	SRP591378	new	PRJNA1274439	SAMN48984082	MTN057-v1-stool	MTN057-v1-stool	16S human gut metagenome	AMPLICON	GENOMIC	PCR	paired	ILLUMINA	Illumina MiSeq	The V4 region of the bacterial 16S rRNA gene was amplified in duplicate reactions, using primer set 515F/806R	fastq	MTN057-v1-stool_S175_L001_R1_001.fastq.gz	MTN057-v1-stool_S175_L001_R2_001.fastq.gz				
SRR33937844	SRP591378	new	PRJNA1274439	SAMN48984083	MTN058-v1-stool	MTN058-v1-stool	16S human gut metagenome	AMPLICON	GENOMIC	PCR	paired	ILLUMINA	Illumina MiSeq	The V4 region of the bacterial 16S rRNA gene was amplified in duplicate reactions, using primer set 515F/806R	fastq	MTN058-v1-stool_S171_L001_R1_001.fastq.gz	MTN058-v1-stool_S171_L001_R2_001.fastq.gz				
SRR33937843	SRP591378	new	PRJNA1274439	SAMN48984084	MTN059-v1-stool	MTN059-v1-stool	16S human gut metagenome	AMPLICON	GENOMIC	PCR	paired	ILLUMINA	Illumina MiSeq	The V4 region of the bacterial 16S rRNA gene was amplified in duplicate reactions, using primer set 515F/806R	fastq	MTN059-v1-stool_S17_L001_R1_001.fastq.gz	MTN059-v1-stool_S17_L001_R2_001.fastq.gz				
SRR33937842	SRP591378	new	PRJNA1274439	SAMN48984085	MTN060-v1-stool	MTN060-v1-stool	16S human gut metagenome	AMPLICON	GENOMIC	PCR	paired	ILLUMINA	Illumina MiSeq	The V4 region of the bacterial 16S rRNA gene was amplified in duplicate reactions, using primer set 515F/806R	fastq	MTN060-v1-stool_S49_L001_R1_001.fastq.gz	MTN060-v1-stool_S49_L001_R2_001.fastq.gz				
SRR33937841	SRP591378	new	PRJNA1274439	SAMN48984086	MTN062-v1-stool	MTN062-v1-stool	16S human gut metagenome	AMPLICON	GENOMIC	PCR	paired	ILLUMINA	Illumina MiSeq	The V4 region of the bacterial 16S rRNA gene was amplified in duplicate reactions, using primer set 515F/806R	fastq	MTN062-v1-stool_S60_L001_R1_001.fastq.gz	MTN062-v1-stool_S60_L001_R2_001.fastq.gz				
SRR33937783	SRP591378	new	PRJNA1274439	SAMN48984087	MTN063-v1-stool	MTN063-v1-stool	16S human gut metagenome	AMPLICON	GENOMIC	PCR	paired	ILLUMINA	Illumina MiSeq	The V4 region of the bacterial 16S rRNA gene was amplified in duplicate reactions, using primer set 515F/806R	fastq	MTN063-v1-stool_S174_L001_R1_001.fastq.gz	MTN063-v1-stool_S174_L001_R2_001.fastq.gz				
SRR33937782	SRP591378	new	PRJNA1274439	SAMN48984088	MTN064-v1-stool	MTN064-v1-stool	16S human gut metagenome	AMPLICON	GENOMIC	PCR	paired	ILLUMINA	Illumina MiSeq	The V4 region of the bacterial 16S rRNA gene was amplified in duplicate reactions, using primer set 515F/806R	fastq	MTN064-v1-stool_S68_L001_R1_001.fastq.gz	MTN064-v1-stool_S68_L001_R2_001.fastq.gz				
SRR33937781	SRP591378	new	PRJNA1274439	SAMN48984089	MTN065-v1-stool	MTN065-v1-stool	16S human gut metagenome	AMPLICON	GENOMIC	PCR	paired	ILLUMINA	Illumina MiSeq	The V4 region of the bacterial 16S rRNA gene was amplified in duplicate reactions, using primer set 515F/806R	fastq	MTN065-v1-stool_S20_L001_R1_001.fastq.gz	MTN065-v1-stool_S20_L001_R2_001.fastq.gz				
SRR33937780	SRP591378	new	PRJNA1274439	SAMN48984090	MTN066-v1-stool	MTN066-v1-stool	16S human gut metagenome	AMPLICON	GENOMIC	PCR	paired	ILLUMINA	Illumina MiSeq	The V4 region of the bacterial 16S rRNA gene was amplified in duplicate reactions, using primer set 515F/806R	fastq	MTN066-v1-stool_S38_L001_R1_001.fastq.gz	MTN066-v1-stool_S38_L001_R2_001.fastq.gz				
SRR33937779	SRP591378	new	PRJNA1274439	SAMN48984091	MTN068-v1-stool	MTN068-v1-stool	16S human gut metagenome	AMPLICON	GENOMIC	PCR	paired	ILLUMINA	Illumina MiSeq	The V4 region of the bacterial 16S rRNA gene was amplified in duplicate reactions, using primer set 515F/806R	fastq	MTN068-v1-stool_S188_L001_R1_001.fastq.gz	MTN068-v1-stool_S188_L001_R2_001.fastq.gz				
SRR33937778	SRP591378	new	PRJNA1274439	SAMN48984092	MTN070-v1-stool	MTN070-v1-stool	16S human gut metagenome	AMPLICON	GENOMIC	PCR	paired	ILLUMINA	Illumina MiSeq	The V4 region of the bacterial 16S rRNA gene was amplified in duplicate reactions, using primer set 515F/806R	fastq	MTN070-v1-stool_S151_L001_R1_001.fastq.gz	MTN070-v1-stool_S151_L001_R2_001.fastq.gz				
SRR33937777	SRP591378	new	PRJNA1274439	SAMN48984093	MTN071-v1-stool	MTN071-v1-stool	16S human gut metagenome	AMPLICON	GENOMIC	PCR	paired	ILLUMINA	Illumina MiSeq	The V4 region of the bacterial 16S rRNA gene was amplified in duplicate reactions, using primer set 515F/806R	fastq	MTN071-v1-stool_S50_L001_R1_001.fastq.gz	MTN071-v1-stool_S50_L001_R2_001.fastq.gz				
SRR33937776	SRP591378	new	PRJNA1274439	SAMN48984094	MTN073-v1-stool	MTN073-v1-stool	16S human gut metagenome	AMPLICON	GENOMIC	PCR	paired	ILLUMINA	Illumina MiSeq	The V4 region of the bacterial 16S rRNA gene was amplified in duplicate reactions, using primer set 515F/806R	fastq	MTN073-v1-stool_S19_L001_R1_001.fastq.gz	MTN073-v1-stool_S19_L001_R2_001.fastq.gz				
SRR33937775	SRP591378	new	PRJNA1274439	SAMN48984095	MTN074-v1-stool	MTN074-v1-stool	16S human gut metagenome	AMPLICON	GENOMIC	PCR	paired	ILLUMINA	Illumina MiSeq	The V4 region of the bacterial 16S rRNA gene was amplified in duplicate reactions, using primer set 515F/806R	fastq	MTN074-v1-stool_S181_L001_R1_001.fastq.gz	MTN074-v1-stool_S181_L001_R2_001.fastq.gz				
SRR33937774	SRP591378	new	PRJNA1274439	SAMN48984096	MTN075-v1-stool	MTN075-v1-stool	16S human gut metagenome	AMPLICON	GENOMIC	PCR	paired	ILLUMINA	Illumina MiSeq	The V4 region of the bacterial 16S rRNA gene was amplified in duplicate reactions, using primer set 515F/806R	fastq	MTN075-v1-stool_S127_L001_R1_001.fastq.gz	MTN075-v1-stool_S127_L001_R2_001.fastq.gz				
SRR33937772	SRP591378	new	PRJNA1274439	SAMN48984097	MTN076-v1-stool	MTN076-v1-stool	16S human gut metagenome	AMPLICON	GENOMIC	PCR	paired	ILLUMINA	Illumina MiSeq	The V4 region of the bacterial 16S rRNA gene was amplified in duplicate reactions, using primer set 515F/806R	fastq	MTN076-v1-stool_S92_L001_R1_001.fastq.gz	MTN076-v1-stool_S92_L001_R2_001.fastq.gz				
SRR33937771	SRP591378	new	PRJNA1274439	SAMN48984098	MTN077-v1-stool	MTN077-v1-stool	16S human gut metagenome	AMPLICON	GENOMIC	PCR	paired	ILLUMINA	Illumina MiSeq	The V4 region of the bacterial 16S rRNA gene was amplified in duplicate reactions, using primer set 515F/806R	fastq	MTN077-v1-stool_S34_L001_R1_001.fastq.gz	MTN077-v1-stool_S34_L001_R2_001.fastq.gz				
SRR33937770	SRP591378	new	PRJNA1274439	SAMN48984099	MTN079-v1-stool	MTN079-v1-stool	16S human gut metagenome	AMPLICON	GENOMIC	PCR	paired	ILLUMINA	Illumina MiSeq	The V4 region of the bacterial 16S rRNA gene was amplified in duplicate reactions, using primer set 515F/806R	fastq	MTN079-v1-stool_S55_L001_R1_001.fastq.gz	MTN079-v1-stool_S55_L001_R2_001.fastq.gz				
SRR33937769	SRP591378	new	PRJNA1274439	SAMN48984100	MTN080-v1-stool	MTN080-v1-stool	16S human gut metagenome	AMPLICON	GENOMIC	PCR	paired	ILLUMINA	Illumina MiSeq	The V4 region of the bacterial 16S rRNA gene was amplified in duplicate reactions, using primer set 515F/806R	fastq	MTN080-v1-stool_S141_L001_R1_001.fastq.gz	MTN080-v1-stool_S141_L001_R2_001.fastq.gz				
SRR33937768	SRP591378	new	PRJNA1274439	SAMN48984101	MTN081-v1-stool	MTN081-v1-stool	16S human gut metagenome	AMPLICON	GENOMIC	PCR	paired	ILLUMINA	Illumina MiSeq	The V4 region of the bacterial 16S rRNA gene was amplified in duplicate reactions, using primer set 515F/806R	fastq	MTN081-v1-stool_S115_L001_R1_001.fastq.gz	MTN081-v1-stool_S115_L001_R2_001.fastq.gz				
SRR33937767	SRP591378	new	PRJNA1274439	SAMN48984102	MTN082-v1-stool	MTN082-v1-stool	16S human gut metagenome	AMPLICON	GENOMIC	PCR	paired	ILLUMINA	Illumina MiSeq	The V4 region of the bacterial 16S rRNA gene was amplified in duplicate reactions, using primer set 515F/806R	fastq	MTN082-v1-stool_S149_L001_R1_001.fastq.gz	MTN082-v1-stool_S149_L001_R2_001.fastq.gz				
SRR33937766	SRP591378	new	PRJNA1274439	SAMN48984103	MTN083-v1-stool	MTN083-v1-stool	16S human gut metagenome	AMPLICON	GENOMIC	PCR	paired	ILLUMINA	Illumina MiSeq	The V4 region of the bacterial 16S rRNA gene was amplified in duplicate reactions, using primer set 515F/806R	fastq	MTN083-v1-stool_S185_L001_R1_001.fastq.gz	MTN083-v1-stool_S185_L001_R2_001.fastq.gz				
SRR33937765	SRP591378	new	PRJNA1274439	SAMN48984104	MTN084-v1-stool	MTN084-v1-stool	16S human gut metagenome	AMPLICON	GENOMIC	PCR	paired	ILLUMINA	Illumina MiSeq	The V4 region of the bacterial 16S rRNA gene was amplified in duplicate reactions, using primer set 515F/806R	fastq	MTN084-v1-stool_S27_L001_R1_001.fastq.gz	MTN084-v1-stool_S27_L001_R2_001.fastq.gz				
SRR33937764	SRP591378	new	PRJNA1274439	SAMN48984105	MTN085-v1-stool	MTN085-v1-stool	16S human gut metagenome	AMPLICON	GENOMIC	PCR	paired	ILLUMINA	Illumina MiSeq	The V4 region of the bacterial 16S rRNA gene was amplified in duplicate reactions, using primer set 515F/806R	fastq	MTN085-v1-stool_S63_L001_R1_001.fastq.gz	MTN085-v1-stool_S63_L001_R2_001.fastq.gz				
SRR33937763	SRP591378	new	PRJNA1274439	SAMN48984106	MTN086-v1-stool	MTN086-v1-stool	16S human gut metagenome	AMPLICON	GENOMIC	PCR	paired	ILLUMINA	Illumina MiSeq	The V4 region of the bacterial 16S rRNA gene was amplified in duplicate reactions, using primer set 515F/806R	fastq	MTN086-v1-stool_S44_L001_R1_001.fastq.gz	MTN086-v1-stool_S44_L001_R2_001.fastq.gz				
SRR33937761	SRP591378	new	PRJNA1274439	SAMN48984107	MTN087-v1-stool	MTN087-v1-stool	16S human gut metagenome	AMPLICON	GENOMIC	PCR	paired	ILLUMINA	Illumina MiSeq	The V4 region of the bacterial 16S rRNA gene was amplified in duplicate reactions, using primer set 515F/806R	fastq	MTN087-v1-stool_S127_L001_R1_001.fastq.gz	MTN087-v1-stool_S127_L001_R2_001.fastq.gz				
SRR33937760	SRP591378	new	PRJNA1274439	SAMN48984108	MTN088-v1-stool	MTN088-v1-stool	16S human gut metagenome	AMPLICON	GENOMIC	PCR	paired	ILLUMINA	Illumina MiSeq	The V4 region of the bacterial 16S rRNA gene was amplified in duplicate reactions, using primer set 515F/806R	fastq	MTN088-v1-stool_S85_L001_R1_001.fastq.gz	MTN088-v1-stool_S85_L001_R2_001.fastq.gz				
SRR33937759	SRP591378	new	PRJNA1274439	SAMN48984109	MTN089-v1-stool	MTN089-v1-stool	16S human gut metagenome	AMPLICON	GENOMIC	PCR	paired	ILLUMINA	Illumina MiSeq	The V4 region of the bacterial 16S rRNA gene was amplified in duplicate reactions, using primer set 515F/806R	fastq	MTN089-v1-stool_S127_L001_R1_001.fastq.gz	MTN089-v1-stool_S127_L001_R2_001.fastq.gz				
SRR33937758	SRP591378	new	PRJNA1274439	SAMN48984110	MTN090-v1-stool	MTN090-v1-stool	16S human gut metagenome	AMPLICON	GENOMIC	PCR	paired	ILLUMINA	Illumina MiSeq	The V4 region of the bacterial 16S rRNA gene was amplified in duplicate reactions, using primer set 515F/806R	fastq	MTN090-v1-stool_S171_L001_R1_001.fastq.gz	MTN090-v1-stool_S171_L001_R2_001.fastq.gz				
SRR33937757	SRP591378	new	PRJNA1274439	SAMN48984111	MTN091-v1-stool	MTN091-v1-stool	16S human gut metagenome	AMPLICON	GENOMIC	PCR	paired	ILLUMINA	Illumina MiSeq	The V4 region of the bacterial 16S rRNA gene was amplified in duplicate reactions, using primer set 515F/806R	fastq	MTN091-v1-stool_S58_L001_R1_001.fastq.gz	MTN091-v1-stool_S58_L001_R2_001.fastq.gz				
SRR33937756	SRP591378	new	PRJNA1274439	SAMN48984112	MTN092-v1-stool	MTN092-v1-stool	16S human gut metagenome	AMPLICON	GENOMIC	PCR	paired	ILLUMINA	Illumina MiSeq	The V4 region of the bacterial 16S rRNA gene was amplified in duplicate reactions, using primer set 515F/806R	fastq	MTN092-v1-stool_S108_L001_R1_001.fastq.gz	MTN092-v1-stool_S108_L001_R2_001.fastq.gz				
SRR33937700	SRP591378	new	PRJNA1274439	SAMN48984113	MTN093-v1-stool	MTN093-v1-stool	16S human gut metagenome	AMPLICON	GENOMIC	PCR	paired	ILLUMINA	Illumina MiSeq	The V4 region of the bacterial 16S rRNA gene was amplified in duplicate reactions, using primer set 515F/806R	fastq	MTN093-v1-stool_S66_L001_R1_001.fastq.gz	MTN093-v1-stool_S66_L001_R2_001.fastq.gz				
SRR33937699	SRP591378	new	PRJNA1274439	SAMN48984114	MTN094-v1-stool	MTN094-v1-stool	16S human gut metagenome	AMPLICON	GENOMIC	PCR	paired	ILLUMINA	Illumina MiSeq	The V4 region of the bacterial 16S rRNA gene was amplified in duplicate reactions, using primer set 515F/806R	fastq	MTN094-v1-stool_S75_L001_R1_001.fastq.gz	MTN094-v1-stool_S75_L001_R2_001.fastq.gz				
SRR33937698	SRP591378	new	PRJNA1274439	SAMN48984115	MTN095-v1-stool	MTN095-v1-stool	16S human gut metagenome	AMPLICON	GENOMIC	PCR	paired	ILLUMINA	Illumina MiSeq	The V4 region of the bacterial 16S rRNA gene was amplified in duplicate reactions, using primer set 515F/806R	fastq	MTN095-v1-stool_S7_L001_R1_001.fastq.gz	MTN095-v1-stool_S7_L001_R2_001.fastq.gz				
SRR33937697	SRP591378	new	PRJNA1274439	SAMN48984116	MTN097-v1-stool	MTN097-v1-stool	16S human gut metagenome	AMPLICON	GENOMIC	PCR	paired	ILLUMINA	Illumina MiSeq	The V4 region of the bacterial 16S rRNA gene was amplified in duplicate reactions, using primer set 515F/806R	fastq	MTN097-v1-stool_S11_L001_R1_001.fastq.gz	MTN097-v1-stool_S11_L001_R2_001.fastq.gz				
SRR33937695	SRP591378	new	PRJNA1274439	SAMN48984117	MTN098-v1-stool	MTN098-v1-stool	16S human gut metagenome	AMPLICON	GENOMIC	PCR	paired	ILLUMINA	Illumina MiSeq	The V4 region of the bacterial 16S rRNA gene was amplified in duplicate reactions, using primer set 515F/806R	fastq	MTN098-v1-stool_S179_L001_R1_001.fastq.gz	MTN098-v1-stool_S179_L001_R2_001.fastq.gz				
SRR33937694	SRP591378	new	PRJNA1274439	SAMN48984118	MTN099-v1-stool	MTN099-v1-stool	16S human gut metagenome	AMPLICON	GENOMIC	PCR	paired	ILLUMINA	Illumina MiSeq	The V4 region of the bacterial 16S rRNA gene was amplified in duplicate reactions, using primer set 515F/806R	fastq	MTN099-v1-stool_S24_L001_R1_001.fastq.gz	MTN099-v1-stool_S24_L001_R2_001.fastq.gz				
SRR33937693	SRP591378	new	PRJNA1274439	SAMN48984119	MTN100-v1-stool	MTN100-v1-stool	16S human gut metagenome	AMPLICON	GENOMIC	PCR	paired	ILLUMINA	Illumina MiSeq	The V4 region of the bacterial 16S rRNA gene was amplified in duplicate reactions, using primer set 515F/806R	fastq	MTN100-v1-stool_S63_L001_R1_001.fastq.gz	MTN100-v1-stool_S63_L001_R2_001.fastq.gz				
SRR33937692	SRP591378	new	PRJNA1274439	SAMN48984120	MTN101-v1-stool	MTN101-v1-stool	16S human gut metagenome	AMPLICON	GENOMIC	PCR	paired	ILLUMINA	Illumina MiSeq	The V4 region of the bacterial 16S rRNA gene was amplified in duplicate reactions, using primer set 515F/806R	fastq	MTN101-v1-stool_S121_L001_R1_001.fastq.gz	MTN101-v1-stool_S121_L001_R2_001.fastq.gz				
SRR33937691	SRP591378	new	PRJNA1274439	SAMN48984121	MTN103-v1-stool	MTN103-v1-stool	16S human gut metagenome	AMPLICON	GENOMIC	PCR	paired	ILLUMINA	Illumina MiSeq	The V4 region of the bacterial 16S rRNA gene was amplified in duplicate reactions, using primer set 515F/806R	fastq	MTN103-v1-stool_S43_L001_R1_001.fastq.gz	MTN103-v1-stool_S43_L001_R2_001.fastq.gz				
SRR33937690	SRP591378	new	PRJNA1274439	SAMN48984122	MTN104-v1-stool	MTN104-v1-stool	16S human gut metagenome	AMPLICON	GENOMIC	PCR	paired	ILLUMINA	Illumina MiSeq	The V4 region of the bacterial 16S rRNA gene was amplified in duplicate reactions, using primer set 515F/806R	fastq	MTN104-v1-stool_S125_L001_R1_001.fastq.gz	MTN104-v1-stool_S125_L001_R2_001.fastq.gz				
SRR33937689	SRP591378	new	PRJNA1274439	SAMN48984123	MTN105-v1-stool	MTN105-v1-stool	16S human gut metagenome	AMPLICON	GENOMIC	PCR	paired	ILLUMINA	Illumina MiSeq	The V4 region of the bacterial 16S rRNA gene was amplified in duplicate reactions, using primer set 515F/806R	fastq	MTN105-v1-stool_S18_L001_R1_001.fastq.gz	MTN105-v1-stool_S18_L001_R2_001.fastq.gz				
SRR33937688	SRP591378	new	PRJNA1274439	SAMN48984124	MTN106-v1-stool	MTN106-v1-stool	16S human gut metagenome	AMPLICON	GENOMIC	PCR	paired	ILLUMINA	Illumina MiSeq	The V4 region of the bacterial 16S rRNA gene was amplified in duplicate reactions, using primer set 515F/806R	fastq	MTN106-v1-stool_S98_L001_R1_001.fastq.gz	MTN106-v1-stool_S98_L001_R2_001.fastq.gz				
SRR33937687	SRP591378	new	PRJNA1274439	SAMN48984125	MTN107-v1-stool	MTN107-v1-stool	16S human gut metagenome	AMPLICON	GENOMIC	PCR	paired	ILLUMINA	Illumina MiSeq	The V4 region of the bacterial 16S rRNA gene was amplified in duplicate reactions, using primer set 515F/806R	fastq	MTN107-v1-stool_S163_L001_R1_001.fastq.gz	MTN107-v1-stool_S163_L001_R2_001.fastq.gz				
SRR33937686	SRP591378	new	PRJNA1274439	SAMN48984126	MTN108-v1-stool	MTN108-v1-stool	16S human gut metagenome	AMPLICON	GENOMIC	PCR	paired	ILLUMINA	Illumina MiSeq	The V4 region of the bacterial 16S rRNA gene was amplified in duplicate reactions, using primer set 515F/806R	fastq	MTN108-v1-stool_S98_L001_R1_001.fastq.gz	MTN108-v1-stool_S98_L001_R2_001.fastq.gz				
SRR33937684	SRP591378	new	PRJNA1274439	SAMN48984127	MTN110-v1-stool	MTN110-v1-stool	16S human gut metagenome	AMPLICON	GENOMIC	PCR	paired	ILLUMINA	Illumina MiSeq	The V4 region of the bacterial 16S rRNA gene was amplified in duplicate reactions, using primer set 515F/806R	fastq	MTN110-v1-stool_S116_L001_R1_001.fastq.gz	MTN110-v1-stool_S116_L001_R2_001.fastq.gz				
SRR33937683	SRP591378	new	PRJNA1274439	SAMN48984128	MTN111-v1-stool	MTN111-v1-stool	16S human gut metagenome	AMPLICON	GENOMIC	PCR	paired	ILLUMINA	Illumina MiSeq	The V4 region of the bacterial 16S rRNA gene was amplified in duplicate reactions, using primer set 515F/806R	fastq	MTN111-v1-stool_S67_L001_R1_001.fastq.gz	MTN111-v1-stool_S67_L001_R2_001.fastq.gz				
SRR33937682	SRP591378	new	PRJNA1274439	SAMN48984129	MTN112-v1-stool	MTN112-v1-stool	16S human gut metagenome	AMPLICON	GENOMIC	PCR	paired	ILLUMINA	Illumina MiSeq	The V4 region of the bacterial 16S rRNA gene was amplified in duplicate reactions, using primer set 515F/806R	fastq	MTN112-v1-stool_S187_L001_R1_001.fastq.gz	MTN112-v1-stool_S187_L001_R2_001.fastq.gz				
SRR33937681	SRP591378	new	PRJNA1274439	SAMN48984130	MTN113-v1-stool	MTN113-v1-stool	16S human gut metagenome	AMPLICON	GENOMIC	PCR	paired	ILLUMINA	Illumina MiSeq	The V4 region of the bacterial 16S rRNA gene was amplified in duplicate reactions, using primer set 515F/806R	fastq	MTN113-v1-stool_S14_L001_R1_001.fastq.gz	MTN113-v1-stool_S14_L001_R2_001.fastq.gz				
SRR33937680	SRP591378	new	PRJNA1274439	SAMN48984131	MTN114-v1-stool	MTN114-v1-stool	16S human gut metagenome	AMPLICON	GENOMIC	PCR	paired	ILLUMINA	Illumina MiSeq	The V4 region of the bacterial 16S rRNA gene was amplified in duplicate reactions, using primer set 515F/806R	fastq	MTN114-v1-stool_S118_L001_R1_001.fastq.gz	MTN114-v1-stool_S118_L001_R2_001.fastq.gz				
SRR33937679	SRP591378	new	PRJNA1274439	SAMN48984132	MTN115-v1-stool	MTN115-v1-stool	16S human gut metagenome	AMPLICON	GENOMIC	PCR	paired	ILLUMINA	Illumina MiSeq	The V4 region of the bacterial 16S rRNA gene was amplified in duplicate reactions, using primer set 515F/806R	fastq	MTN115-v1-stool_S26_L001_R1_001.fastq.gz	MTN115-v1-stool_S26_L001_R2_001.fastq.gz				
SRR33937677	SRP591378	new	PRJNA1274439	SAMN48984133	MTN116-v1-stool	MTN116-v1-stool	16S human gut metagenome	AMPLICON	GENOMIC	PCR	paired	ILLUMINA	Illumina MiSeq	The V4 region of the bacterial 16S rRNA gene was amplified in duplicate reactions, using primer set 515F/806R	fastq	MTN116-v1-stool_S16_L001_R1_001.fastq.gz	MTN116-v1-stool_S16_L001_R2_001.fastq.gz				
SRR33937676	SRP591378	new	PRJNA1274439	SAMN48984134	MTN117-v1-stool	MTN117-v1-stool	16S human gut metagenome	AMPLICON	GENOMIC	PCR	paired	ILLUMINA	Illumina MiSeq	The V4 region of the bacterial 16S rRNA gene was amplified in duplicate reactions, using primer set 515F/806R	fastq	MTN117-v1-stool_S177_L001_R1_001.fastq.gz	MTN117-v1-stool_S177_L001_R2_001.fastq.gz				
SRR33937675	SRP591378	new	PRJNA1274439	SAMN48984135	MTN118-v1-stool	MTN118-v1-stool	16S human gut metagenome	AMPLICON	GENOMIC	PCR	paired	ILLUMINA	Illumina MiSeq	The V4 region of the bacterial 16S rRNA gene was amplified in duplicate reactions, using primer set 515F/806R	fastq	MTN118-v1-stool_S142_L001_R1_001.fastq.gz	MTN118-v1-stool_S142_L001_R2_001.fastq.gz				
SRR33937674	SRP591378	new	PRJNA1274439	SAMN48984136	MTN121-v1-stool	MTN121-v1-stool	16S human gut metagenome	AMPLICON	GENOMIC	PCR	paired	ILLUMINA	Illumina MiSeq	The V4 region of the bacterial 16S rRNA gene was amplified in duplicate reactions, using primer set 515F/806R	fastq	MTN121-v1-stool_S112_L001_R1_001.fastq.gz	MTN121-v1-stool_S112_L001_R2_001.fastq.gz				
SRR33938004	SRP591378	new	PRJNA1274439	SAMN48984137	MTN122-v1-stool	MTN122-v1-stool	16S human gut metagenome	AMPLICON	GENOMIC	PCR	paired	ILLUMINA	Illumina MiSeq	The V4 region of the bacterial 16S rRNA gene was amplified in duplicate reactions, using primer set 515F/806R	fastq	MTN122-v1-stool_S129_L001_R1_001.fastq.gz	MTN122-v1-stool_S129_L001_R2_001.fastq.gz				
SRR33938003	SRP591378	new	PRJNA1274439	SAMN48984138	MTN123-v1-stool	MTN123-v1-stool	16S human gut metagenome	AMPLICON	GENOMIC	PCR	paired	ILLUMINA	Illumina MiSeq	The V4 region of the bacterial 16S rRNA gene was amplified in duplicate reactions, using primer set 515F/806R	fastq	MTN123-v1-stool_S142_L001_R1_001.fastq.gz	MTN123-v1-stool_S142_L001_R2_001.fastq.gz				
SRR33938002	SRP591378	new	PRJNA1274439	SAMN48984139	MTN124-v1-stool-a	MTN124-v1-stool-a	16S human gut metagenome	AMPLICON	GENOMIC	PCR	paired	ILLUMINA	Illumina MiSeq	The V4 region of the bacterial 16S rRNA gene was amplified in duplicate reactions, using primer set 515F/806R	fastq	MTN124-v1-stool-a_S118_L001_R1_001.fastq.gz	MTN124-v1-stool-a_S118_L001_R2_001.fastq.gz				
SRR33938001	SRP591378	new	PRJNA1274439	SAMN48984140	MTN124-v1-stool-b	MTN124-v1-stool-b	16S human gut metagenome	AMPLICON	GENOMIC	PCR	paired	ILLUMINA	Illumina MiSeq	The V4 region of the bacterial 16S rRNA gene was amplified in duplicate reactions, using primer set 515F/806R	fastq	MTN124-v1-stool-b_S185_L001_R1_001.fastq.gz	MTN124-v1-stool-b_S185_L001_R2_001.fastq.gz				
SRR33938000	SRP591378	new	PRJNA1274439	SAMN48984141	MTN125-v1-stool	MTN125-v1-stool	16S human gut metagenome	AMPLICON	GENOMIC	PCR	paired	ILLUMINA	Illumina MiSeq	The V4 region of the bacterial 16S rRNA gene was amplified in duplicate reactions, using primer set 515F/806R	fastq	MTN125-v1-stool_S87_L001_R1_001.fastq.gz	MTN125-v1-stool_S87_L001_R2_001.fastq.gz				
SRR33937999	SRP591378	new	PRJNA1274439	SAMN48984142	MTN126-v1-stool	MTN126-v1-stool	16S human gut metagenome	AMPLICON	GENOMIC	PCR	paired	ILLUMINA	Illumina MiSeq	The V4 region of the bacterial 16S rRNA gene was amplified in duplicate reactions, using primer set 515F/806R	fastq	MTN126-v1-stool_S85_L001_R1_001.fastq.gz	MTN126-v1-stool_S85_L001_R2_001.fastq.gz				
SRR33937998	SRP591378	new	PRJNA1274439	SAMN48984143	MTN127-v1-stool	MTN127-v1-stool	16S human gut metagenome	AMPLICON	GENOMIC	PCR	paired	ILLUMINA	Illumina MiSeq	The V4 region of the bacterial 16S rRNA gene was amplified in duplicate reactions, using primer set 515F/806R	fastq	MTN127-v1-stool_S82_L001_R1_001.fastq.gz	MTN127-v1-stool_S82_L001_R2_001.fastq.gz				
SRR33937997	SRP591378	new	PRJNA1274439	SAMN48984144	MTN128-v1-stool	MTN128-v1-stool	16S human gut metagenome	AMPLICON	GENOMIC	PCR	paired	ILLUMINA	Illumina MiSeq	The V4 region of the bacterial 16S rRNA gene was amplified in duplicate reactions, using primer set 515F/806R	fastq	MTN128-v1-stool_S190_L001_R1_001.fastq.gz	MTN128-v1-stool_S190_L001_R2_001.fastq.gz				
SRR33937996	SRP591378	new	PRJNA1274439	SAMN48984145	MTN129-v1-stool	MTN129-v1-stool	16S human gut metagenome	AMPLICON	GENOMIC	PCR	paired	ILLUMINA	Illumina MiSeq	The V4 region of the bacterial 16S rRNA gene was amplified in duplicate reactions, using primer set 515F/806R	fastq	MTN129-v1-stool_S149_L001_R1_001.fastq.gz	MTN129-v1-stool_S149_L001_R2_001.fastq.gz				
SRR33937995	SRP591378	new	PRJNA1274439	SAMN48984146	MTN130-v1-stool	MTN130-v1-stool	16S human gut metagenome	AMPLICON	GENOMIC	PCR	paired	ILLUMINA	Illumina MiSeq	The V4 region of the bacterial 16S rRNA gene was amplified in duplicate reactions, using primer set 515F/806R	fastq	MTN130-v1-stool_S66_L001_R1_001.fastq.gz	MTN130-v1-stool_S66_L001_R2_001.fastq.gz				
SRR33937993	SRP591378	new	PRJNA1274439	SAMN48984147	MTN131-v1-stool	MTN131-v1-stool	16S human gut metagenome	AMPLICON	GENOMIC	PCR	paired	ILLUMINA	Illumina MiSeq	The V4 region of the bacterial 16S rRNA gene was amplified in duplicate reactions, using primer set 515F/806R	fastq	MTN131-v1-stool_S49_L001_R1_001.fastq.gz	MTN131-v1-stool_S49_L001_R2_001.fastq.gz				
SRR33937992	SRP591378	new	PRJNA1274439	SAMN48984148	MTN132-v1-stool	MTN132-v1-stool	16S human gut metagenome	AMPLICON	GENOMIC	PCR	paired	ILLUMINA	Illumina MiSeq	The V4 region of the bacterial 16S rRNA gene was amplified in duplicate reactions, using primer set 515F/806R	fastq	MTN132-v1-stool_S100_L001_R1_001.fastq.gz	MTN132-v1-stool_S100_L001_R2_001.fastq.gz				
SRR33937991	SRP591378	new	PRJNA1274439	SAMN48984149	MTN133-v1-stool	MTN133-v1-stool	16S human gut metagenome	AMPLICON	GENOMIC	PCR	paired	ILLUMINA	Illumina MiSeq	The V4 region of the bacterial 16S rRNA gene was amplified in duplicate reactions, using primer set 515F/806R	fastq	MTN133-v1-stool_S36_L001_R1_001.fastq.gz	MTN133-v1-stool_S36_L001_R2_001.fastq.gz				
SRR33937990	SRP591378	new	PRJNA1274439	SAMN48984150	MTN134-v1-stool	MTN134-v1-stool	16S human gut metagenome	AMPLICON	GENOMIC	PCR	paired	ILLUMINA	Illumina MiSeq	The V4 region of the bacterial 16S rRNA gene was amplified in duplicate reactions, using primer set 515F/806R	fastq	MTN134-v1-stool_S66_L001_R1_001.fastq.gz	MTN134-v1-stool_S66_L001_R2_001.fastq.gz				
SRR33937989	SRP591378	new	PRJNA1274439	SAMN48984151	MTN136-v1-stool	MTN136-v1-stool	16S human gut metagenome	AMPLICON	GENOMIC	PCR	paired	ILLUMINA	Illumina MiSeq	The V4 region of the bacterial 16S rRNA gene was amplified in duplicate reactions, using primer set 515F/806R	fastq	MTN136-v1-stool_S110_L001_R1_001.fastq.gz	MTN136-v1-stool_S110_L001_R2_001.fastq.gz				
SRR33937988	SRP591378	new	PRJNA1274439	SAMN48984152	MTN137-v1-stool	MTN137-v1-stool	16S human gut metagenome	AMPLICON	GENOMIC	PCR	paired	ILLUMINA	Illumina MiSeq	The V4 region of the bacterial 16S rRNA gene was amplified in duplicate reactions, using primer set 515F/806R	fastq	MTN137-v1-stool_S38_L001_R1_001.fastq.gz	MTN137-v1-stool_S38_L001_R2_001.fastq.gz				
SRR33937987	SRP591378	new	PRJNA1274439	SAMN48984153	MTN138-v1-stool	MTN138-v1-stool	16S human gut metagenome	AMPLICON	GENOMIC	PCR	paired	ILLUMINA	Illumina MiSeq	The V4 region of the bacterial 16S rRNA gene was amplified in duplicate reactions, using primer set 515F/806R	fastq	MTN138-v1-stool_S69_L001_R1_001.fastq.gz	MTN138-v1-stool_S69_L001_R2_001.fastq.gz				
SRR33937986	SRP591378	new	PRJNA1274439	SAMN48984154	MTN139-v1-stool	MTN139-v1-stool	16S human gut metagenome	AMPLICON	GENOMIC	PCR	paired	ILLUMINA	Illumina MiSeq	The V4 region of the bacterial 16S rRNA gene was amplified in duplicate reactions, using primer set 515F/806R	fastq	MTN139-v1-stool_S80_L001_R1_001.fastq.gz	MTN139-v1-stool_S80_L001_R2_001.fastq.gz				
SRR33937985	SRP591378	new	PRJNA1274439	SAMN48984155	MTN142-v1-stool	MTN142-v1-stool	16S human gut metagenome	AMPLICON	GENOMIC	PCR	paired	ILLUMINA	Illumina MiSeq	The V4 region of the bacterial 16S rRNA gene was amplified in duplicate reactions, using primer set 515F/806R	fastq	MTN142-v1-stool_S141_L001_R1_001.fastq.gz	MTN142-v1-stool_S141_L001_R2_001.fastq.gz				
SRR33937984	SRP591378	new	PRJNA1274439	SAMN48984156	MTN143-v1-stool	MTN143-v1-stool	16S human gut metagenome	AMPLICON	GENOMIC	PCR	paired	ILLUMINA	Illumina MiSeq	The V4 region of the bacterial 16S rRNA gene was amplified in duplicate reactions, using primer set 515F/806R	fastq	MTN143-v1-stool_S34_L001_R1_001.fastq.gz	MTN143-v1-stool_S34_L001_R2_001.fastq.gz				
SRR33937982	SRP591378	new	PRJNA1274439	SAMN48984157	MTN145-v1-stool	MTN145-v1-stool	16S human gut metagenome	AMPLICON	GENOMIC	PCR	paired	ILLUMINA	Illumina MiSeq	The V4 region of the bacterial 16S rRNA gene was amplified in duplicate reactions, using primer set 515F/806R	fastq	MTN145-v1-stool_S61_L001_R1_001.fastq.gz	MTN145-v1-stool_S61_L001_R2_001.fastq.gz				
SRR33937981	SRP591378	new	PRJNA1274439	SAMN48984158	MTN146-v1-stool	MTN146-v1-stool	16S human gut metagenome	AMPLICON	GENOMIC	PCR	paired	ILLUMINA	Illumina MiSeq	The V4 region of the bacterial 16S rRNA gene was amplified in duplicate reactions, using primer set 515F/806R	fastq	MTN146-v1-stool_S119_L001_R1_001.fastq.gz	MTN146-v1-stool_S119_L001_R2_001.fastq.gz				
SRR33937980	SRP591378	new	PRJNA1274439	SAMN48984159	MTN147-v1-stool	MTN147-v1-stool	16S human gut metagenome	AMPLICON	GENOMIC	PCR	paired	ILLUMINA	Illumina MiSeq	The V4 region of the bacterial 16S rRNA gene was amplified in duplicate reactions, using primer set 515F/806R	fastq	MTN147-v1-stool_S132_L001_R1_001.fastq.gz	MTN147-v1-stool_S132_L001_R2_001.fastq.gz				
SRR33937923	SRP591378	new	PRJNA1274439	SAMN48984160	MTN149-v1-stool	MTN149-v1-stool	16S human gut metagenome	AMPLICON	GENOMIC	PCR	paired	ILLUMINA	Illumina MiSeq	The V4 region of the bacterial 16S rRNA gene was amplified in duplicate reactions, using primer set 515F/806R	fastq	MTN149-v1-stool_S57_L001_R1_001.fastq.gz	MTN149-v1-stool_S57_L001_R2_001.fastq.gz				
SRR33937922	SRP591378	new	PRJNA1274439	SAMN48984161	MTN150-v1-stool	MTN150-v1-stool	16S human gut metagenome	AMPLICON	GENOMIC	PCR	paired	ILLUMINA	Illumina MiSeq	The V4 region of the bacterial 16S rRNA gene was amplified in duplicate reactions, using primer set 515F/806R	fastq	MTN150-v1-stool_S137_L001_R1_001.fastq.gz	MTN150-v1-stool_S137_L001_R2_001.fastq.gz				
SRR33937921	SRP591378	new	PRJNA1274439	SAMN48984162	MTN151-v1-stool	MTN151-v1-stool	16S human gut metagenome	AMPLICON	GENOMIC	PCR	paired	ILLUMINA	Illumina MiSeq	The V4 region of the bacterial 16S rRNA gene was amplified in duplicate reactions, using primer set 515F/806R	fastq	MTN151-v1-stool_S28_L001_R1_001.fastq.gz	MTN151-v1-stool_S28_L001_R2_001.fastq.gz				
SRR33937920	SRP591378	new	PRJNA1274439	SAMN48984163	MTN152-v1-stool	MTN152-v1-stool	16S human gut metagenome	AMPLICON	GENOMIC	PCR	paired	ILLUMINA	Illumina MiSeq	The V4 region of the bacterial 16S rRNA gene was amplified in duplicate reactions, using primer set 515F/806R	fastq	MTN152-v1-stool_S59_L001_R1_001.fastq.gz	MTN152-v1-stool_S59_L001_R2_001.fastq.gz				
SRR33937919	SRP591378	new	PRJNA1274439	SAMN48984164	MTN153-v1-stool	MTN153-v1-stool	16S human gut metagenome	AMPLICON	GENOMIC	PCR	paired	ILLUMINA	Illumina MiSeq	The V4 region of the bacterial 16S rRNA gene was amplified in duplicate reactions, using primer set 515F/806R	fastq	MTN153-v1-stool_S145_L001_R1_001.fastq.gz	MTN153-v1-stool_S145_L001_R2_001.fastq.gz				
SRR33937918	SRP591378	new	PRJNA1274439	SAMN48984165	MTN154-v1-stool	MTN154-v1-stool	16S human gut metagenome	AMPLICON	GENOMIC	PCR	paired	ILLUMINA	Illumina MiSeq	The V4 region of the bacterial 16S rRNA gene was amplified in duplicate reactions, using primer set 515F/806R	fastq	MTN154-v1-stool_S76_L001_R1_001.fastq.gz	MTN154-v1-stool_S76_L001_R2_001.fastq.gz				
SRR33937917	SRP591378	new	PRJNA1274439	SAMN48984166	MTN155-v1-stool	MTN155-v1-stool	16S human gut metagenome	AMPLICON	GENOMIC	PCR	paired	ILLUMINA	Illumina MiSeq	The V4 region of the bacterial 16S rRNA gene was amplified in duplicate reactions, using primer set 515F/806R	fastq	MTN155-v1-stool_S78_L001_R1_001.fastq.gz	MTN155-v1-stool_S78_L001_R2_001.fastq.gz				
SRR33937915	SRP591378	new	PRJNA1274439	SAMN48984167	MTN157-v1-stool	MTN157-v1-stool	16S human gut metagenome	AMPLICON	GENOMIC	PCR	paired	ILLUMINA	Illumina MiSeq	The V4 region of the bacterial 16S rRNA gene was amplified in duplicate reactions, using primer set 515F/806R	fastq	MTN157-v1-stool_S76_L001_R1_001.fastq.gz	MTN157-v1-stool_S76_L001_R2_001.fastq.gz				
SRR33937914	SRP591378	new	PRJNA1274439	SAMN48984168	MTN158-v1-stool	MTN158-v1-stool	16S human gut metagenome	AMPLICON	GENOMIC	PCR	paired	ILLUMINA	Illumina MiSeq	The V4 region of the bacterial 16S rRNA gene was amplified in duplicate reactions, using primer set 515F/806R	fastq	MTN158-v1-stool_S130_L001_R1_001.fastq.gz	MTN158-v1-stool_S130_L001_R2_001.fastq.gz				
SRR33937913	SRP591378	new	PRJNA1274439	SAMN48984169	MTN159-v1-stool	MTN159-v1-stool	16S human gut metagenome	AMPLICON	GENOMIC	PCR	paired	ILLUMINA	Illumina MiSeq	The V4 region of the bacterial 16S rRNA gene was amplified in duplicate reactions, using primer set 515F/806R	fastq	MTN159-v1-stool_S60_L001_R1_001.fastq.gz	MTN159-v1-stool_S60_L001_R2_001.fastq.gz				
SRR33937912	SRP591378	new	PRJNA1274439	SAMN48984170	MTN160-v1-stool	MTN160-v1-stool	16S human gut metagenome	AMPLICON	GENOMIC	PCR	paired	ILLUMINA	Illumina MiSeq	The V4 region of the bacterial 16S rRNA gene was amplified in duplicate reactions, using primer set 515F/806R	fastq	MTN160-v1-stool_S86_L001_R1_001.fastq.gz	MTN160-v1-stool_S86_L001_R2_001.fastq.gz				
SRR33937911	SRP591378	new	PRJNA1274439	SAMN48984171	MTN161-v1-stool	MTN161-v1-stool	16S human gut metagenome	AMPLICON	GENOMIC	PCR	paired	ILLUMINA	Illumina MiSeq	The V4 region of the bacterial 16S rRNA gene was amplified in duplicate reactions, using primer set 515F/806R	fastq	MTN161-v1-stool_S19_L001_R1_001.fastq.gz	MTN161-v1-stool_S19_L001_R2_001.fastq.gz				
SRR33937910	SRP591378	new	PRJNA1274439	SAMN48984172	MTN162-v1-stool	MTN162-v1-stool	16S human gut metagenome	AMPLICON	GENOMIC	PCR	paired	ILLUMINA	Illumina MiSeq	The V4 region of the bacterial 16S rRNA gene was amplified in duplicate reactions, using primer set 515F/806R	fastq	MTN162-v1-stool_S4_L001_R1_001.fastq.gz	MTN162-v1-stool_S4_L001_R2_001.fastq.gz				
SRR33937909	SRP591378	new	PRJNA1274439	SAMN48984173	MTN163-v1-stool	MTN163-v1-stool	16S human gut metagenome	AMPLICON	GENOMIC	PCR	paired	ILLUMINA	Illumina MiSeq	The V4 region of the bacterial 16S rRNA gene was amplified in duplicate reactions, using primer set 515F/806R	fastq	MTN163-v1-stool_S145_L001_R1_001.fastq.gz	MTN163-v1-stool_S145_L001_R2_001.fastq.gz				
SRR33937908	SRP591378	new	PRJNA1274439	SAMN48984174	MTN164-v1-stool	MTN164-v1-stool	16S human gut metagenome	AMPLICON	GENOMIC	PCR	paired	ILLUMINA	Illumina MiSeq	The V4 region of the bacterial 16S rRNA gene was amplified in duplicate reactions, using primer set 515F/806R	fastq	MTN164-v1-stool_S66_L001_R1_001.fastq.gz	MTN164-v1-stool_S66_L001_R2_001.fastq.gz				
SRR33937907	SRP591378	new	PRJNA1274439	SAMN48984175	MTN165-v1-stool	MTN165-v1-stool	16S human gut metagenome	AMPLICON	GENOMIC	PCR	paired	ILLUMINA	Illumina MiSeq	The V4 region of the bacterial 16S rRNA gene was amplified in duplicate reactions, using primer set 515F/806R	fastq	MTN165-v1-stool_S178_L001_R1_001.fastq.gz	MTN165-v1-stool_S178_L001_R2_001.fastq.gz				
SRR33937906	SRP591378	new	PRJNA1274439	SAMN48984176	MTN166-v1-stool	MTN166-v1-stool	16S human gut metagenome	AMPLICON	GENOMIC	PCR	paired	ILLUMINA	Illumina MiSeq	The V4 region of the bacterial 16S rRNA gene was amplified in duplicate reactions, using primer set 515F/806R	fastq	MTN166-v1-stool_S8_L001_R1_001.fastq.gz	MTN166-v1-stool_S8_L001_R2_001.fastq.gz				
SRR33937904	SRP591378	new	PRJNA1274439	SAMN48984177	MTN167-v1-stool	MTN167-v1-stool	16S human gut metagenome	AMPLICON	GENOMIC	PCR	paired	ILLUMINA	Illumina MiSeq	The V4 region of the bacterial 16S rRNA gene was amplified in duplicate reactions, using primer set 515F/806R	fastq	MTN167-v1-stool_S106_L001_R1_001.fastq.gz	MTN167-v1-stool_S106_L001_R2_001.fastq.gz				
SRR33937903	SRP591378	new	PRJNA1274439	SAMN48984178	MTN168-v1-stool	MTN168-v1-stool	16S human gut metagenome	AMPLICON	GENOMIC	PCR	paired	ILLUMINA	Illumina MiSeq	The V4 region of the bacterial 16S rRNA gene was amplified in duplicate reactions, using primer set 515F/806R	fastq	MTN168-v1-stool_S107_L001_R1_001.fastq.gz	MTN168-v1-stool_S107_L001_R2_001.fastq.gz				
SRR33937902	SRP591378	new	PRJNA1274439	SAMN48984179	MTN169-v1-stool	MTN169-v1-stool	16S human gut metagenome	AMPLICON	GENOMIC	PCR	paired	ILLUMINA	Illumina MiSeq	The V4 region of the bacterial 16S rRNA gene was amplified in duplicate reactions, using primer set 515F/806R	fastq	MTN169-v1-stool_S74_L001_R1_001.fastq.gz	MTN169-v1-stool_S74_L001_R2_001.fastq.gz				
SRR33937901	SRP591378	new	PRJNA1274439	SAMN48984180	MTN170-v1-stool	MTN170-v1-stool	16S human gut metagenome	AMPLICON	GENOMIC	PCR	paired	ILLUMINA	Illumina MiSeq	The V4 region of the bacterial 16S rRNA gene was amplified in duplicate reactions, using primer set 515F/806R	fastq	MTN170-v1-stool_S153_L001_R1_001.fastq.gz	MTN170-v1-stool_S153_L001_R2_001.fastq.gz				
SRR33937900	SRP591378	new	PRJNA1274439	SAMN48984181	MTN171-v1-stool	MTN171-v1-stool	16S human gut metagenome	AMPLICON	GENOMIC	PCR	paired	ILLUMINA	Illumina MiSeq	The V4 region of the bacterial 16S rRNA gene was amplified in duplicate reactions, using primer set 515F/806R	fastq	MTN171-v1-stool_S49_L001_R1_001.fastq.gz	MTN171-v1-stool_S49_L001_R2_001.fastq.gz				
SRR33937899	SRP591378	new	PRJNA1274439	SAMN48984182	MTN172-v1-stool	MTN172-v1-stool	16S human gut metagenome	AMPLICON	GENOMIC	PCR	paired	ILLUMINA	Illumina MiSeq	The V4 region of the bacterial 16S rRNA gene was amplified in duplicate reactions, using primer set 515F/806R	fastq	MTN172-v1-stool_S185_L001_R1_001.fastq.gz	MTN172-v1-stool_S185_L001_R2_001.fastq.gz				
SRR33937898	SRP591378	new	PRJNA1274439	SAMN48984183	PFND027-v1-stool	PFND027-v1-stool	16S human gut metagenome	AMPLICON	GENOMIC	PCR	paired	ILLUMINA	Illumina MiSeq	The V4 region of the bacterial 16S rRNA gene was amplified in duplicate reactions, using primer set 515F/806R	fastq	PFND027-v1-stool_S65_L001_R1_001.fastq.gz	PFND027-v1-stool_S65_L001_R2_001.fastq.gz				
SRR33937897	SRP591378	new	PRJNA1274439	SAMN48984184	PFND029-v1-stool-a	PFND029-v1-stool-a	16S human gut metagenome	AMPLICON	GENOMIC	PCR	paired	ILLUMINA	Illumina MiSeq	The V4 region of the bacterial 16S rRNA gene was amplified in duplicate reactions, using primer set 515F/806R	fastq	PFND029-v1-stool-a_S41_L001_R1_001.fastq.gz	PFND029-v1-stool-a_S41_L001_R2_001.fastq.gz				
SRR33937896	SRP591378	new	PRJNA1274439	SAMN48984185	PFND029-v1-stool-b	PFND029-v1-stool-b	16S human gut metagenome	AMPLICON	GENOMIC	PCR	paired	ILLUMINA	Illumina MiSeq	The V4 region of the bacterial 16S rRNA gene was amplified in duplicate reactions, using primer set 515F/806R	fastq	PFND029-v1-stool-b_S45_L001_R1_001.fastq.gz	PFND029-v1-stool-b_S45_L001_R2_001.fastq.gz				
SRR33937839	SRP591378	new	PRJNA1274439	SAMN48984186	PFND030-v1-stool	PFND030-v1-stool	16S human gut metagenome	AMPLICON	GENOMIC	PCR	paired	ILLUMINA	Illumina MiSeq	The V4 region of the bacterial 16S rRNA gene was amplified in duplicate reactions, using primer set 515F/806R	fastq	PFND030-v1-stool_S20_L001_R1_001.fastq.gz	PFND030-v1-stool_S20_L001_R2_001.fastq.gz				
SRR33937837	SRP591378	new	PRJNA1274439	SAMN48984187	PFND035-v1-stool	PFND035-v1-stool	16S human gut metagenome	AMPLICON	GENOMIC	PCR	paired	ILLUMINA	Illumina MiSeq	The V4 region of the bacterial 16S rRNA gene was amplified in duplicate reactions, using primer set 515F/806R	fastq	PFND035-v1-stool_S115_L001_R1_001.fastq.gz	PFND035-v1-stool_S115_L001_R2_001.fastq.gz				
SRR33937836	SRP591378	new	PRJNA1274439	SAMN48984188	PFND037-v1-stool	PFND037-v1-stool	16S human gut metagenome	AMPLICON	GENOMIC	PCR	paired	ILLUMINA	Illumina MiSeq	The V4 region of the bacterial 16S rRNA gene was amplified in duplicate reactions, using primer set 515F/806R	fastq	PFND037-v1-stool_S109_L001_R1_001.fastq.gz	PFND037-v1-stool_S109_L001_R2_001.fastq.gz				
SRR33937835	SRP591378	new	PRJNA1274439	SAMN48984189	PFND038-v1-stool	PFND038-v1-stool	16S human gut metagenome	AMPLICON	GENOMIC	PCR	paired	ILLUMINA	Illumina MiSeq	The V4 region of the bacterial 16S rRNA gene was amplified in duplicate reactions, using primer set 515F/806R	fastq	PFND038-v1-stool_S70_L001_R1_001.fastq.gz	PFND038-v1-stool_S70_L001_R2_001.fastq.gz				
SRR33937834	SRP591378	new	PRJNA1274439	SAMN48984190	PFND039-v1-stool	PFND039-v1-stool	16S human gut metagenome	AMPLICON	GENOMIC	PCR	paired	ILLUMINA	Illumina MiSeq	The V4 region of the bacterial 16S rRNA gene was amplified in duplicate reactions, using primer set 515F/806R	fastq	PFND039-v1-stool_S93_L001_R1_001.fastq.gz	PFND039-v1-stool_S93_L001_R2_001.fastq.gz				
SRR33937833	SRP591378	new	PRJNA1274439	SAMN48984191	PFND040-v1-stool	PFND040-v1-stool	16S human gut metagenome	AMPLICON	GENOMIC	PCR	paired	ILLUMINA	Illumina MiSeq	The V4 region of the bacterial 16S rRNA gene was amplified in duplicate reactions, using primer set 515F/806R	fastq	PFND040-v1-stool_S157_L001_R1_001.fastq.gz	PFND040-v1-stool_S157_L001_R2_001.fastq.gz				
SRR33937832	SRP591378	new	PRJNA1274439	SAMN48984192	PFND041-v1-stool	PFND041-v1-stool	16S human gut metagenome	AMPLICON	GENOMIC	PCR	paired	ILLUMINA	Illumina MiSeq	The V4 region of the bacterial 16S rRNA gene was amplified in duplicate reactions, using primer set 515F/806R	fastq	PFND041-v1-stool_S70_L001_R1_001.fastq.gz	PFND041-v1-stool_S70_L001_R2_001.fastq.gz				
SRR33937831	SRP591378	new	PRJNA1274439	SAMN48984193	PFND044-v1-stool	PFND044-v1-stool	16S human gut metagenome	AMPLICON	GENOMIC	PCR	paired	ILLUMINA	Illumina MiSeq	The V4 region of the bacterial 16S rRNA gene was amplified in duplicate reactions, using primer set 515F/806R	fastq	PFND044-v1-stool_S183_L001_R1_001.fastq.gz	PFND044-v1-stool_S183_L001_R2_001.fastq.gz				
SRR33937830	SRP591378	new	PRJNA1274439	SAMN48984194	PFND045-v1-stool	PFND045-v1-stool	16S human gut metagenome	AMPLICON	GENOMIC	PCR	paired	ILLUMINA	Illumina MiSeq	The V4 region of the bacterial 16S rRNA gene was amplified in duplicate reactions, using primer set 515F/806R	fastq	PFND045-v1-stool_S50_L001_R1_001.fastq.gz	PFND045-v1-stool_S50_L001_R2_001.fastq.gz				
SRR33937829	SRP591378	new	PRJNA1274439	SAMN48984195	PFND046-v1-stool	PFND046-v1-stool	16S human gut metagenome	AMPLICON	GENOMIC	PCR	paired	ILLUMINA	Illumina MiSeq	The V4 region of the bacterial 16S rRNA gene was amplified in duplicate reactions, using primer set 515F/806R	fastq	PFND046-v1-stool_S106_L001_R1_001.fastq.gz	PFND046-v1-stool_S106_L001_R2_001.fastq.gz				
SRR33937828	SRP591378	new	PRJNA1274439	SAMN48984196	PFND047-v1-stool	PFND047-v1-stool	16S human gut metagenome	AMPLICON	GENOMIC	PCR	paired	ILLUMINA	Illumina MiSeq	The V4 region of the bacterial 16S rRNA gene was amplified in duplicate reactions, using primer set 515F/806R	fastq	PFND047-v1-stool_S91_L001_R1_001.fastq.gz	PFND047-v1-stool_S91_L001_R2_001.fastq.gz				
SRR33937826	SRP591378	new	PRJNA1274439	SAMN48984197	PFND049-v1-stool	PFND049-v1-stool	16S human gut metagenome	AMPLICON	GENOMIC	PCR	paired	ILLUMINA	Illumina MiSeq	The V4 region of the bacterial 16S rRNA gene was amplified in duplicate reactions, using primer set 515F/806R	fastq	PFND049-v1-stool_S18_L001_R1_001.fastq.gz	PFND049-v1-stool_S18_L001_R2_001.fastq.gz				
SRR33937825	SRP591378	new	PRJNA1274439	SAMN48984198	PFND050-v1-stool	PFND050-v1-stool	16S human gut metagenome	AMPLICON	GENOMIC	PCR	paired	ILLUMINA	Illumina MiSeq	The V4 region of the bacterial 16S rRNA gene was amplified in duplicate reactions, using primer set 515F/806R	fastq	PFND050-v1-stool_S161_L001_R1_001.fastq.gz	PFND050-v1-stool_S161_L001_R2_001.fastq.gz				
SRR33937824	SRP591378	new	PRJNA1274439	SAMN48984199	PFND051-v1-stool	PFND051-v1-stool	16S human gut metagenome	AMPLICON	GENOMIC	PCR	paired	ILLUMINA	Illumina MiSeq	The V4 region of the bacterial 16S rRNA gene was amplified in duplicate reactions, using primer set 515F/806R	fastq	PFND051-v1-stool_S153_L001_R1_001.fastq.gz	PFND051-v1-stool_S153_L001_R2_001.fastq.gz				
SRR33937823	SRP591378	new	PRJNA1274439	SAMN48984200	PFND052-v1-stool	PFND052-v1-stool	16S human gut metagenome	AMPLICON	GENOMIC	PCR	paired	ILLUMINA	Illumina MiSeq	The V4 region of the bacterial 16S rRNA gene was amplified in duplicate reactions, using primer set 515F/806R	fastq	PFND052-v1-stool_S150_L001_R1_001.fastq.gz	PFND052-v1-stool_S150_L001_R2_001.fastq.gz				
SRR33937822	SRP591378	new	PRJNA1274439	SAMN48984201	PFND053-v1-stool	PFND053-v1-stool	16S human gut metagenome	AMPLICON	GENOMIC	PCR	paired	ILLUMINA	Illumina MiSeq	The V4 region of the bacterial 16S rRNA gene was amplified in duplicate reactions, using primer set 515F/806R	fastq	PFND053-v1-stool_S155_L001_R1_001.fastq.gz	PFND053-v1-stool_S155_L001_R2_001.fastq.gz				
SRR33937821	SRP591378	new	PRJNA1274439	SAMN48984202	PFND054-v1-stool	PFND054-v1-stool	16S human gut metagenome	AMPLICON	GENOMIC	PCR	paired	ILLUMINA	Illumina MiSeq	The V4 region of the bacterial 16S rRNA gene was amplified in duplicate reactions, using primer set 515F/806R	fastq	PFND054-v1-stool_S109_L001_R1_001.fastq.gz	PFND054-v1-stool_S109_L001_R2_001.fastq.gz				
SRR33937820	SRP591378	new	PRJNA1274439	SAMN48984203	PFND055-v1-stool	PFND055-v1-stool	16S human gut metagenome	AMPLICON	GENOMIC	PCR	paired	ILLUMINA	Illumina MiSeq	The V4 region of the bacterial 16S rRNA gene was amplified in duplicate reactions, using primer set 515F/806R	fastq	PFND055-v1-stool_S141_L001_R1_001.fastq.gz	PFND055-v1-stool_S141_L001_R2_001.fastq.gz				
SRR33937819	SRP591378	new	PRJNA1274439	SAMN48984204	PFND056-v1-stool	PFND056-v1-stool	16S human gut metagenome	AMPLICON	GENOMIC	PCR	paired	ILLUMINA	Illumina MiSeq	The V4 region of the bacterial 16S rRNA gene was amplified in duplicate reactions, using primer set 515F/806R	fastq	PFND056-v1-stool_S119_L001_R1_001.fastq.gz	PFND056-v1-stool_S119_L001_R2_001.fastq.gz				
SRR33937818	SRP591378	new	PRJNA1274439	SAMN48984205	PFND057-v1-stool	PFND057-v1-stool	16S human gut metagenome	AMPLICON	GENOMIC	PCR	paired	ILLUMINA	Illumina MiSeq	The V4 region of the bacterial 16S rRNA gene was amplified in duplicate reactions, using primer set 515F/806R	fastq	PFND057-v1-stool_S132_L001_R1_001.fastq.gz	PFND057-v1-stool_S132_L001_R2_001.fastq.gz				
SRR33937817	SRP591378	new	PRJNA1274439	SAMN48984206	PFND058-v1-stool	PFND058-v1-stool	16S human gut metagenome	AMPLICON	GENOMIC	PCR	paired	ILLUMINA	Illumina MiSeq	The V4 region of the bacterial 16S rRNA gene was amplified in duplicate reactions, using primer set 515F/806R	fastq	PFND058-v1-stool_S110_L001_R1_001.fastq.gz	PFND058-v1-stool_S110_L001_R2_001.fastq.gz				
SRR33937815	SRP591378	new	PRJNA1274439	SAMN48984207	PFND059-v1-stool	PFND059-v1-stool	16S human gut metagenome	AMPLICON	GENOMIC	PCR	paired	ILLUMINA	Illumina MiSeq	The V4 region of the bacterial 16S rRNA gene was amplified in duplicate reactions, using primer set 515F/806R	fastq	PFND059-v1-stool_S59_L001_R1_001.fastq.gz	PFND059-v1-stool_S59_L001_R2_001.fastq.gz				
SRR33937814	SRP591378	new	PRJNA1274439	SAMN48984208	PFND064-v1-stool	PFND064-v1-stool	16S human gut metagenome	AMPLICON	GENOMIC	PCR	paired	ILLUMINA	Illumina MiSeq	The V4 region of the bacterial 16S rRNA gene was amplified in duplicate reactions, using primer set 515F/806R	fastq	PFND064-v1-stool_S164_L001_R1_001.fastq.gz	PFND064-v1-stool_S164_L001_R2_001.fastq.gz				
SRR33937813	SRP591378	new	PRJNA1274439	SAMN48984209	PFND065-v1-stool	PFND065-v1-stool	16S human gut metagenome	AMPLICON	GENOMIC	PCR	paired	ILLUMINA	Illumina MiSeq	The V4 region of the bacterial 16S rRNA gene was amplified in duplicate reactions, using primer set 515F/806R	fastq	PFND065-v1-stool_S117_L001_R1_001.fastq.gz	PFND065-v1-stool_S117_L001_R2_001.fastq.gz				
SRR33937812	SRP591378	new	PRJNA1274439	SAMN48984210	PFND067-v1-stool	PFND067-v1-stool	16S human gut metagenome	AMPLICON	GENOMIC	PCR	paired	ILLUMINA	Illumina MiSeq	The V4 region of the bacterial 16S rRNA gene was amplified in duplicate reactions, using primer set 515F/806R	fastq	PFND067-v1-stool_S3_L001_R1_001.fastq.gz	PFND067-v1-stool_S3_L001_R2_001.fastq.gz				
SRR33937755	SRP591378	new	PRJNA1274439	SAMN48984211	PFND068-v1-stool	PFND068-v1-stool	16S human gut metagenome	AMPLICON	GENOMIC	PCR	paired	ILLUMINA	Illumina MiSeq	The V4 region of the bacterial 16S rRNA gene was amplified in duplicate reactions, using primer set 515F/806R	fastq	PFND068-v1-stool_S139_L001_R1_001.fastq.gz	PFND068-v1-stool_S139_L001_R2_001.fastq.gz				
SRR33937754	SRP591378	new	PRJNA1274439	SAMN48984212	PFND071-v1-stool	PFND071-v1-stool	16S human gut metagenome	AMPLICON	GENOMIC	PCR	paired	ILLUMINA	Illumina MiSeq	The V4 region of the bacterial 16S rRNA gene was amplified in duplicate reactions, using primer set 515F/806R	fastq	PFND071-v1-stool_S83_L001_R1_001.fastq.gz	PFND071-v1-stool_S83_L001_R2_001.fastq.gz				
SRR33937753	SRP591378	new	PRJNA1274439	SAMN48984213	PFND072-v1-stool	PFND072-v1-stool	16S human gut metagenome	AMPLICON	GENOMIC	PCR	paired	ILLUMINA	Illumina MiSeq	The V4 region of the bacterial 16S rRNA gene was amplified in duplicate reactions, using primer set 515F/806R	fastq	PFND072-v1-stool_S119_L001_R1_001.fastq.gz	PFND072-v1-stool_S119_L001_R2_001.fastq.gz				
SRR33937752	SRP591378	new	PRJNA1274439	SAMN48984214	PFND073-v1-stool	PFND073-v1-stool	16S human gut metagenome	AMPLICON	GENOMIC	PCR	paired	ILLUMINA	Illumina MiSeq	The V4 region of the bacterial 16S rRNA gene was amplified in duplicate reactions, using primer set 515F/806R	fastq	PFND073-v1-stool_S59_L001_R1_001.fastq.gz	PFND073-v1-stool_S59_L001_R2_001.fastq.gz				
SRR33937751	SRP591378	new	PRJNA1274439	SAMN48984215	PFND074-v1-stool	PFND074-v1-stool	16S human gut metagenome	AMPLICON	GENOMIC	PCR	paired	ILLUMINA	Illumina MiSeq	The V4 region of the bacterial 16S rRNA gene was amplified in duplicate reactions, using primer set 515F/806R	fastq	PFND074-v1-stool_S79_L001_R1_001.fastq.gz	PFND074-v1-stool_S79_L001_R2_001.fastq.gz				
SRR33937750	SRP591378	new	PRJNA1274439	SAMN48984216	PFND075-v1-stool	PFND075-v1-stool	16S human gut metagenome	AMPLICON	GENOMIC	PCR	paired	ILLUMINA	Illumina MiSeq	The V4 region of the bacterial 16S rRNA gene was amplified in duplicate reactions, using primer set 515F/806R	fastq	PFND075-v1-stool_S172_L001_R1_001.fastq.gz	PFND075-v1-stool_S172_L001_R2_001.fastq.gz				
SRR33937748	SRP591378	new	PRJNA1274439	SAMN48984217	PFND078-v1-stool	PFND078-v1-stool	16S human gut metagenome	AMPLICON	GENOMIC	PCR	paired	ILLUMINA	Illumina MiSeq	The V4 region of the bacterial 16S rRNA gene was amplified in duplicate reactions, using primer set 515F/806R	fastq	PFND078-v1-stool_S75_L001_R1_001.fastq.gz	PFND078-v1-stool_S75_L001_R2_001.fastq.gz				
SRR33937747	SRP591378	new	PRJNA1274439	SAMN48984218	PFND080-v1-stool	PFND080-v1-stool	16S human gut metagenome	AMPLICON	GENOMIC	PCR	paired	ILLUMINA	Illumina MiSeq	The V4 region of the bacterial 16S rRNA gene was amplified in duplicate reactions, using primer set 515F/806R	fastq	PFND080-v1-stool_S139_L001_R1_001.fastq.gz	PFND080-v1-stool_S139_L001_R2_001.fastq.gz				
SRR33937746	SRP591378	new	PRJNA1274439	SAMN48984219	PFND082-v1-stool	PFND082-v1-stool	16S human gut metagenome	AMPLICON	GENOMIC	PCR	paired	ILLUMINA	Illumina MiSeq	The V4 region of the bacterial 16S rRNA gene was amplified in duplicate reactions, using primer set 515F/806R	fastq	PFND082-v1-stool_S73_L001_R1_001.fastq.gz	PFND082-v1-stool_S73_L001_R2_001.fastq.gz				
SRR33937745	SRP591378	new	PRJNA1274439	SAMN48984220	PFND083-v1-stool	PFND083-v1-stool	16S human gut metagenome	AMPLICON	GENOMIC	PCR	paired	ILLUMINA	Illumina MiSeq	The V4 region of the bacterial 16S rRNA gene was amplified in duplicate reactions, using primer set 515F/806R	fastq	PFND083-v1-stool_S91_L001_R1_001.fastq.gz	PFND083-v1-stool_S91_L001_R2_001.fastq.gz				
SRR33937744	SRP591378	new	PRJNA1274439	SAMN48984221	PFND084-v1-stool	PFND084-v1-stool	16S human gut metagenome	AMPLICON	GENOMIC	PCR	paired	ILLUMINA	Illumina MiSeq	The V4 region of the bacterial 16S rRNA gene was amplified in duplicate reactions, using primer set 515F/806R	fastq	PFND084-v1-stool_S52_L001_R1_001.fastq.gz	PFND084-v1-stool_S52_L001_R2_001.fastq.gz				
SRR33937743	SRP591378	new	PRJNA1274439	SAMN48984222	PFND086-v1-stool	PFND086-v1-stool	16S human gut metagenome	AMPLICON	GENOMIC	PCR	paired	ILLUMINA	Illumina MiSeq	The V4 region of the bacterial 16S rRNA gene was amplified in duplicate reactions, using primer set 515F/806R	fastq	PFND086-v1-stool_S81_L001_R1_001.fastq.gz	PFND086-v1-stool_S81_L001_R2_001.fastq.gz				
SRR33937742	SRP591378	new	PRJNA1274439	SAMN48984223	PFND088-v1-stool	PFND088-v1-stool	16S human gut metagenome	AMPLICON	GENOMIC	PCR	paired	ILLUMINA	Illumina MiSeq	The V4 region of the bacterial 16S rRNA gene was amplified in duplicate reactions, using primer set 515F/806R	fastq	PFND088-v1-stool_S44_L001_R1_001.fastq.gz	PFND088-v1-stool_S44_L001_R2_001.fastq.gz				
SRR33937741	SRP591378	new	PRJNA1274439	SAMN48984224	PFND090-v1-stool	PFND090-v1-stool	16S human gut metagenome	AMPLICON	GENOMIC	PCR	paired	ILLUMINA	Illumina MiSeq	The V4 region of the bacterial 16S rRNA gene was amplified in duplicate reactions, using primer set 515F/806R	fastq	PFND090-v1-stool_S93_L001_R1_001.fastq.gz	PFND090-v1-stool_S93_L001_R2_001.fastq.gz				
SRR33937740	SRP591378	new	PRJNA1274439	SAMN48984225	PFND092-v1-stool	PFND092-v1-stool	16S human gut metagenome	AMPLICON	GENOMIC	PCR	paired	ILLUMINA	Illumina MiSeq	The V4 region of the bacterial 16S rRNA gene was amplified in duplicate reactions, using primer set 515F/806R	fastq	PFND092-v1-stool_S82_L001_R1_001.fastq.gz	PFND092-v1-stool_S82_L001_R2_001.fastq.gz				
SRR33937739	SRP591378	new	PRJNA1274439	SAMN48984226	PFND097-v1-stool	PFND097-v1-stool	16S human gut metagenome	AMPLICON	GENOMIC	PCR	paired	ILLUMINA	Illumina MiSeq	The V4 region of the bacterial 16S rRNA gene was amplified in duplicate reactions, using primer set 515F/806R	fastq	PFND097-v1-stool_S89_L001_R1_001.fastq.gz	PFND097-v1-stool_S89_L001_R2_001.fastq.gz				
SRR33937737	SRP591378	new	PRJNA1274439	SAMN48984227	PFND098-v1-stool	PFND098-v1-stool	16S human gut metagenome	AMPLICON	GENOMIC	PCR	paired	ILLUMINA	Illumina MiSeq	The V4 region of the bacterial 16S rRNA gene was amplified in duplicate reactions, using primer set 515F/806R	fastq	PFND098-v1-stool_S87_L001_R1_001.fastq.gz	PFND098-v1-stool_S87_L001_R2_001.fastq.gz				
SRR33937736	SRP591378	new	PRJNA1274439	SAMN48984228	PFND100-v1-stool	PFND100-v1-stool	16S human gut metagenome	AMPLICON	GENOMIC	PCR	paired	ILLUMINA	Illumina MiSeq	The V4 region of the bacterial 16S rRNA gene was amplified in duplicate reactions, using primer set 515F/806R	fastq	PFND100-v1-stool_S128_L001_R1_001.fastq.gz	PFND100-v1-stool_S128_L001_R2_001.fastq.gz				
SRR33937735	SRP591378	new	PRJNA1274439	SAMN48984229	PFND102-v1-stool	PFND102-v1-stool	16S human gut metagenome	AMPLICON	GENOMIC	PCR	paired	ILLUMINA	Illumina MiSeq	The V4 region of the bacterial 16S rRNA gene was amplified in duplicate reactions, using primer set 515F/806R	fastq	PFND102-v1-stool_S107_L001_R1_001.fastq.gz	PFND102-v1-stool_S107_L001_R2_001.fastq.gz				
SRR33937734	SRP591378	new	PRJNA1274439	SAMN48984230	PFND104-v1-stool	PFND104-v1-stool	16S human gut metagenome	AMPLICON	GENOMIC	PCR	paired	ILLUMINA	Illumina MiSeq	The V4 region of the bacterial 16S rRNA gene was amplified in duplicate reactions, using primer set 515F/806R	fastq	PFND104-v1-stool_S148_L001_R1_001.fastq.gz	PFND104-v1-stool_S148_L001_R2_001.fastq.gz				
SRR33937733	SRP591378	new	PRJNA1274439	SAMN48984231	PFND105-v1-stool	PFND105-v1-stool	16S human gut metagenome	AMPLICON	GENOMIC	PCR	paired	ILLUMINA	Illumina MiSeq	The V4 region of the bacterial 16S rRNA gene was amplified in duplicate reactions, using primer set 515F/806R	fastq	PFND105-v1-stool_S31_L001_R1_001.fastq.gz	PFND105-v1-stool_S31_L001_R2_001.fastq.gz				
SRR33937732	SRP591378	new	PRJNA1274439	SAMN48984232	PFND106-v1-stool	PFND106-v1-stool	16S human gut metagenome	AMPLICON	GENOMIC	PCR	paired	ILLUMINA	Illumina MiSeq	The V4 region of the bacterial 16S rRNA gene was amplified in duplicate reactions, using primer set 515F/806R	fastq	PFND106-v1-stool_S84_L001_R1_001.fastq.gz	PFND106-v1-stool_S84_L001_R2_001.fastq.gz				
SRR33937731	SRP591378	new	PRJNA1274439	SAMN48984233	PFND108-v1-stool	PFND108-v1-stool	16S human gut metagenome	AMPLICON	GENOMIC	PCR	paired	ILLUMINA	Illumina MiSeq	The V4 region of the bacterial 16S rRNA gene was amplified in duplicate reactions, using primer set 515F/806R	fastq	PFND108-v1-stool_S145_L001_R1_001.fastq.gz	PFND108-v1-stool_S145_L001_R2_001.fastq.gz				
SRR33937730	SRP591378	new	PRJNA1274439	SAMN48984234	PFND109-v1-stool	PFND109-v1-stool	16S human gut metagenome	AMPLICON	GENOMIC	PCR	paired	ILLUMINA	Illumina MiSeq	The V4 region of the bacterial 16S rRNA gene was amplified in duplicate reactions, using primer set 515F/806R	fastq	PFND109-v1-stool_S89_L001_R1_001.fastq.gz	PFND109-v1-stool_S89_L001_R2_001.fastq.gz				
SRR33937729	SRP591378	new	PRJNA1274439	SAMN48984235	PFND110-v1-stool	PFND110-v1-stool	16S human gut metagenome	AMPLICON	GENOMIC	PCR	paired	ILLUMINA	Illumina MiSeq	The V4 region of the bacterial 16S rRNA gene was amplified in duplicate reactions, using primer set 515F/806R	fastq	PFND110-v1-stool_S167_L001_R1_001.fastq.gz	PFND110-v1-stool_S167_L001_R2_001.fastq.gz				
SRR33937728	SRP591378	new	PRJNA1274439	SAMN48984236	PFND111-v1-stool	PFND111-v1-stool	16S human gut metagenome	AMPLICON	GENOMIC	PCR	paired	ILLUMINA	Illumina MiSeq	The V4 region of the bacterial 16S rRNA gene was amplified in duplicate reactions, using primer set 515F/806R	fastq	PFND111-v1-stool_S137_L001_R1_001.fastq.gz	PFND111-v1-stool_S137_L001_R2_001.fastq.gz				
SRR33937977	SRP591378	new	PRJNA1274439	SAMN48984237	PFND112-v1-stool	PFND112-v1-stool	16S human gut metagenome	AMPLICON	GENOMIC	PCR	paired	ILLUMINA	Illumina MiSeq	The V4 region of the bacterial 16S rRNA gene was amplified in duplicate reactions, using primer set 515F/806R	fastq	PFND112-v1-stool_S22_L001_R1_001.fastq.gz	PFND112-v1-stool_S22_L001_R2_001.fastq.gz				
SRR33937976	SRP591378	new	PRJNA1274439	SAMN48984238	PFND113-v1-stool	PFND113-v1-stool	16S human gut metagenome	AMPLICON	GENOMIC	PCR	paired	ILLUMINA	Illumina MiSeq	The V4 region of the bacterial 16S rRNA gene was amplified in duplicate reactions, using primer set 515F/806R	fastq	PFND113-v1-stool_S29_L001_R1_001.fastq.gz	PFND113-v1-stool_S29_L001_R2_001.fastq.gz				
SRR33937975	SRP591378	new	PRJNA1274439	SAMN48984239	PFND115-v1-stool	PFND115-v1-stool	16S human gut metagenome	AMPLICON	GENOMIC	PCR	paired	ILLUMINA	Illumina MiSeq	The V4 region of the bacterial 16S rRNA gene was amplified in duplicate reactions, using primer set 515F/806R	fastq	PFND115-v1-stool_S51_L001_R1_001.fastq.gz	PFND115-v1-stool_S51_L001_R2_001.fastq.gz				
SRR33937974	SRP591378	new	PRJNA1274439	SAMN48984240	PFND116-v1-stool	PFND116-v1-stool	16S human gut metagenome	AMPLICON	GENOMIC	PCR	paired	ILLUMINA	Illumina MiSeq	The V4 region of the bacterial 16S rRNA gene was amplified in duplicate reactions, using primer set 515F/806R	fastq	PFND116-v1-stool_S5_L001_R1_001.fastq.gz	PFND116-v1-stool_S5_L001_R2_001.fastq.gz				
SRR33937973	SRP591378	new	PRJNA1274439	SAMN48984241	PFND117-v1-stool	PFND117-v1-stool	16S human gut metagenome	AMPLICON	GENOMIC	PCR	paired	ILLUMINA	Illumina MiSeq	The V4 region of the bacterial 16S rRNA gene was amplified in duplicate reactions, using primer set 515F/806R	fastq	PFND117-v1-stool_S154_L001_R1_001.fastq.gz	PFND117-v1-stool_S154_L001_R2_001.fastq.gz				
SRR33937972	SRP591378	new	PRJNA1274439	SAMN48984242	PFND118-v1-stool	PFND118-v1-stool	16S human gut metagenome	AMPLICON	GENOMIC	PCR	paired	ILLUMINA	Illumina MiSeq	The V4 region of the bacterial 16S rRNA gene was amplified in duplicate reactions, using primer set 515F/806R	fastq	PFND118-v1-stool_S68_L001_R1_001.fastq.gz	PFND118-v1-stool_S68_L001_R2_001.fastq.gz				
SRR33937971	SRP591378	new	PRJNA1274439	SAMN48984243	PFND121-v1-stool	PFND121-v1-stool	16S human gut metagenome	AMPLICON	GENOMIC	PCR	paired	ILLUMINA	Illumina MiSeq	The V4 region of the bacterial 16S rRNA gene was amplified in duplicate reactions, using primer set 515F/806R	fastq	PFND121-v1-stool_S100_L001_R1_001.fastq.gz	PFND121-v1-stool_S100_L001_R2_001.fastq.gz				
SRR33937970	SRP591378	new	PRJNA1274439	SAMN48984244	PFND122-v1-stool	PFND122-v1-stool	16S human gut metagenome	AMPLICON	GENOMIC	PCR	paired	ILLUMINA	Illumina MiSeq	The V4 region of the bacterial 16S rRNA gene was amplified in duplicate reactions, using primer set 515F/806R	fastq	PFND122-v1-stool_S46_L001_R1_001.fastq.gz	PFND122-v1-stool_S46_L001_R2_001.fastq.gz				
SRR33937969	SRP591378	new	PRJNA1274439	SAMN48984245	PFND123-v1-stool	PFND123-v1-stool	16S human gut metagenome	AMPLICON	GENOMIC	PCR	paired	ILLUMINA	Illumina MiSeq	The V4 region of the bacterial 16S rRNA gene was amplified in duplicate reactions, using primer set 515F/806R	fastq	PFND123-v1-stool_S40_L001_R1_001.fastq.gz	PFND123-v1-stool_S40_L001_R2_001.fastq.gz				
SRR33937968	SRP591378	new	PRJNA1274439	SAMN48984246	PFND124-v1-stool	PFND124-v1-stool	16S human gut metagenome	AMPLICON	GENOMIC	PCR	paired	ILLUMINA	Illumina MiSeq	The V4 region of the bacterial 16S rRNA gene was amplified in duplicate reactions, using primer set 515F/806R	fastq	PFND124-v1-stool_S17_L001_R1_001.fastq.gz	PFND124-v1-stool_S17_L001_R2_001.fastq.gz				
SRR33937966	SRP591378	new	PRJNA1274439	SAMN48984247	PFND128-v1-stool	PFND128-v1-stool	16S human gut metagenome	AMPLICON	GENOMIC	PCR	paired	ILLUMINA	Illumina MiSeq	The V4 region of the bacterial 16S rRNA gene was amplified in duplicate reactions, using primer set 515F/806R	fastq	PFND128-v1-stool_S101_L001_R1_001.fastq.gz	PFND128-v1-stool_S101_L001_R2_001.fastq.gz				
SRR33937965	SRP591378	new	PRJNA1274439	SAMN48984248	PFND131-v1-stool	PFND131-v1-stool	16S human gut metagenome	AMPLICON	GENOMIC	PCR	paired	ILLUMINA	Illumina MiSeq	The V4 region of the bacterial 16S rRNA gene was amplified in duplicate reactions, using primer set 515F/806R	fastq	PFND131-v1-stool_S180_L001_R1_001.fastq.gz	PFND131-v1-stool_S180_L001_R2_001.fastq.gz				
SRR33937964	SRP591378	new	PRJNA1274439	SAMN48984249	PFND132-v1-stool	PFND132-v1-stool	16S human gut metagenome	AMPLICON	GENOMIC	PCR	paired	ILLUMINA	Illumina MiSeq	The V4 region of the bacterial 16S rRNA gene was amplified in duplicate reactions, using primer set 515F/806R	fastq	PFND132-v1-stool_S143_L001_R1_001.fastq.gz	PFND132-v1-stool_S143_L001_R2_001.fastq.gz				
SRR33937963	SRP591378	new	PRJNA1274439	SAMN48984250	PFND134-v1-stool	PFND134-v1-stool	16S human gut metagenome	AMPLICON	GENOMIC	PCR	paired	ILLUMINA	Illumina MiSeq	The V4 region of the bacterial 16S rRNA gene was amplified in duplicate reactions, using primer set 515F/806R	fastq	PFND134-v1-stool_S64_L001_R1_001.fastq.gz	PFND134-v1-stool_S64_L001_R2_001.fastq.gz				
SRR33937962	SRP591378	new	PRJNA1274439	SAMN48984251	PFND135-v1-stool	PFND135-v1-stool	16S human gut metagenome	AMPLICON	GENOMIC	PCR	paired	ILLUMINA	Illumina MiSeq	The V4 region of the bacterial 16S rRNA gene was amplified in duplicate reactions, using primer set 515F/806R	fastq	PFND135-v1-stool_S98_L001_R1_001.fastq.gz	PFND135-v1-stool_S98_L001_R2_001.fastq.gz				
SRR33937961	SRP591378	new	PRJNA1274439	SAMN48984252	PFND136-v1-stool	PFND136-v1-stool	16S human gut metagenome	AMPLICON	GENOMIC	PCR	paired	ILLUMINA	Illumina MiSeq	The V4 region of the bacterial 16S rRNA gene was amplified in duplicate reactions, using primer set 515F/806R	fastq	PFND136-v1-stool_S86_L001_R1_001.fastq.gz	PFND136-v1-stool_S86_L001_R2_001.fastq.gz				
SRR33937960	SRP591378	new	PRJNA1274439	SAMN48984253	PFND137-v1-stool	PFND137-v1-stool	16S human gut metagenome	AMPLICON	GENOMIC	PCR	paired	ILLUMINA	Illumina MiSeq	The V4 region of the bacterial 16S rRNA gene was amplified in duplicate reactions, using primer set 515F/806R	fastq	PFND137-v1-stool_S21_L001_R1_001.fastq.gz	PFND137-v1-stool_S21_L001_R2_001.fastq.gz				
SRR33937959	SRP591378	new	PRJNA1274439	SAMN48984254	PFND141-v1-stool	PFND141-v1-stool	16S human gut metagenome	AMPLICON	GENOMIC	PCR	paired	ILLUMINA	Illumina MiSeq	The V4 region of the bacterial 16S rRNA gene was amplified in duplicate reactions, using primer set 515F/806R	fastq	PFND141-v1-stool_S163_L001_R1_001.fastq.gz	PFND141-v1-stool_S163_L001_R2_001.fastq.gz				
SRR33937958	SRP591378	new	PRJNA1274439	SAMN48984255	PFND144-v1-stool	PFND144-v1-stool	16S human gut metagenome	AMPLICON	GENOMIC	PCR	paired	ILLUMINA	Illumina MiSeq	The V4 region of the bacterial 16S rRNA gene was amplified in duplicate reactions, using primer set 515F/806R	fastq	PFND144-v1-stool_S159_L001_R1_001.fastq.gz	PFND144-v1-stool_S159_L001_R2_001.fastq.gz				
SRR33937957	SRP591378	new	PRJNA1274439	SAMN48984256	PFND145-v1-stool	PFND145-v1-stool	16S human gut metagenome	AMPLICON	GENOMIC	PCR	paired	ILLUMINA	Illumina MiSeq	The V4 region of the bacterial 16S rRNA gene was amplified in duplicate reactions, using primer set 515F/806R	fastq	PFND145-v1-stool_S1_L001_R1_001.fastq.gz	PFND145-v1-stool_S1_L001_R2_001.fastq.gz				
SRR33937955	SRP591378	new	PRJNA1274439	SAMN48984257	PFND146-v1-stool	PFND146-v1-stool	16S human gut metagenome	AMPLICON	GENOMIC	PCR	paired	ILLUMINA	Illumina MiSeq	The V4 region of the bacterial 16S rRNA gene was amplified in duplicate reactions, using primer set 515F/806R	fastq	PFND146-v1-stool_S26_L001_R1_001.fastq.gz	PFND146-v1-stool_S26_L001_R2_001.fastq.gz				
SRR33937954	SRP591378	new	PRJNA1274439	SAMN48984258	PFND147-v1-stool	PFND147-v1-stool	16S human gut metagenome	AMPLICON	GENOMIC	PCR	paired	ILLUMINA	Illumina MiSeq	The V4 region of the bacterial 16S rRNA gene was amplified in duplicate reactions, using primer set 515F/806R	fastq	PFND147-v1-stool_S93_L001_R1_001.fastq.gz	PFND147-v1-stool_S93_L001_R2_001.fastq.gz				
SRR33937953	SRP591378	new	PRJNA1274439	SAMN48984259	PFND148-v1-stool	PFND148-v1-stool	16S human gut metagenome	AMPLICON	GENOMIC	PCR	paired	ILLUMINA	Illumina MiSeq	The V4 region of the bacterial 16S rRNA gene was amplified in duplicate reactions, using primer set 515F/806R	fastq	PFND148-v1-stool_S172_L001_R1_001.fastq.gz	PFND148-v1-stool_S172_L001_R2_001.fastq.gz				
SRR33937952	SRP591378	new	PRJNA1274439	SAMN48984260	PFND150-v1-stool	PFND150-v1-stool	16S human gut metagenome	AMPLICON	GENOMIC	PCR	paired	ILLUMINA	Illumina MiSeq	The V4 region of the bacterial 16S rRNA gene was amplified in duplicate reactions, using primer set 515F/806R	fastq	PFND150-v1-stool_S102_L001_R1_001.fastq.gz	PFND150-v1-stool_S102_L001_R2_001.fastq.gz				
SRR33937895	SRP591378	new	PRJNA1274439	SAMN48984261	PFND152-v1-stool	PFND152-v1-stool	16S human gut metagenome	AMPLICON	GENOMIC	PCR	paired	ILLUMINA	Illumina MiSeq	The V4 region of the bacterial 16S rRNA gene was amplified in duplicate reactions, using primer set 515F/806R	fastq	PFND152-v1-stool_S58_L001_R1_001.fastq.gz	PFND152-v1-stool_S58_L001_R2_001.fastq.gz				
SRR33937894	SRP591378	new	PRJNA1274439	SAMN48984262	PFND154-v1-stool	PFND154-v1-stool	16S human gut metagenome	AMPLICON	GENOMIC	PCR	paired	ILLUMINA	Illumina MiSeq	The V4 region of the bacterial 16S rRNA gene was amplified in duplicate reactions, using primer set 515F/806R	fastq	PFND154-v1-stool_S169_L001_R1_001.fastq.gz	PFND154-v1-stool_S169_L001_R2_001.fastq.gz				
SRR33937893	SRP591378	new	PRJNA1274439	SAMN48984263	PFND155-v1-stool	PFND155-v1-stool	16S human gut metagenome	AMPLICON	GENOMIC	PCR	paired	ILLUMINA	Illumina MiSeq	The V4 region of the bacterial 16S rRNA gene was amplified in duplicate reactions, using primer set 515F/806R	fastq	PFND155-v1-stool_S91_L001_R1_001.fastq.gz	PFND155-v1-stool_S91_L001_R2_001.fastq.gz				
SRR33937892	SRP591378	new	PRJNA1274439	SAMN48984264	PFND156-v1-stool	PFND156-v1-stool	16S human gut metagenome	AMPLICON	GENOMIC	PCR	paired	ILLUMINA	Illumina MiSeq	The V4 region of the bacterial 16S rRNA gene was amplified in duplicate reactions, using primer set 515F/806R	fastq	PFND156-v1-stool_S7_L001_R1_001.fastq.gz	PFND156-v1-stool_S7_L001_R2_001.fastq.gz				
SRR33937891	SRP591378	new	PRJNA1274439	SAMN48984265	PFND159-v1-stool	PFND159-v1-stool	16S human gut metagenome	AMPLICON	GENOMIC	PCR	paired	ILLUMINA	Illumina MiSeq	The V4 region of the bacterial 16S rRNA gene was amplified in duplicate reactions, using primer set 515F/806R	fastq	PFND159-v1-stool_S6_L001_R1_001.fastq.gz	PFND159-v1-stool_S6_L001_R2_001.fastq.gz				
SRR33937890	SRP591378	new	PRJNA1274439	SAMN48984266	PFND162-v1-stool	PFND162-v1-stool	16S human gut metagenome	AMPLICON	GENOMIC	PCR	paired	ILLUMINA	Illumina MiSeq	The V4 region of the bacterial 16S rRNA gene was amplified in duplicate reactions, using primer set 515F/806R	fastq	PFND162-v1-stool_S105_L001_R1_001.fastq.gz	PFND162-v1-stool_S105_L001_R2_001.fastq.gz				
SRR33937888	SRP591378	new	PRJNA1274439	SAMN48984267	PFND164-v1-stool	PFND164-v1-stool	16S human gut metagenome	AMPLICON	GENOMIC	PCR	paired	ILLUMINA	Illumina MiSeq	The V4 region of the bacterial 16S rRNA gene was amplified in duplicate reactions, using primer set 515F/806R	fastq	PFND164-v1-stool_S72_L001_R1_001.fastq.gz	PFND164-v1-stool_S72_L001_R2_001.fastq.gz				
SRR33937887	SRP591378	new	PRJNA1274439	SAMN48984268	PFND165-v1-stool	PFND165-v1-stool	16S human gut metagenome	AMPLICON	GENOMIC	PCR	paired	ILLUMINA	Illumina MiSeq	The V4 region of the bacterial 16S rRNA gene was amplified in duplicate reactions, using primer set 515F/806R	fastq	PFND165-v1-stool_S77_L001_R1_001.fastq.gz	PFND165-v1-stool_S77_L001_R2_001.fastq.gz				
SRR33937886	SRP591378	new	PRJNA1274439	SAMN48984269	PFND169-v1-stool	PFND169-v1-stool	16S human gut metagenome	AMPLICON	GENOMIC	PCR	paired	ILLUMINA	Illumina MiSeq	The V4 region of the bacterial 16S rRNA gene was amplified in duplicate reactions, using primer set 515F/806R	fastq	PFND169-v1-stool_S166_L001_R1_001.fastq.gz	PFND169-v1-stool_S166_L001_R2_001.fastq.gz				
SRR33937885	SRP591378	new	PRJNA1274439	SAMN48984270	PFND171-v1-stool	PFND171-v1-stool	16S human gut metagenome	AMPLICON	GENOMIC	PCR	paired	ILLUMINA	Illumina MiSeq	The V4 region of the bacterial 16S rRNA gene was amplified in duplicate reactions, using primer set 515F/806R	fastq	PFND171-v1-stool_S72_L001_R1_001.fastq.gz	PFND171-v1-stool_S72_L001_R2_001.fastq.gz				
SRR33937884	SRP591378	new	PRJNA1274439	SAMN48984271	PFND174-v1-stool	PFND174-v1-stool	16S human gut metagenome	AMPLICON	GENOMIC	PCR	paired	ILLUMINA	Illumina MiSeq	The V4 region of the bacterial 16S rRNA gene was amplified in duplicate reactions, using primer set 515F/806R	fastq	PFND174-v1-stool_S164_L001_R1_001.fastq.gz	PFND174-v1-stool_S164_L001_R2_001.fastq.gz				
SRR33937883	SRP591378	new	PRJNA1274439	SAMN48984272	PFND175-v1-stool	PFND175-v1-stool	16S human gut metagenome	AMPLICON	GENOMIC	PCR	paired	ILLUMINA	Illumina MiSeq	The V4 region of the bacterial 16S rRNA gene was amplified in duplicate reactions, using primer set 515F/806R	fastq	PFND175-v1-stool_S130_L001_R1_001.fastq.gz	PFND175-v1-stool_S130_L001_R2_001.fastq.gz				
SRR33937882	SRP591378	new	PRJNA1274439	SAMN48984273	PFND176-v1-stool	PFND176-v1-stool	16S human gut metagenome	AMPLICON	GENOMIC	PCR	paired	ILLUMINA	Illumina MiSeq	The V4 region of the bacterial 16S rRNA gene was amplified in duplicate reactions, using primer set 515F/806R	fastq	PFND176-v1-stool_S128_L001_R1_001.fastq.gz	PFND176-v1-stool_S128_L001_R2_001.fastq.gz				
SRR33937881	SRP591378	new	PRJNA1274439	SAMN48984274	PFND177-v1-stool	PFND177-v1-stool	16S human gut metagenome	AMPLICON	GENOMIC	PCR	paired	ILLUMINA	Illumina MiSeq	The V4 region of the bacterial 16S rRNA gene was amplified in duplicate reactions, using primer set 515F/806R	fastq	PFND177-v1-stool_S179_L001_R1_001.fastq.gz	PFND177-v1-stool_S179_L001_R2_001.fastq.gz				
SRR33937880	SRP591378	new	PRJNA1274439	SAMN48984275	PFND178-v1-stool	PFND178-v1-stool	16S human gut metagenome	AMPLICON	GENOMIC	PCR	paired	ILLUMINA	Illumina MiSeq	The V4 region of the bacterial 16S rRNA gene was amplified in duplicate reactions, using primer set 515F/806R	fastq	PFND178-v1-stool_S32_L001_R1_001.fastq.gz	PFND178-v1-stool_S32_L001_R2_001.fastq.gz				
SRR33937879	SRP591378	new	PRJNA1274439	SAMN48984276	PFND179-v1-stool	PFND179-v1-stool	16S human gut metagenome	AMPLICON	GENOMIC	PCR	paired	ILLUMINA	Illumina MiSeq	The V4 region of the bacterial 16S rRNA gene was amplified in duplicate reactions, using primer set 515F/806R	fastq	PFND179-v1-stool_S115_L001_R1_001.fastq.gz	PFND179-v1-stool_S115_L001_R2_001.fastq.gz				
SRR33937877	SRP591378	new	PRJNA1274439	SAMN48984277	PFND183-v1-stool	PFND183-v1-stool	16S human gut metagenome	AMPLICON	GENOMIC	PCR	paired	ILLUMINA	Illumina MiSeq	The V4 region of the bacterial 16S rRNA gene was amplified in duplicate reactions, using primer set 515F/806R	fastq	PFND183-v1-stool_S117_L001_R1_001.fastq.gz	PFND183-v1-stool_S117_L001_R2_001.fastq.gz				
SRR33937876	SRP591378	new	PRJNA1274439	SAMN48984278	PFND184-v1-stool	PFND184-v1-stool	16S human gut metagenome	AMPLICON	GENOMIC	PCR	paired	ILLUMINA	Illumina MiSeq	The V4 region of the bacterial 16S rRNA gene was amplified in duplicate reactions, using primer set 515F/806R	fastq	PFND184-v1-stool_S34_L001_R1_001.fastq.gz	PFND184-v1-stool_S34_L001_R2_001.fastq.gz				
SRR33937875	SRP591378	new	PRJNA1274439	SAMN48984279	PFND185-v1-stool	PFND185-v1-stool	16S human gut metagenome	AMPLICON	GENOMIC	PCR	paired	ILLUMINA	Illumina MiSeq	The V4 region of the bacterial 16S rRNA gene was amplified in duplicate reactions, using primer set 515F/806R	fastq	PFND185-v1-stool_S173_L001_R1_001.fastq.gz	PFND185-v1-stool_S173_L001_R2_001.fastq.gz				
SRR33937874	SRP591378	new	PRJNA1274439	SAMN48984280	PFND186-v1-stool	PFND186-v1-stool	16S human gut metagenome	AMPLICON	GENOMIC	PCR	paired	ILLUMINA	Illumina MiSeq	The V4 region of the bacterial 16S rRNA gene was amplified in duplicate reactions, using primer set 515F/806R	fastq	PFND186-v1-stool_S71_L001_R1_001.fastq.gz	PFND186-v1-stool_S71_L001_R2_001.fastq.gz				
SRR33937873	SRP591378	new	PRJNA1274439	SAMN48984281	PFND187-v1-stool	PFND187-v1-stool	16S human gut metagenome	AMPLICON	GENOMIC	PCR	paired	ILLUMINA	Illumina MiSeq	The V4 region of the bacterial 16S rRNA gene was amplified in duplicate reactions, using primer set 515F/806R	fastq	PFND187-v1-stool_S150_L001_R1_001.fastq.gz	PFND187-v1-stool_S150_L001_R2_001.fastq.gz				
SRR33937872	SRP591378	new	PRJNA1274439	SAMN48984282	PFND188-v1-stool	PFND188-v1-stool	16S human gut metagenome	AMPLICON	GENOMIC	PCR	paired	ILLUMINA	Illumina MiSeq	The V4 region of the bacterial 16S rRNA gene was amplified in duplicate reactions, using primer set 515F/806R	fastq	PFND188-v1-stool_S105_L001_R1_001.fastq.gz	PFND188-v1-stool_S105_L001_R2_001.fastq.gz				
SRR33937871	SRP591378	new	PRJNA1274439	SAMN48984283	PFND189-v1-stool	PFND189-v1-stool	16S human gut metagenome	AMPLICON	GENOMIC	PCR	paired	ILLUMINA	Illumina MiSeq	The V4 region of the bacterial 16S rRNA gene was amplified in duplicate reactions, using primer set 515F/806R	fastq	PFND189-v1-stool_S159_L001_R1_001.fastq.gz	PFND189-v1-stool_S159_L001_R2_001.fastq.gz				
SRR33937870	SRP591378	new	PRJNA1274439	SAMN48984284	PFND190-v1-stool	PFND190-v1-stool	16S human gut metagenome	AMPLICON	GENOMIC	PCR	paired	ILLUMINA	Illumina MiSeq	The V4 region of the bacterial 16S rRNA gene was amplified in duplicate reactions, using primer set 515F/806R	fastq	PFND190-v1-stool_S12_L001_R1_001.fastq.gz	PFND190-v1-stool_S12_L001_R2_001.fastq.gz				
SRR33937869	SRP591378	new	PRJNA1274439	SAMN48984285	PFND191-v1-stool	PFND191-v1-stool	16S human gut metagenome	AMPLICON	GENOMIC	PCR	paired	ILLUMINA	Illumina MiSeq	The V4 region of the bacterial 16S rRNA gene was amplified in duplicate reactions, using primer set 515F/806R	fastq	PFND191-v1-stool_S50_L001_R1_001.fastq.gz	PFND191-v1-stool_S50_L001_R2_001.fastq.gz				
SRR33937868	SRP591378	new	PRJNA1274439	SAMN48984286	PFND192-v1-stool	PFND192-v1-stool	16S human gut metagenome	AMPLICON	GENOMIC	PCR	paired	ILLUMINA	Illumina MiSeq	The V4 region of the bacterial 16S rRNA gene was amplified in duplicate reactions, using primer set 515F/806R	fastq	PFND192-v1-stool_S112_L001_R1_001.fastq.gz	PFND192-v1-stool_S112_L001_R2_001.fastq.gz				
SRR33937810	SRP591378	new	PRJNA1274439	SAMN48984287	PFND194-v1-stool	PFND194-v1-stool	16S human gut metagenome	AMPLICON	GENOMIC	PCR	paired	ILLUMINA	Illumina MiSeq	The V4 region of the bacterial 16S rRNA gene was amplified in duplicate reactions, using primer set 515F/806R	fastq	PFND194-v1-stool_S26_L001_R1_001.fastq.gz	PFND194-v1-stool_S26_L001_R2_001.fastq.gz				
SRR33937809	SRP591378	new	PRJNA1274439	SAMN48984288	PFND195-v1-stool	PFND195-v1-stool	16S human gut metagenome	AMPLICON	GENOMIC	PCR	paired	ILLUMINA	Illumina MiSeq	The V4 region of the bacterial 16S rRNA gene was amplified in duplicate reactions, using primer set 515F/806R	fastq	PFND195-v1-stool_S97_L001_R1_001.fastq.gz	PFND195-v1-stool_S97_L001_R2_001.fastq.gz				
SRR33937808	SRP591378	new	PRJNA1274439	SAMN48984289	PFND196-v1-stool	PFND196-v1-stool	16S human gut metagenome	AMPLICON	GENOMIC	PCR	paired	ILLUMINA	Illumina MiSeq	The V4 region of the bacterial 16S rRNA gene was amplified in duplicate reactions, using primer set 515F/806R	fastq	PFND196-v1-stool_S35_L001_R1_001.fastq.gz	PFND196-v1-stool_S35_L001_R2_001.fastq.gz				
SRR33937807	SRP591378	new	PRJNA1274439	SAMN48984290	PFND197-v1-stool	PFND197-v1-stool	16S human gut metagenome	AMPLICON	GENOMIC	PCR	paired	ILLUMINA	Illumina MiSeq	The V4 region of the bacterial 16S rRNA gene was amplified in duplicate reactions, using primer set 515F/806R	fastq	PFND197-v1-stool_S54_L001_R1_001.fastq.gz	PFND197-v1-stool_S54_L001_R2_001.fastq.gz				
SRR33937806	SRP591378	new	PRJNA1274439	SAMN48984291	PFND199-v1-stool	PFND199-v1-stool	16S human gut metagenome	AMPLICON	GENOMIC	PCR	paired	ILLUMINA	Illumina MiSeq	The V4 region of the bacterial 16S rRNA gene was amplified in duplicate reactions, using primer set 515F/806R	fastq	PFND199-v1-stool_S132_L001_R1_001.fastq.gz	PFND199-v1-stool_S132_L001_R2_001.fastq.gz				
SRR33937805	SRP591378	new	PRJNA1274439	SAMN48984292	PFND200-v1-stool	PFND200-v1-stool	16S human gut metagenome	AMPLICON	GENOMIC	PCR	paired	ILLUMINA	Illumina MiSeq	The V4 region of the bacterial 16S rRNA gene was amplified in duplicate reactions, using primer set 515F/806R	fastq	PFND200-v1-stool_S169_L001_R1_001.fastq.gz	PFND200-v1-stool_S169_L001_R2_001.fastq.gz				
SRR33937804	SRP591378	new	PRJNA1274439	SAMN48984293	PFND202-v1-stool	PFND202-v1-stool	16S human gut metagenome	AMPLICON	GENOMIC	PCR	paired	ILLUMINA	Illumina MiSeq	The V4 region of the bacterial 16S rRNA gene was amplified in duplicate reactions, using primer set 515F/806R	fastq	PFND202-v1-stool_S189_L001_R1_001.fastq.gz	PFND202-v1-stool_S189_L001_R2_001.fastq.gz				
SRR33937803	SRP591378	new	PRJNA1274439	SAMN48984294	PFND204-v1-stool	PFND204-v1-stool	16S human gut metagenome	AMPLICON	GENOMIC	PCR	paired	ILLUMINA	Illumina MiSeq	The V4 region of the bacterial 16S rRNA gene was amplified in duplicate reactions, using primer set 515F/806R	fastq	PFND204-v1-stool_S131_L001_R1_001.fastq.gz	PFND204-v1-stool_S131_L001_R2_001.fastq.gz				
SRR33937802	SRP591378	new	PRJNA1274439	SAMN48984295	PFND206-v1-stool	PFND206-v1-stool	16S human gut metagenome	AMPLICON	GENOMIC	PCR	paired	ILLUMINA	Illumina MiSeq	The V4 region of the bacterial 16S rRNA gene was amplified in duplicate reactions, using primer set 515F/806R	fastq	PFND206-v1-stool_S132_L001_R1_001.fastq.gz	PFND206-v1-stool_S132_L001_R2_001.fastq.gz				
SRR33937801	SRP591378	new	PRJNA1274439	SAMN48984296	PFND207-v1-stool	PFND207-v1-stool	16S human gut metagenome	AMPLICON	GENOMIC	PCR	paired	ILLUMINA	Illumina MiSeq	The V4 region of the bacterial 16S rRNA gene was amplified in duplicate reactions, using primer set 515F/806R	fastq	PFND207-v1-stool_S100_L001_R1_001.fastq.gz	PFND207-v1-stool_S100_L001_R2_001.fastq.gz				
SRR33937799	SRP591378	new	PRJNA1274439	SAMN48984297	PFND208-v1-stool	PFND208-v1-stool	16S human gut metagenome	AMPLICON	GENOMIC	PCR	paired	ILLUMINA	Illumina MiSeq	The V4 region of the bacterial 16S rRNA gene was amplified in duplicate reactions, using primer set 515F/806R	fastq	PFND208-v1-stool_S37_L001_R1_001.fastq.gz	PFND208-v1-stool_S37_L001_R2_001.fastq.gz				
SRR33937798	SRP591378	new	PRJNA1274439	SAMN48984298	PFND211-v1-stool	PFND211-v1-stool	16S human gut metagenome	AMPLICON	GENOMIC	PCR	paired	ILLUMINA	Illumina MiSeq	The V4 region of the bacterial 16S rRNA gene was amplified in duplicate reactions, using primer set 515F/806R	fastq	PFND211-v1-stool_S77_L001_R1_001.fastq.gz	PFND211-v1-stool_S77_L001_R2_001.fastq.gz				
SRR33937797	SRP591378	new	PRJNA1274439	SAMN48984299	PFND216-v1-stool	PFND216-v1-stool	16S human gut metagenome	AMPLICON	GENOMIC	PCR	paired	ILLUMINA	Illumina MiSeq	The V4 region of the bacterial 16S rRNA gene was amplified in duplicate reactions, using primer set 515F/806R	fastq	PFND216-v1-stool_S10_L001_R1_001.fastq.gz	PFND216-v1-stool_S10_L001_R2_001.fastq.gz				
SRR33937796	SRP591378	new	PRJNA1274439	SAMN48984300	PFND217-v1-stool	PFND217-v1-stool	16S human gut metagenome	AMPLICON	GENOMIC	PCR	paired	ILLUMINA	Illumina MiSeq	The V4 region of the bacterial 16S rRNA gene was amplified in duplicate reactions, using primer set 515F/806R	fastq	PFND217-v1-stool_S1_L001_R1_001.fastq.gz	PFND217-v1-stool_S1_L001_R2_001.fastq.gz				
SRR33937795	SRP591378	new	PRJNA1274439	SAMN48984301	PFND218-v1-stool	PFND218-v1-stool	16S human gut metagenome	AMPLICON	GENOMIC	PCR	paired	ILLUMINA	Illumina MiSeq	The V4 region of the bacterial 16S rRNA gene was amplified in duplicate reactions, using primer set 515F/806R	fastq	PFND218-v1-stool_S84_L001_R1_001.fastq.gz	PFND218-v1-stool_S84_L001_R2_001.fastq.gz				
SRR33937794	SRP591378	new	PRJNA1274439	SAMN48984302	PFND221-v1-stool	PFND221-v1-stool	16S human gut metagenome	AMPLICON	GENOMIC	PCR	paired	ILLUMINA	Illumina MiSeq	The V4 region of the bacterial 16S rRNA gene was amplified in duplicate reactions, using primer set 515F/806R	fastq	PFND221-v1-stool_S70_L001_R1_001.fastq.gz	PFND221-v1-stool_S70_L001_R2_001.fastq.gz				
SRR33937793	SRP591378	new	PRJNA1274439	SAMN48984303	PFND222-v1-stool	PFND222-v1-stool	16S human gut metagenome	AMPLICON	GENOMIC	PCR	paired	ILLUMINA	Illumina MiSeq	The V4 region of the bacterial 16S rRNA gene was amplified in duplicate reactions, using primer set 515F/806R	fastq	PFND222-v1-stool_S53_L001_R1_001.fastq.gz	PFND222-v1-stool_S53_L001_R2_001.fastq.gz				
SRR33937792	SRP591378	new	PRJNA1274439	SAMN48984304	PFND223-v1-stool	PFND223-v1-stool	16S human gut metagenome	AMPLICON	GENOMIC	PCR	paired	ILLUMINA	Illumina MiSeq	The V4 region of the bacterial 16S rRNA gene was amplified in duplicate reactions, using primer set 515F/806R	fastq	PFND223-v1-stool_S27_L001_R1_001.fastq.gz	PFND223-v1-stool_S27_L001_R2_001.fastq.gz				
SRR33937791	SRP591378	new	PRJNA1274439	SAMN48984305	PFND224-v1-stool	PFND224-v1-stool	16S human gut metagenome	AMPLICON	GENOMIC	PCR	paired	ILLUMINA	Illumina MiSeq	The V4 region of the bacterial 16S rRNA gene was amplified in duplicate reactions, using primer set 515F/806R	fastq	PFND224-v1-stool_S104_L001_R1_001.fastq.gz	PFND224-v1-stool_S104_L001_R2_001.fastq.gz				
SRR33937790	SRP591378	new	PRJNA1274439	SAMN48984306	PFND226-v1-stool	PFND226-v1-stool	16S human gut metagenome	AMPLICON	GENOMIC	PCR	paired	ILLUMINA	Illumina MiSeq	The V4 region of the bacterial 16S rRNA gene was amplified in duplicate reactions, using primer set 515F/806R	fastq	PFND226-v1-stool_S70_L001_R1_001.fastq.gz	PFND226-v1-stool_S70_L001_R2_001.fastq.gz				
SRR33937788	SRP591378	new	PRJNA1274439	SAMN48984307	PFND227-v1-stool	PFND227-v1-stool	16S human gut metagenome	AMPLICON	GENOMIC	PCR	paired	ILLUMINA	Illumina MiSeq	The V4 region of the bacterial 16S rRNA gene was amplified in duplicate reactions, using primer set 515F/806R	fastq	PFND227-v1-stool_S78_L001_R1_001.fastq.gz	PFND227-v1-stool_S78_L001_R2_001.fastq.gz				
SRR33937787	SRP591378	new	PRJNA1274439	SAMN48984308	PFND229-v1-stool	PFND229-v1-stool	16S human gut metagenome	AMPLICON	GENOMIC	PCR	paired	ILLUMINA	Illumina MiSeq	The V4 region of the bacterial 16S rRNA gene was amplified in duplicate reactions, using primer set 515F/806R	fastq	PFND229-v1-stool_S53_L001_R1_001.fastq.gz	PFND229-v1-stool_S53_L001_R2_001.fastq.gz				
SRR33937786	SRP591378	new	PRJNA1274439	SAMN48984309	PFND230-v1-stool	PFND230-v1-stool	16S human gut metagenome	AMPLICON	GENOMIC	PCR	paired	ILLUMINA	Illumina MiSeq	The V4 region of the bacterial 16S rRNA gene was amplified in duplicate reactions, using primer set 515F/806R	fastq	PFND230-v1-stool_S44_L001_R1_001.fastq.gz	PFND230-v1-stool_S44_L001_R2_001.fastq.gz				
SRR33937785	SRP591378	new	PRJNA1274439	SAMN48984310	PFND232-v1-stool	PFND232-v1-stool	16S human gut metagenome	AMPLICON	GENOMIC	PCR	paired	ILLUMINA	Illumina MiSeq	The V4 region of the bacterial 16S rRNA gene was amplified in duplicate reactions, using primer set 515F/806R	fastq	PFND232-v1-stool_S165_L001_R1_001.fastq.gz	PFND232-v1-stool_S165_L001_R2_001.fastq.gz				
SRR33937784	SRP591378	new	PRJNA1274439	SAMN48984311	PFND233-v1-stool	PFND233-v1-stool	16S human gut metagenome	AMPLICON	GENOMIC	PCR	paired	ILLUMINA	Illumina MiSeq	The V4 region of the bacterial 16S rRNA gene was amplified in duplicate reactions, using primer set 515F/806R	fastq	PFND233-v1-stool_S45_L001_R1_001.fastq.gz	PFND233-v1-stool_S45_L001_R2_001.fastq.gz				
SRR33937727	SRP591378	new	PRJNA1274439	SAMN48984312	PFND234-v1-stool	PFND234-v1-stool	16S human gut metagenome	AMPLICON	GENOMIC	PCR	paired	ILLUMINA	Illumina MiSeq	The V4 region of the bacterial 16S rRNA gene was amplified in duplicate reactions, using primer set 515F/806R	fastq	PFND234-v1-stool_S87_L001_R1_001.fastq.gz	PFND234-v1-stool_S87_L001_R2_001.fastq.gz				
SRR33937726	SRP591378	new	PRJNA1274439	SAMN48984313	PFND235-v1-stool	PFND235-v1-stool	16S human gut metagenome	AMPLICON	GENOMIC	PCR	paired	ILLUMINA	Illumina MiSeq	The V4 region of the bacterial 16S rRNA gene was amplified in duplicate reactions, using primer set 515F/806R	fastq	PFND235-v1-stool_S20_L001_R1_001.fastq.gz	PFND235-v1-stool_S20_L001_R2_001.fastq.gz				
SRR33937725	SRP591378	new	PRJNA1274439	SAMN48984314	PFND236-v1-stool	PFND236-v1-stool	16S human gut metagenome	AMPLICON	GENOMIC	PCR	paired	ILLUMINA	Illumina MiSeq	The V4 region of the bacterial 16S rRNA gene was amplified in duplicate reactions, using primer set 515F/806R	fastq	PFND236-v1-stool_S43_L001_R1_001.fastq.gz	PFND236-v1-stool_S43_L001_R2_001.fastq.gz				
SRR33937724	SRP591378	new	PRJNA1274439	SAMN48984315	PFND237-v1-stool	PFND237-v1-stool	16S human gut metagenome	AMPLICON	GENOMIC	PCR	paired	ILLUMINA	Illumina MiSeq	The V4 region of the bacterial 16S rRNA gene was amplified in duplicate reactions, using primer set 515F/806R	fastq	PFND237-v1-stool_S143_L001_R1_001.fastq.gz	PFND237-v1-stool_S143_L001_R2_001.fastq.gz				
SRR33937723	SRP591378	new	PRJNA1274439	SAMN48984316	PFND238-v1-stool	PFND238-v1-stool	16S human gut metagenome	AMPLICON	GENOMIC	PCR	paired	ILLUMINA	Illumina MiSeq	The V4 region of the bacterial 16S rRNA gene was amplified in duplicate reactions, using primer set 515F/806R	fastq	PFND238-v1-stool_S116_L001_R1_001.fastq.gz	PFND238-v1-stool_S116_L001_R2_001.fastq.gz				
SRR33937721	SRP591378	new	PRJNA1274439	SAMN48984317	PFND239-v1-stool	PFND239-v1-stool	16S human gut metagenome	AMPLICON	GENOMIC	PCR	paired	ILLUMINA	Illumina MiSeq	The V4 region of the bacterial 16S rRNA gene was amplified in duplicate reactions, using primer set 515F/806R	fastq	PFND239-v1-stool_S148_L001_R1_001.fastq.gz	PFND239-v1-stool_S148_L001_R2_001.fastq.gz				
SRR33937720	SRP591378	new	PRJNA1274439	SAMN48984318	PFND240-v1-stool	PFND240-v1-stool	16S human gut metagenome	AMPLICON	GENOMIC	PCR	paired	ILLUMINA	Illumina MiSeq	The V4 region of the bacterial 16S rRNA gene was amplified in duplicate reactions, using primer set 515F/806R	fastq	PFND240-v1-stool_S168_L001_R1_001.fastq.gz	PFND240-v1-stool_S168_L001_R2_001.fastq.gz				
SRR33937719	SRP591378	new	PRJNA1274439	SAMN48984319	PFND241-v1-stool	PFND241-v1-stool	16S human gut metagenome	AMPLICON	GENOMIC	PCR	paired	ILLUMINA	Illumina MiSeq	The V4 region of the bacterial 16S rRNA gene was amplified in duplicate reactions, using primer set 515F/806R	fastq	PFND241-v1-stool_S64_L001_R1_001.fastq.gz	PFND241-v1-stool_S64_L001_R2_001.fastq.gz				
SRR33937718	SRP591378	new	PRJNA1274439	SAMN48984320	PFND245-v1-stool	PFND245-v1-stool	16S human gut metagenome	AMPLICON	GENOMIC	PCR	paired	ILLUMINA	Illumina MiSeq	The V4 region of the bacterial 16S rRNA gene was amplified in duplicate reactions, using primer set 515F/806R	fastq	PFND245-v1-stool_S61_L001_R1_001.fastq.gz	PFND245-v1-stool_S61_L001_R2_001.fastq.gz				
SRR33937717	SRP591378	new	PRJNA1274439	SAMN48984321	PFND247-v1-stool	PFND247-v1-stool	16S human gut metagenome	AMPLICON	GENOMIC	PCR	paired	ILLUMINA	Illumina MiSeq	The V4 region of the bacterial 16S rRNA gene was amplified in duplicate reactions, using primer set 515F/806R	fastq	PFND247-v1-stool_S9_L001_R1_001.fastq.gz	PFND247-v1-stool_S9_L001_R2_001.fastq.gz				
SRR33937716	SRP591378	new	PRJNA1274439	SAMN48984322	PFND248-v1-stool	PFND248-v1-stool	16S human gut metagenome	AMPLICON	GENOMIC	PCR	paired	ILLUMINA	Illumina MiSeq	The V4 region of the bacterial 16S rRNA gene was amplified in duplicate reactions, using primer set 515F/806R	fastq	PFND248-v1-stool_S186_L001_R1_001.fastq.gz	PFND248-v1-stool_S186_L001_R2_001.fastq.gz				
SRR33937715	SRP591378	new	PRJNA1274439	SAMN48984323	PFND249-v1-stool	PFND249-v1-stool	16S human gut metagenome	AMPLICON	GENOMIC	PCR	paired	ILLUMINA	Illumina MiSeq	The V4 region of the bacterial 16S rRNA gene was amplified in duplicate reactions, using primer set 515F/806R	fastq	PFND249-v1-stool_S122_L001_R1_001.fastq.gz	PFND249-v1-stool_S122_L001_R2_001.fastq.gz				
SRR33937714	SRP591378	new	PRJNA1274439	SAMN48984324	PFND252-v1-stool	PFND252-v1-stool	16S human gut metagenome	AMPLICON	GENOMIC	PCR	paired	ILLUMINA	Illumina MiSeq	The V4 region of the bacterial 16S rRNA gene was amplified in duplicate reactions, using primer set 515F/806R	fastq	PFND252-v1-stool_S167_L001_R1_001.fastq.gz	PFND252-v1-stool_S167_L001_R2_001.fastq.gz				
SRR33937713	SRP591378	new	PRJNA1274439	SAMN48984325	PFND254-v1-stool	PFND254-v1-stool	16S human gut metagenome	AMPLICON	GENOMIC	PCR	paired	ILLUMINA	Illumina MiSeq	The V4 region of the bacterial 16S rRNA gene was amplified in duplicate reactions, using primer set 515F/806R	fastq	PFND254-v1-stool_S126_L001_R1_001.fastq.gz	PFND254-v1-stool_S126_L001_R2_001.fastq.gz				
SRR33937712	SRP591378	new	PRJNA1274439	SAMN48984326	PFND255-v1-stool	PFND255-v1-stool	16S human gut metagenome	AMPLICON	GENOMIC	PCR	paired	ILLUMINA	Illumina MiSeq	The V4 region of the bacterial 16S rRNA gene was amplified in duplicate reactions, using primer set 515F/806R	fastq	PFND255-v1-stool_S54_L001_R1_001.fastq.gz	PFND255-v1-stool_S54_L001_R2_001.fastq.gz				
SRR33937678	SRP591378	new	PRJNA1274439	SAMN48984327	PFND256-v1-stool	PFND256-v1-stool	16S human gut metagenome	AMPLICON	GENOMIC	PCR	paired	ILLUMINA	Illumina MiSeq	The V4 region of the bacterial 16S rRNA gene was amplified in duplicate reactions, using primer set 515F/806R	fastq	PFND256-v1-stool_S12_L001_R1_001.fastq.gz	PFND256-v1-stool_S12_L001_R2_001.fastq.gz				
SRR33937710	SRP591378	new	PRJNA1274439	SAMN48984328	PFND257-v1-stool	PFND257-v1-stool	16S human gut metagenome	AMPLICON	GENOMIC	PCR	paired	ILLUMINA	Illumina MiSeq	The V4 region of the bacterial 16S rRNA gene was amplified in duplicate reactions, using primer set 515F/806R	fastq	PFND257-v1-stool_S150_L001_R1_001.fastq.gz	PFND257-v1-stool_S150_L001_R2_001.fastq.gz				
SRR33937709	SRP591378	new	PRJNA1274439	SAMN48984329	PFND258-v1-stool	PFND258-v1-stool	16S human gut metagenome	AMPLICON	GENOMIC	PCR	paired	ILLUMINA	Illumina MiSeq	The V4 region of the bacterial 16S rRNA gene was amplified in duplicate reactions, using primer set 515F/806R	fastq	PFND258-v1-stool_S68_L001_R1_001.fastq.gz	PFND258-v1-stool_S68_L001_R2_001.fastq.gz				
SRR33937708	SRP591378	new	PRJNA1274439	SAMN48984330	PFND261-v1-stool	PFND261-v1-stool	16S human gut metagenome	AMPLICON	GENOMIC	PCR	paired	ILLUMINA	Illumina MiSeq	The V4 region of the bacterial 16S rRNA gene was amplified in duplicate reactions, using primer set 515F/806R	fastq	PFND261-v1-stool_S16_L001_R1_001.fastq.gz	PFND261-v1-stool_S16_L001_R2_001.fastq.gz				
SRR33937707	SRP591378	new	PRJNA1274439	SAMN48984331	PFND262-v1-stool	PFND262-v1-stool	16S human gut metagenome	AMPLICON	GENOMIC	PCR	paired	ILLUMINA	Illumina MiSeq	The V4 region of the bacterial 16S rRNA gene was amplified in duplicate reactions, using primer set 515F/806R	fastq	PFND262-v1-stool_S48_L001_R1_001.fastq.gz	PFND262-v1-stool_S48_L001_R2_001.fastq.gz				
SRR33937706	SRP591378	new	PRJNA1274439	SAMN48984332	PFND265-v1-stool	PFND265-v1-stool	16S human gut metagenome	AMPLICON	GENOMIC	PCR	paired	ILLUMINA	Illumina MiSeq	The V4 region of the bacterial 16S rRNA gene was amplified in duplicate reactions, using primer set 515F/806R	fastq	PFND265-v1-stool_S54_L001_R1_001.fastq.gz	PFND265-v1-stool_S54_L001_R2_001.fastq.gz				
SRR33937705	SRP591378	new	PRJNA1274439	SAMN48984333	PFND267-v1-stool	PFND267-v1-stool	16S human gut metagenome	AMPLICON	GENOMIC	PCR	paired	ILLUMINA	Illumina MiSeq	The V4 region of the bacterial 16S rRNA gene was amplified in duplicate reactions, using primer set 515F/806R	fastq	PFND267-v1-stool_S64_L001_R1_001.fastq.gz	PFND267-v1-stool_S64_L001_R2_001.fastq.gz				
SRR33937704	SRP591378	new	PRJNA1274439	SAMN48984334	PFND273-v1-stool	PFND273-v1-stool	16S human gut metagenome	AMPLICON	GENOMIC	PCR	paired	ILLUMINA	Illumina MiSeq	The V4 region of the bacterial 16S rRNA gene was amplified in duplicate reactions, using primer set 515F/806R	fastq	PFND273-v1-stool_S26_L001_R1_001.fastq.gz	PFND273-v1-stool_S26_L001_R2_001.fastq.gz				
SRR33937703	SRP591378	new	PRJNA1274439	SAMN48984335	PFND276-v1-stool	PFND276-v1-stool	16S human gut metagenome	AMPLICON	GENOMIC	PCR	paired	ILLUMINA	Illumina MiSeq	The V4 region of the bacterial 16S rRNA gene was amplified in duplicate reactions, using primer set 515F/806R	fastq	PFND276-v1-stool_S136_L001_R1_001.fastq.gz	PFND276-v1-stool_S136_L001_R2_001.fastq.gz				
SRR33937702	SRP591378	new	PRJNA1274439	SAMN48984336	PFND278-v1-stool	PFND278-v1-stool	16S human gut metagenome	AMPLICON	GENOMIC	PCR	paired	ILLUMINA	Illumina MiSeq	The V4 region of the bacterial 16S rRNA gene was amplified in duplicate reactions, using primer set 515F/806R	fastq	PFND278-v1-stool_S10_L001_R1_001.fastq.gz	PFND278-v1-stool_S10_L001_R2_001.fastq.gz				
SRR33937950	SRP591378	new	PRJNA1274439	SAMN48984337	PFND282-v1-stool-a	PFND282-v1-stool-a	16S human gut metagenome	AMPLICON	GENOMIC	PCR	paired	ILLUMINA	Illumina MiSeq	The V4 region of the bacterial 16S rRNA gene was amplified in duplicate reactions, using primer set 515F/806R	fastq	PFND282-v1-stool-a_S146_L001_R1_001.fastq.gz	PFND282-v1-stool-a_S146_L001_R2_001.fastq.gz				
SRR33937949	SRP591378	new	PRJNA1274439	SAMN48984338	PFND282-v1-stool-b	PFND282-v1-stool-b	16S human gut metagenome	AMPLICON	GENOMIC	PCR	paired	ILLUMINA	Illumina MiSeq	The V4 region of the bacterial 16S rRNA gene was amplified in duplicate reactions, using primer set 515F/806R	fastq	PFND282-v1-stool-b_S146_L001_R1_001.fastq.gz	PFND282-v1-stool-b_S146_L001_R2_001.fastq.gz				
SRR33937948	SRP591378	new	PRJNA1274439	SAMN48984339	PFND283-v1-stool	PFND283-v1-stool	16S human gut metagenome	AMPLICON	GENOMIC	PCR	paired	ILLUMINA	Illumina MiSeq	The V4 region of the bacterial 16S rRNA gene was amplified in duplicate reactions, using primer set 515F/806R	fastq	PFND283-v1-stool_S94_L001_R1_001.fastq.gz	PFND283-v1-stool_S94_L001_R2_001.fastq.gz				
SRR33937947	SRP591378	new	PRJNA1274439	SAMN48984340	PFND286-v1-stool	PFND286-v1-stool	16S human gut metagenome	AMPLICON	GENOMIC	PCR	paired	ILLUMINA	Illumina MiSeq	The V4 region of the bacterial 16S rRNA gene was amplified in duplicate reactions, using primer set 515F/806R	fastq	PFND286-v1-stool_S142_L001_R1_001.fastq.gz	PFND286-v1-stool_S142_L001_R2_001.fastq.gz				
SRR33937946	SRP591378	new	PRJNA1274439	SAMN48984341	PFND287-v1-stool	PFND287-v1-stool	16S human gut metagenome	AMPLICON	GENOMIC	PCR	paired	ILLUMINA	Illumina MiSeq	The V4 region of the bacterial 16S rRNA gene was amplified in duplicate reactions, using primer set 515F/806R	fastq	PFND287-v1-stool_S58_L001_R1_001.fastq.gz	PFND287-v1-stool_S58_L001_R2_001.fastq.gz				
SRR33937945	SRP591378	new	PRJNA1274439	SAMN48984342	PFND288-v1-stool	PFND288-v1-stool	16S human gut metagenome	AMPLICON	GENOMIC	PCR	paired	ILLUMINA	Illumina MiSeq	The V4 region of the bacterial 16S rRNA gene was amplified in duplicate reactions, using primer set 515F/806R	fastq	PFND288-v1-stool_S148_L001_R1_001.fastq.gz	PFND288-v1-stool_S148_L001_R2_001.fastq.gz				
SRR33937944	SRP591378	new	PRJNA1274439	SAMN48984343	PFND289-v1-stool	PFND289-v1-stool	16S human gut metagenome	AMPLICON	GENOMIC	PCR	paired	ILLUMINA	Illumina MiSeq	The V4 region of the bacterial 16S rRNA gene was amplified in duplicate reactions, using primer set 515F/806R	fastq	PFND289-v1-stool_S21_L001_R1_001.fastq.gz	PFND289-v1-stool_S21_L001_R2_001.fastq.gz				
SRR33937943	SRP591378	new	PRJNA1274439	SAMN48984344	PFND290-v1-stool	PFND290-v1-stool	16S human gut metagenome	AMPLICON	GENOMIC	PCR	paired	ILLUMINA	Illumina MiSeq	The V4 region of the bacterial 16S rRNA gene was amplified in duplicate reactions, using primer set 515F/806R	fastq	PFND290-v1-stool_S59_L001_R1_001.fastq.gz	PFND290-v1-stool_S59_L001_R2_001.fastq.gz				
SRR33937942	SRP591378	new	PRJNA1274439	SAMN48984345	PFND294-v1-stool	PFND294-v1-stool	16S human gut metagenome	AMPLICON	GENOMIC	PCR	paired	ILLUMINA	Illumina MiSeq	The V4 region of the bacterial 16S rRNA gene was amplified in duplicate reactions, using primer set 515F/806R	fastq	PFND294-v1-stool_S8_L001_R1_001.fastq.gz	PFND294-v1-stool_S8_L001_R2_001.fastq.gz				
SRR33937941	SRP591378	new	PRJNA1274439	SAMN48984346	PFND296-v1-stool	PFND296-v1-stool	16S human gut metagenome	AMPLICON	GENOMIC	PCR	paired	ILLUMINA	Illumina MiSeq	The V4 region of the bacterial 16S rRNA gene was amplified in duplicate reactions, using primer set 515F/806R	fastq	PFND296-v1-stool_S29_L001_R1_001.fastq.gz	PFND296-v1-stool_S29_L001_R2_001.fastq.gz				
SRR33937939	SRP591378	new	PRJNA1274439	SAMN48984347	PFND298-v1-stool	PFND298-v1-stool	16S human gut metagenome	AMPLICON	GENOMIC	PCR	paired	ILLUMINA	Illumina MiSeq	The V4 region of the bacterial 16S rRNA gene was amplified in duplicate reactions, using primer set 515F/806R	fastq	PFND298-v1-stool_S28_L001_R1_001.fastq.gz	PFND298-v1-stool_S28_L001_R2_001.fastq.gz				
SRR33937938	SRP591378	new	PRJNA1274439	SAMN48984348	PFND301-v1-stool	PFND301-v1-stool	16S human gut metagenome	AMPLICON	GENOMIC	PCR	paired	ILLUMINA	Illumina MiSeq	The V4 region of the bacterial 16S rRNA gene was amplified in duplicate reactions, using primer set 515F/806R	fastq	PFND301-v1-stool_S83_L001_R1_001.fastq.gz	PFND301-v1-stool_S83_L001_R2_001.fastq.gz				
SRR33937937	SRP591378	new	PRJNA1274439	SAMN48984349	PFND303-v1-stool	PFND303-v1-stool	16S human gut metagenome	AMPLICON	GENOMIC	PCR	paired	ILLUMINA	Illumina MiSeq	The V4 region of the bacterial 16S rRNA gene was amplified in duplicate reactions, using primer set 515F/806R	fastq	PFND303-v1-stool_S157_L001_R1_001.fastq.gz	PFND303-v1-stool_S157_L001_R2_001.fastq.gz				
SRR33937936	SRP591378	new	PRJNA1274439	SAMN48984350	PFND305-v1-stool	PFND305-v1-stool	16S human gut metagenome	AMPLICON	GENOMIC	PCR	paired	ILLUMINA	Illumina MiSeq	The V4 region of the bacterial 16S rRNA gene was amplified in duplicate reactions, using primer set 515F/806R	fastq	PFND305-v1-stool_S51_L001_R1_001.fastq.gz	PFND305-v1-stool_S51_L001_R2_001.fastq.gz				
SRR33937935	SRP591378	new	PRJNA1274439	SAMN48984351	PFND307-v1-stool	PFND307-v1-stool	16S human gut metagenome	AMPLICON	GENOMIC	PCR	paired	ILLUMINA	Illumina MiSeq	The V4 region of the bacterial 16S rRNA gene was amplified in duplicate reactions, using primer set 515F/806R	fastq	PFND307-v1-stool_S175_L001_R1_001.fastq.gz	PFND307-v1-stool_S175_L001_R2_001.fastq.gz				
SRR33937934	SRP591378	new	PRJNA1274439	SAMN48984352	PFND308-v1-stool	PFND308-v1-stool	16S human gut metagenome	AMPLICON	GENOMIC	PCR	paired	ILLUMINA	Illumina MiSeq	The V4 region of the bacterial 16S rRNA gene was amplified in duplicate reactions, using primer set 515F/806R	fastq	PFND308-v1-stool_S56_L001_R1_001.fastq.gz	PFND308-v1-stool_S56_L001_R2_001.fastq.gz				
SRR33937933	SRP591378	new	PRJNA1274439	SAMN48984353	PFND312-v1-stool	PFND312-v1-stool	16S human gut metagenome	AMPLICON	GENOMIC	PCR	paired	ILLUMINA	Illumina MiSeq	The V4 region of the bacterial 16S rRNA gene was amplified in duplicate reactions, using primer set 515F/806R	fastq	PFND312-v1-stool_S113_L001_R1_001.fastq.gz	PFND312-v1-stool_S113_L001_R2_001.fastq.gz				
SRR33937932	SRP591378	new	PRJNA1274439	SAMN48984354	PFND318-v1-stool	PFND318-v1-stool	16S human gut metagenome	AMPLICON	GENOMIC	PCR	paired	ILLUMINA	Illumina MiSeq	The V4 region of the bacterial 16S rRNA gene was amplified in duplicate reactions, using primer set 515F/806R	fastq	PFND318-v1-stool_S11_L001_R1_001.fastq.gz	PFND318-v1-stool_S11_L001_R2_001.fastq.gz				
SRR33937931	SRP591378	new	PRJNA1274439	SAMN48984355	PFND321-v1-stool	PFND321-v1-stool	16S human gut metagenome	AMPLICON	GENOMIC	PCR	paired	ILLUMINA	Illumina MiSeq	The V4 region of the bacterial 16S rRNA gene was amplified in duplicate reactions, using primer set 515F/806R	fastq	PFND321-v1-stool_S30_L001_R1_001.fastq.gz	PFND321-v1-stool_S30_L001_R2_001.fastq.gz				
SRR33937930	SRP591378	new	PRJNA1274439	SAMN48984356	PFND345-v1-stool	PFND345-v1-stool	16S human gut metagenome	AMPLICON	GENOMIC	PCR	paired	ILLUMINA	Illumina MiSeq	The V4 region of the bacterial 16S rRNA gene was amplified in duplicate reactions, using primer set 515F/806R	fastq	PFND345-v1-stool_S56_L001_R1_001.fastq.gz	PFND345-v1-stool_S56_L001_R2_001.fastq.gz				
SRR33937928	SRP591378	new	PRJNA1274439	SAMN48984357	PFND347-v1-stool	PFND347-v1-stool	16S human gut metagenome	AMPLICON	GENOMIC	PCR	paired	ILLUMINA	Illumina MiSeq	The V4 region of the bacterial 16S rRNA gene was amplified in duplicate reactions, using primer set 515F/806R	fastq	PFND347-v1-stool_S65_L001_R1_001.fastq.gz	PFND347-v1-stool_S65_L001_R2_001.fastq.gz				
SRR33937927	SRP591378	new	PRJNA1274439	SAMN48984358	PFND365-v1-stool	PFND365-v1-stool	16S human gut metagenome	AMPLICON	GENOMIC	PCR	paired	ILLUMINA	Illumina MiSeq	The V4 region of the bacterial 16S rRNA gene was amplified in duplicate reactions, using primer set 515F/806R	fastq	PFND365-v1-stool_S55_L001_R1_001.fastq.gz	PFND365-v1-stool_S55_L001_R2_001.fastq.gz				
SRR33937926	SRP591378	new	PRJNA1274439	SAMN48984359	PFND371-v1-stool	PFND371-v1-stool	16S human gut metagenome	AMPLICON	GENOMIC	PCR	paired	ILLUMINA	Illumina MiSeq	The V4 region of the bacterial 16S rRNA gene was amplified in duplicate reactions, using primer set 515F/806R	fastq	PFND371-v1-stool_S46_L001_R1_001.fastq.gz	PFND371-v1-stool_S46_L001_R2_001.fastq.gz				
SRR33937925	SRP591378	new	PRJNA1274439	SAMN48984360	PFND372-v1-stool	PFND372-v1-stool	16S human gut metagenome	AMPLICON	GENOMIC	PCR	paired	ILLUMINA	Illumina MiSeq	The V4 region of the bacterial 16S rRNA gene was amplified in duplicate reactions, using primer set 515F/806R	fastq	PFND372-v1-stool_S109_L001_R1_001.fastq.gz	PFND372-v1-stool_S109_L001_R2_001.fastq.gz				
SRR33937924	SRP591378	new	PRJNA1274439	SAMN48984361	PFND377-v1-stool	PFND377-v1-stool	16S human gut metagenome	AMPLICON	GENOMIC	PCR	paired	ILLUMINA	Illumina MiSeq	The V4 region of the bacterial 16S rRNA gene was amplified in duplicate reactions, using primer set 515F/806R	fastq	PFND377-v1-stool_S18_L001_R1_001.fastq.gz	PFND377-v1-stool_S18_L001_R2_001.fastq.gz				
SRR33937867	SRP591378	new	PRJNA1274439	SAMN48984362	PFND382-v1-stool	PFND382-v1-stool	16S human gut metagenome	AMPLICON	GENOMIC	PCR	paired	ILLUMINA	Illumina MiSeq	The V4 region of the bacterial 16S rRNA gene was amplified in duplicate reactions, using primer set 515F/806R	fastq	PFND382-v1-stool_S54_L001_R1_001.fastq.gz	PFND382-v1-stool_S54_L001_R2_001.fastq.gz				
SRR33937866	SRP591378	new	PRJNA1274439	SAMN48984363	PFND392-v1-stool	PFND392-v1-stool	16S human gut metagenome	AMPLICON	GENOMIC	PCR	paired	ILLUMINA	Illumina MiSeq	The V4 region of the bacterial 16S rRNA gene was amplified in duplicate reactions, using primer set 515F/806R	fastq	PFND392-v1-stool_S91_L001_R1_001.fastq.gz	PFND392-v1-stool_S91_L001_R2_001.fastq.gz				
SRR33937865	SRP591378	new	PRJNA1274439	SAMN48984364	PFND398-v1-stool	PFND398-v1-stool	16S human gut metagenome	AMPLICON	GENOMIC	PCR	paired	ILLUMINA	Illumina MiSeq	The V4 region of the bacterial 16S rRNA gene was amplified in duplicate reactions, using primer set 515F/806R	fastq	PFND398-v1-stool_S61_L001_R1_001.fastq.gz	PFND398-v1-stool_S61_L001_R2_001.fastq.gz				
SRR33937864	SRP591378	new	PRJNA1274439	SAMN48984365	PFND399-v1-stool	PFND399-v1-stool	16S human gut metagenome	AMPLICON	GENOMIC	PCR	paired	ILLUMINA	Illumina MiSeq	The V4 region of the bacterial 16S rRNA gene was amplified in duplicate reactions, using primer set 515F/806R	fastq	PFND399-v1-stool_S35_L001_R1_001.fastq.gz	PFND399-v1-stool_S35_L001_R2_001.fastq.gz				
SRR33937863	SRP591378	new	PRJNA1274439	SAMN48984366	PFND400-v1-stool	PFND400-v1-stool	16S human gut metagenome	AMPLICON	GENOMIC	PCR	paired	ILLUMINA	Illumina MiSeq	The V4 region of the bacterial 16S rRNA gene was amplified in duplicate reactions, using primer set 515F/806R	fastq	PFND400-v1-stool_S157_L001_R1_001.fastq.gz	PFND400-v1-stool_S157_L001_R2_001.fastq.gz				
SRR33937861	SRP591378	new	PRJNA1274439	SAMN48984367	PFND420-v1-stool	PFND420-v1-stool	16S human gut metagenome	AMPLICON	GENOMIC	PCR	paired	ILLUMINA	Illumina MiSeq	The V4 region of the bacterial 16S rRNA gene was amplified in duplicate reactions, using primer set 515F/806R	fastq	PFND420-v1-stool_S94_L001_R1_001.fastq.gz	PFND420-v1-stool_S94_L001_R2_001.fastq.gz				
SRR33937860	SRP591378	new	PRJNA1274439	SAMN48984368	PFND427-v1-stool	PFND427-v1-stool	16S human gut metagenome	AMPLICON	GENOMIC	PCR	paired	ILLUMINA	Illumina MiSeq	The V4 region of the bacterial 16S rRNA gene was amplified in duplicate reactions, using primer set 515F/806R	fastq	PFND427-v1-stool_S102_L001_R1_001.fastq.gz	PFND427-v1-stool_S102_L001_R2_001.fastq.gz				
SRR33937859	SRP591378	new	PRJNA1274439	SAMN48984369	PFND429-v1-stool	PFND429-v1-stool	16S human gut metagenome	AMPLICON	GENOMIC	PCR	paired	ILLUMINA	Illumina MiSeq	The V4 region of the bacterial 16S rRNA gene was amplified in duplicate reactions, using primer set 515F/806R	fastq	PFND429-v1-stool_S40_L001_R1_001.fastq.gz	PFND429-v1-stool_S40_L001_R2_001.fastq.gz				
SRR33937858	SRP591378	new	PRJNA1274439	SAMN48984370	PFND435-v1-stool	PFND435-v1-stool	16S human gut metagenome	AMPLICON	GENOMIC	PCR	paired	ILLUMINA	Illumina MiSeq	The V4 region of the bacterial 16S rRNA gene was amplified in duplicate reactions, using primer set 515F/806R	fastq	PFND435-v1-stool_S151_L001_R1_001.fastq.gz	PFND435-v1-stool_S151_L001_R2_001.fastq.gz				
